ID,Duration,Role,Age_Group,Delivery_Type,Area_Type,Usage_Exp,Work_Hours,Inconvenience_M,Feature_Importance_M,Loc_Preference,Scheme_Choice,PU_Efficiency,PU_Safety,PU_Value,PEOU_Search,Attention_Check,PEOU_Process,PEOU_Habit,BI_Usage,BI_Recommend,Cost_Bearing_M,Pay_Willingness,Ad_Acceptance,Rider_Concern_Open,Career_Duration,Monthly_Income,Scale_Variance,Suspicion_Score
4,208,外卖骑手,18-24岁,众包,住宅区/社区为主,是，偶尔用,少于4小时,"找不到合适地方休息,饮水不便,手机/电瓶车充电难","应急庇护,基础休憩",闲置核酸亭/集装箱改造,A（高频便利型）,4.0,3.0,4.0,4.0,1.0,4.0,4.0,3.0,4.0,"完全由政府出资,广告收入",不太愿意,5.0,,不到6个月,5000元以下,0.21428571428571427,0
5,596,外卖骑手,25-30岁,专送,住宅区/社区为主,知道，但从没用过,8-12小时,手机/电瓶车充电难,"基础休憩,应急庇护",社区便利店/超市内,C（弹性流动型）,4.0,5.0,5.0,5.0,1.0,5.0,5.0,4.0,4.0,"由外卖平台承担,向骑手收取少量费用",视情况而定,1.0,,6个月-1年,12000元以上,0.26785714285714285,0
8,429,外卖骑手,18-24岁,众包,混合区域,知道，但从没用过,超过12小时,上厕所不便,"便利服务,基础休憩",社区便利店/超市内,A（高频便利型）,2.0,3.0,4.0,4.0,1.0,5.0,4.0,4.0,4.0,"由外卖平台承担,广告收入",愿意支付,3.0,,1-3年,8000-12000元,0.7857142857142857,0
11,927,外卖骑手,18-24岁,众包,商业区/写字楼为主,知道，但从没用过,少于4小时,"身体疲劳无处缓解,饮水不便,手机/电瓶车充电难","应急庇护,便利服务",小区出入口/门卫室附近,A（高频便利型）,3.0,4.0,3.0,3.0,1.0,4.0,4.0,3.0,4.0,"由外卖平台承担,向骑手收取少量费用",不太愿意,4.0,,不到6个月,5000元以下,0.2857142857142857,0
15,369,外卖骑手,18-24岁,众包,混合区域,是，偶尔用,4-8小时,"上厕所不便,找不到合适地方休息,饮水不便","应急庇护,基础休憩",闲置核酸亭/集装箱改造,A（高频便利型）,3.0,3.0,3.0,3.0,1.0,3.0,3.0,2.0,3.0,"由外卖平台承担,向骑手收取少量费用",完全不愿意,2.0,,不到6个月,5000-8000元,0.125,0
16,207,外卖骑手,25-30岁,专送,混合区域,知道，但从没用过,4-8小时,"饮水不便,身体疲劳无处缓解,找不到合适地方休息","基础休憩,应急庇护",小区出入口/门卫室附近,A（高频便利型）,4.0,4.0,5.0,4.0,1.0,4.0,5.0,4.0,4.0,"由外卖平台承担,广告收入",视情况而定,4.0,,6个月-1年,5000-8000元,0.21428571428571427,0
20,323,外卖骑手,18-24岁,众包,商业区/写字楼为主,完全不知道,少于4小时,"找不到合适地方休息,身体疲劳无处缓解,饮水不便","充足的电瓶车停车位,便利服务",社区便利店/超市内,A（高频便利型）,3.0,4.0,4.0,3.0,1.0,3.0,4.0,4.0,4.0,"向骑手收取少量费用,广告收入",愿意支付,2.0,,不到6个月,5000元以下,0.26785714285714285,0
22,952,外卖骑手,18-24岁,众包,商业区/写字楼为主,是，经常用,超过12小时,"手机/电瓶车充电难,找不到合适地方休息","应急庇护,充电续航",社区便利店/超市内,A（高频便利型）,3.0,2.0,3.0,3.0,1.0,3.0,2.0,3.0,2.0,"广告收入,完全由政府出资",视情况而定,4.0,,不到6个月,8000-12000元,0.26785714285714285,0
23,449,外卖骑手,18-24岁,专送,住宅区/社区为主,知道，但从没用过,8-12小时,"饮水不便,找不到合适地方休息","应急庇护,基础休憩",社区便利店/超市内,A（高频便利型）,3.0,4.0,4.0,3.0,1.0,3.0,4.0,4.0,3.0,"广告收入,向骑手收取少量费用",完全不愿意,3.0,,不到6个月,8000-12000元,0.2857142857142857,0
24,353,外卖骑手,18-24岁,众包,住宅区/社区为主,完全不知道,4-8小时,找不到合适地方休息,"充电续航,充足的电瓶车停车位",小区出入口/门卫室附近,A（高频便利型）,3.0,3.0,3.0,4.0,1.0,4.0,4.0,4.0,3.0,"完全由政府出资,向骑手收取少量费用",不太愿意,4.0,,1-3年,5000-8000元,0.2857142857142857,0
25,393,外卖骑手,18-24岁,众包,混合区域,知道，但从没用过,8-12小时,身体疲劳无处缓解,"便利服务,应急庇护",社区便利店/超市内,B（综合保障型）,4.0,5.0,4.0,4.0,1.0,4.0,4.0,4.0,4.0,"由外卖平台承担,完全由政府出资",愿意支付,4.0,,6个月-1年,8000-12000元,0.125,0
32,184,外卖骑手,41岁及以上,专送,住宅区/社区为主,是，偶尔用,8-12小时,"找不到合适地方休息,手机/电瓶车充电难,饮水不便","应急庇护,便利服务",闲置核酸亭/集装箱改造,A（高频便利型）,4.0,4.0,3.0,5.0,1.0,4.0,5.0,5.0,4.0,"完全由政府出资,由外卖平台承担",不太愿意,4.0,,不到6个月,12000元以上,0.5,0
36,193,外卖骑手,25-30岁,专送,混合区域,完全不知道,4-8小时,"找不到合适地方休息,身体疲劳无处缓解","充电续航,应急庇护",社区便利店/超市内,A（高频便利型）,3.0,4.0,4.0,3.0,1.0,3.0,4.0,4.0,3.0,"由外卖平台承担,向骑手收取少量费用",不太愿意,3.0,,不到6个月,5000-8000元,0.2857142857142857,0
37,263,外卖骑手,18-24岁,众包,商业区/写字楼为主,是，经常用,4-8小时,"上厕所不便,饮水不便","便利服务,基础休憩",社区党群服务中心,B（综合保障型）,4.0,5.0,4.0,5.0,1.0,5.0,5.0,5.0,4.0,"由外卖平台承担,广告收入",视情况而定,4.0,,不到6个月,12000元以上,0.26785714285714285,1
39,375,外卖骑手,25-30岁,众包,混合区域,是，经常用,4-8小时,"手机/电瓶车充电难,身体疲劳无处缓解,饮水不便","基础休憩,应急庇护",社区便利店/超市内,A（高频便利型）,3.0,3.0,4.0,3.0,1.0,3.0,4.0,3.0,3.0,"完全由政府出资,向骑手收取少量费用",不太愿意,1.0,,1-3年,5000-8000元,0.21428571428571427,0
42,1336,外卖骑手,25-30岁,众包,商业区/写字楼为主,知道，但从没用过,少于4小时,"上厕所不便,手机/电瓶车充电难","基础休憩,应急庇护",闲置核酸亭/集装箱改造,B（综合保障型）,3.0,3.0,3.0,4.0,1.0,4.0,4.0,3.0,3.0,"广告收入,由外卖平台承担",愿意支付,3.0,,不到6个月,5000元以下,0.26785714285714285,0
43,410,外卖骑手,18-24岁,众包,住宅区/社区为主,是，偶尔用,超过12小时,"饮水不便,找不到合适地方休息,上厕所不便","应急庇护,充足的电瓶车停车位",社区便利店/超市内,A（高频便利型）,4.0,4.0,4.0,5.0,1.0,4.0,4.0,4.0,4.0,"由外卖平台承担,向骑手收取少量费用",视情况而定,4.0,,1-3年,12000元以上,0.125,0
49,395,外卖骑手,25-30岁,众包,混合区域,是，偶尔用,8-12小时,"上厕所不便,手机/电瓶车充电难","充足的电瓶车停车位,充电续航",社区便利店/超市内,A（高频便利型）,4.0,5.0,4.0,4.0,1.0,4.0,4.0,5.0,5.0,"完全由政府出资,由外卖平台承担",完全不愿意,2.0,,1-3年,8000-12000元,0.26785714285714285,0
50,376,外卖骑手,25-30岁,专送,商业区/写字楼为主,是，经常用,超过12小时,"手机/电瓶车充电难,找不到合适地方休息,饮水不便","充足的电瓶车停车位,充电续航",社区便利店/超市内,B（综合保障型）,5.0,5.0,5.0,5.0,1.0,4.0,5.0,5.0,4.0,"完全由政府出资,向骑手收取少量费用",不太愿意,1.0,,3年以上,8000-12000元,0.21428571428571427,0
58,401,外卖骑手,18-24岁,专送,商业区/写字楼为主,是，偶尔用,8-12小时,"身体疲劳无处缓解,手机/电瓶车充电难,饮水不便","应急庇护,充电续航",小区出入口/门卫室附近,B（综合保障型）,3.0,4.0,4.0,3.0,1.0,4.0,3.0,4.0,3.0,"向骑手收取少量费用,由外卖平台承担",视情况而定,3.0,,6个月-1年,8000-12000元,0.2857142857142857,0
59,361,外卖骑手,18-24岁,众包,混合区域,是，偶尔用,8-12小时,"手机/电瓶车充电难,身体疲劳无处缓解,上厕所不便","应急庇护,充电续航",社区便利店/超市内,B（综合保障型）,3.0,3.0,2.0,3.0,1.0,2.0,2.0,3.0,2.0,"完全由政府出资,由外卖平台承担",视情况而定,1.0,,6个月-1年,5000-8000元,0.2857142857142857,0
61,1455,外卖骑手,31-40岁,众包,住宅区/社区为主,是，偶尔用,8-12小时,饮水不便,"基础休憩,充足的电瓶车停车位",社区便利店/超市内,C（弹性流动型）,4.0,5.0,4.0,5.0,1.0,5.0,5.0,5.0,5.0,"向骑手收取少量费用,由外卖平台承担",完全不愿意,1.0,,6个月-1年,12000元以上,0.21428571428571427,0
63,354,外卖骑手,25-30岁,众包,住宅区/社区为主,知道，但从没用过,4-8小时,上厕所不便,"基础休憩,充电续航",小区出入口/门卫室附近,A（高频便利型）,4.0,4.0,4.0,4.0,1.0,5.0,5.0,4.0,3.0,"向骑手收取少量费用,广告收入",不太愿意,2.0,,1-3年,8000-12000元,0.4107142857142857,0
64,1173,外卖骑手,18-24岁,专送,住宅区/社区为主,是，经常用,少于4小时,"饮水不便,手机/电瓶车充电难","便利服务,应急庇护",社区便利店/超市内,A（高频便利型）,4.0,4.0,4.0,3.0,1.0,3.0,4.0,3.0,3.0,"由外卖平台承担,完全由政府出资",不太愿意,4.0,,不到6个月,5000-8000元,0.2857142857142857,1
65,157,外卖骑手,25-30岁,众包,商业区/写字楼为主,是，偶尔用,8-12小时,"身体疲劳无处缓解,上厕所不便","充电续航,便利服务",小区出入口/门卫室附近,A（高频便利型）,4.0,4.0,4.0,4.0,1.0,5.0,5.0,4.0,5.0,"由外卖平台承担,向骑手收取少量费用",完全不愿意,1.0,,6个月-1年,5000-8000元,0.26785714285714285,0
66,338,外卖骑手,25-30岁,专送,混合区域,知道，但从没用过,4-8小时,饮水不便,"充足的电瓶车停车位,便利服务",闲置核酸亭/集装箱改造,A（高频便利型）,3.0,2.0,3.0,3.0,1.0,2.0,4.0,3.0,3.0,"广告收入,由外卖平台承担",愿意支付,3.0,,6个月-1年,5000元以下,0.4107142857142857,0
75,227,外卖骑手,25-30岁,众包,混合区域,是，偶尔用,4-8小时,"身体疲劳无处缓解,上厕所不便","充足的电瓶车停车位,应急庇护",小区出入口/门卫室附近,B（综合保障型）,4.0,3.0,3.0,4.0,1.0,4.0,3.0,3.0,4.0,"向骑手收取少量费用,完全由政府出资",视情况而定,3.0,,6个月-1年,12000元以上,0.2857142857142857,1
76,617,外卖骑手,25-30岁,众包,商业区/写字楼为主,知道，但从没用过,少于4小时,饮水不便,"应急庇护,便利服务",社区便利店/超市内,A（高频便利型）,3.0,3.0,4.0,3.0,1.0,4.0,4.0,3.0,4.0,"由外卖平台承担,向骑手收取少量费用",视情况而定,3.0,,1-3年,5000-8000元,0.2857142857142857,1
78,633,外卖骑手,41岁及以上,众包,住宅区/社区为主,是，偶尔用,4-8小时,"饮水不便,身体疲劳无处缓解,上厕所不便","充足的电瓶车停车位,便利服务",社区便利店/超市内,C（弹性流动型）,3.0,3.0,2.0,2.0,1.0,2.0,3.0,3.0,4.0,"完全由政府出资,由外卖平台承担",完全不愿意,5.0,,不到6个月,5000元以下,0.5,0
79,540,外卖骑手,25-30岁,众包,混合区域,知道，但从没用过,8-12小时,"身体疲劳无处缓解,找不到合适地方休息","基础休憩,便利服务",社区便利店/超市内,A（高频便利型）,4.0,4.0,4.0,4.0,1.0,4.0,4.0,3.0,4.0,"广告收入,向骑手收取少量费用",愿意支付,1.0,,不到6个月,5000-8000元,0.125,0
81,267,外卖骑手,25-30岁,众包,商业区/写字楼为主,知道，但从没用过,8-12小时,"上厕所不便,找不到合适地方休息,饮水不便","便利服务,充电续航",闲置核酸亭/集装箱改造,A（高频便利型）,5.0,4.0,5.0,4.0,1.0,5.0,4.0,4.0,5.0,"由外卖平台承担,向骑手收取少量费用",视情况而定,5.0,,不到6个月,12000元以上,0.2857142857142857,0
85,553,外卖骑手,18-24岁,众包,混合区域,是，偶尔用,少于4小时,"饮水不便,手机/电瓶车充电难,身体疲劳无处缓解","应急庇护,充电续航",社区便利店/超市内,C（弹性流动型）,5.0,4.0,4.0,3.0,1.0,3.0,3.0,3.0,4.0,"由外卖平台承担,广告收入",完全不愿意,2.0,,1-3年,5000-8000元,0.5535714285714286,1
88,175,外卖骑手,18-24岁,众包,混合区域,完全不知道,超过12小时,"手机/电瓶车充电难,身体疲劳无处缓解","充电续航,基础休憩",小区出入口/门卫室附近,A（高频便利型）,3.0,3.0,3.0,3.0,1.0,3.0,3.0,2.0,3.0,"向骑手收取少量费用,完全由政府出资",完全不愿意,3.0,,6个月-1年,8000-12000元,0.125,0
91,597,外卖骑手,25-30岁,专送,混合区域,知道，但从没用过,4-8小时,"身体疲劳无处缓解,找不到合适地方休息","应急庇护,便利服务",社区党群服务中心,A（高频便利型）,4.0,5.0,4.0,4.0,1.0,3.0,3.0,3.0,4.0,"向骑手收取少量费用,完全由政府出资",完全不愿意,3.0,,不到6个月,5000元以下,0.5,0
92,471,外卖骑手,18-24岁,众包,商业区/写字楼为主,是，经常用,超过12小时,上厕所不便,"充电续航,应急庇护",闲置核酸亭/集装箱改造,A（高频便利型）,2.0,3.0,3.0,3.0,1.0,3.0,4.0,2.0,2.0,"广告收入,完全由政府出资",完全不愿意,2.0,,不到6个月,8000-12000元,0.5,0
94,674,外卖骑手,18-24岁,众包,混合区域,知道，但从没用过,超过12小时,"手机/电瓶车充电难,饮水不便","应急庇护,充电续航",社区便利店/超市内,A（高频便利型）,4.0,4.0,5.0,3.0,1.0,4.0,4.0,5.0,5.0,"完全由政府出资,由外卖平台承担",完全不愿意,3.0,,6个月-1年,8000-12000元,0.5,0
95,312,外卖骑手,18-24岁,众包,住宅区/社区为主,是，偶尔用,8-12小时,手机/电瓶车充电难,"应急庇护,充足的电瓶车停车位",社区便利店/超市内,A（高频便利型）,4.0,4.0,4.0,4.0,1.0,4.0,5.0,4.0,4.0,"由外卖平台承担,广告收入",不太愿意,2.0,,不到6个月,8000-12000元,0.125,0
96,194,外卖骑手,25-30岁,众包,混合区域,是，偶尔用,8-12小时,"饮水不便,身体疲劳无处缓解,找不到合适地方休息","充电续航,应急庇护",闲置核酸亭/集装箱改造,C（弹性流动型）,3.0,4.0,4.0,3.0,1.0,4.0,3.0,4.0,3.0,"完全由政府出资,由外卖平台承担",不太愿意,4.0,,不到6个月,8000-12000元,0.2857142857142857,0
97,234,外卖骑手,25-30岁,众包,商业区/写字楼为主,知道，但从没用过,少于4小时,"找不到合适地方休息,上厕所不便,手机/电瓶车充电难","便利服务,充电续航",闲置核酸亭/集装箱改造,A（高频便利型）,4.0,4.0,3.0,4.0,1.0,4.0,4.0,4.0,5.0,"广告收入,完全由政府出资",视情况而定,2.0,,不到6个月,5000-8000元,0.2857142857142857,1
104,469,外卖骑手,25-30岁,众包,混合区域,是，偶尔用,8-12小时,身体疲劳无处缓解,"充电续航,应急庇护",社区便利店/超市内,B（综合保障型）,4.0,4.0,3.0,4.0,1.0,5.0,4.0,4.0,3.0,"广告收入,完全由政府出资",视情况而定,2.0,,不到6个月,5000-8000元,0.4107142857142857,0
105,413,外卖骑手,31-40岁,众包,住宅区/社区为主,是，经常用,超过12小时,"手机/电瓶车充电难,身体疲劳无处缓解","应急庇护,充足的电瓶车停车位",社区便利店/超市内,A（高频便利型）,4.0,4.0,4.0,5.0,1.0,5.0,5.0,5.0,4.0,"向骑手收取少量费用,完全由政府出资",视情况而定,2.0,,6个月-1年,12000元以上,0.2857142857142857,0
108,290,外卖骑手,31-40岁,众包,住宅区/社区为主,知道，但从没用过,8-12小时,"身体疲劳无处缓解,找不到合适地方休息,手机/电瓶车充电难","充电续航,便利服务",社区便利店/超市内,B（综合保障型）,2.0,3.0,2.0,2.0,1.0,3.0,3.0,4.0,3.0,"向骑手收取少量费用,完全由政府出资",不太愿意,2.0,,1-3年,5000-8000元,0.5,0
112,491,外卖骑手,25-30岁,众包,商业区/写字楼为主,是，经常用,8-12小时,"手机/电瓶车充电难,身体疲劳无处缓解,上厕所不便","应急庇护,便利服务",社区便利店/超市内,B（综合保障型）,4.0,3.0,4.0,4.0,1.0,3.0,4.0,4.0,3.0,"向骑手收取少量费用,广告收入",愿意支付,4.0,,3年以上,5000-8000元,0.26785714285714285,0
120,808,外卖骑手,25-30岁,专送,住宅区/社区为主,完全不知道,4-8小时,"找不到合适地方休息,身体疲劳无处缓解,饮水不便","应急庇护,充电续航",社区便利店/超市内,A（高频便利型）,4.0,4.0,5.0,4.0,1.0,4.0,5.0,4.0,4.0,"广告收入,向骑手收取少量费用",愿意支付,1.0,,不到6个月,5000-8000元,0.21428571428571427,0
121,927,外卖骑手,25-30岁,专送,住宅区/社区为主,是，经常用,4-8小时,"找不到合适地方休息,饮水不便,身体疲劳无处缓解","便利服务,应急庇护",社区便利店/超市内,A（高频便利型）,4.0,5.0,3.0,4.0,1.0,4.0,4.0,4.0,4.0,"向骑手收取少量费用,由外卖平台承担",愿意支付,4.0,,不到6个月,5000-8000元,0.2857142857142857,0
122,233,外卖骑手,31-40岁,众包,商业区/写字楼为主,是，经常用,少于4小时,手机/电瓶车充电难,"充电续航,应急庇护",社区便利店/超市内,A（高频便利型）,3.0,3.0,3.0,3.0,1.0,3.0,3.0,3.0,4.0,"完全由政府出资,广告收入",完全不愿意,2.0,,1-3年,5000元以下,0.125,0
124,427,外卖骑手,18-24岁,专送,住宅区/社区为主,完全不知道,4-8小时,身体疲劳无处缓解,"充电续航,应急庇护",小区出入口/门卫室附近,A（高频便利型）,4.0,4.0,4.0,3.0,1.0,4.0,4.0,4.0,3.0,"向骑手收取少量费用,广告收入",完全不愿意,4.0,,6个月-1年,8000-12000元,0.21428571428571427,0
129,176,外卖骑手,25-30岁,众包,住宅区/社区为主,完全不知道,8-12小时,找不到合适地方休息,"基础休憩,应急庇护",社区便利店/超市内,B（综合保障型）,4.0,3.0,4.0,5.0,1.0,4.0,4.0,4.0,4.0,"向骑手收取少量费用,广告收入",愿意支付,1.0,,6个月-1年,8000-12000元,0.2857142857142857,0
130,485,外卖骑手,18-24岁,众包,商业区/写字楼为主,是，经常用,8-12小时,身体疲劳无处缓解,"基础休憩,充足的电瓶车停车位",小区出入口/门卫室附近,A（高频便利型）,4.0,4.0,4.0,4.0,1.0,4.0,5.0,5.0,4.0,"完全由政府出资,广告收入",视情况而定,3.0,,6个月-1年,8000-12000元,0.21428571428571427,0
131,259,外卖骑手,41岁及以上,专送,商业区/写字楼为主,是，偶尔用,少于4小时,"找不到合适地方休息,身体疲劳无处缓解,饮水不便","便利服务,基础休憩",小区出入口/门卫室附近,A（高频便利型）,4.0,4.0,5.0,3.0,1.0,4.0,5.0,3.0,4.0,"广告收入,向骑手收取少量费用",完全不愿意,5.0,,不到6个月,5000-8000元,0.5714285714285714,1
139,547,外卖骑手,31-40岁,众包,混合区域,是，经常用,4-8小时,"饮水不便,手机/电瓶车充电难,找不到合适地方休息","充电续航,便利服务",社区便利店/超市内,B（综合保障型）,5.0,5.0,5.0,5.0,1.0,5.0,5.0,4.0,4.0,"广告收入,完全由政府出资",不太愿意,1.0,,6个月-1年,12000元以上,0.21428571428571427,1
140,519,外卖骑手,25-30岁,众包,混合区域,知道，但从没用过,超过12小时,"找不到合适地方休息,手机/电瓶车充电难,上厕所不便","充足的电瓶车停车位,充电续航",社区便利店/超市内,A（高频便利型）,4.0,4.0,3.0,3.0,1.0,4.0,4.0,3.0,3.0,"完全由政府出资,由外卖平台承担",完全不愿意,2.0,,1-3年,5000-8000元,0.2857142857142857,0
141,926,外卖骑手,25-30岁,众包,商业区/写字楼为主,知道，但从没用过,8-12小时,"上厕所不便,找不到合适地方休息","基础休憩,充足的电瓶车停车位",社区便利店/超市内,A（高频便利型）,4.0,4.0,4.0,4.0,1.0,4.0,4.0,3.0,4.0,"由外卖平台承担,完全由政府出资",视情况而定,3.0,,1-3年,5000-8000元,0.125,0
144,342,外卖骑手,25-30岁,众包,住宅区/社区为主,是，经常用,8-12小时,手机/电瓶车充电难,"便利服务,充足的电瓶车停车位",社区便利店/超市内,A（高频便利型）,3.0,3.0,4.0,2.0,1.0,3.0,3.0,3.0,3.0,"由外卖平台承担,广告收入",完全不愿意,2.0,,6个月-1年,5000-8000元,0.2857142857142857,0
146,318,外卖骑手,41岁及以上,众包,住宅区/社区为主,完全不知道,4-8小时,手机/电瓶车充电难,"应急庇护,充足的电瓶车停车位",社区便利店/超市内,A（高频便利型）,4.0,4.0,4.0,4.0,1.0,4.0,5.0,3.0,4.0,"由外卖平台承担,向骑手收取少量费用",完全不愿意,4.0,,不到6个月,5000元以下,0.2857142857142857,0
150,267,外卖骑手,41岁及以上,众包,住宅区/社区为主,完全不知道,8-12小时,"上厕所不便,身体疲劳无处缓解,找不到合适地方休息","基础休憩,便利服务",社区便利店/超市内,B（综合保障型）,3.0,4.0,4.0,4.0,1.0,4.0,4.0,3.0,4.0,"由外卖平台承担,向骑手收取少量费用",完全不愿意,4.0,,不到6个月,12000元以上,0.21428571428571427,0
155,413,外卖骑手,25-30岁,众包,住宅区/社区为主,是，经常用,超过12小时,"身体疲劳无处缓解,饮水不便","充电续航,便利服务",社区便利店/超市内,A（高频便利型）,3.0,3.0,3.0,4.0,1.0,3.0,4.0,3.0,4.0,"广告收入,向骑手收取少量费用",完全不愿意,3.0,,不到6个月,5000元以下,0.26785714285714285,2
159,249,外卖骑手,41岁及以上,众包,商业区/写字楼为主,是，偶尔用,超过12小时,"手机/电瓶车充电难,身体疲劳无处缓解,饮水不便","基础休憩,应急庇护",社区便利店/超市内,A（高频便利型）,4.0,4.0,4.0,4.0,1.0,4.0,4.0,4.0,3.0,"完全由政府出资,由外卖平台承担",不太愿意,3.0,,6个月-1年,5000-8000元,0.125,0
160,197,外卖骑手,31-40岁,众包,住宅区/社区为主,知道，但从没用过,超过12小时,饮水不便,"便利服务,充电续航",社区便利店/超市内,A（高频便利型）,5.0,5.0,4.0,5.0,1.0,5.0,4.0,4.0,4.0,"由外卖平台承担,完全由政府出资",视情况而定,3.0,,6个月-1年,8000-12000元,0.2857142857142857,0
167,207,外卖骑手,25-30岁,众包,住宅区/社区为主,知道，但从没用过,8-12小时,"身体疲劳无处缓解,找不到合适地方休息,上厕所不便","便利服务,充足的电瓶车停车位",社区便利店/超市内,A（高频便利型）,4.0,3.0,4.0,3.0,1.0,3.0,3.0,3.0,4.0,"完全由政府出资,向骑手收取少量费用",视情况而定,4.0,,1-3年,12000元以上,0.26785714285714285,0
171,369,外卖骑手,41岁及以上,众包,住宅区/社区为主,知道，但从没用过,4-8小时,"上厕所不便,身体疲劳无处缓解","便利服务,基础休憩",社区便利店/超市内,A（高频便利型）,4.0,4.0,3.0,4.0,1.0,4.0,5.0,5.0,5.0,"完全由政府出资,广告收入",愿意支付,5.0,,6个月-1年,8000-12000元,0.5,0
175,320,外卖骑手,31-40岁,众包,混合区域,完全不知道,少于4小时,"手机/电瓶车充电难,上厕所不便","基础休憩,充电续航",社区便利店/超市内,A（高频便利型）,4.0,4.0,4.0,4.0,1.0,3.0,4.0,3.0,4.0,"向骑手收取少量费用,广告收入",完全不愿意,5.0,,3年以上,5000元以下,0.21428571428571427,0
177,226,外卖骑手,25-30岁,众包,商业区/写字楼为主,完全不知道,8-12小时,"找不到合适地方休息,身体疲劳无处缓解,饮水不便","应急庇护,基础休憩",社区党群服务中心,B（综合保障型）,4.0,4.0,5.0,5.0,1.0,5.0,5.0,5.0,5.0,"完全由政府出资,广告收入",愿意支付,3.0,,1-3年,8000-12000元,0.21428571428571427,0
178,545,外卖骑手,25-30岁,专送,商业区/写字楼为主,是，经常用,超过12小时,"找不到合适地方休息,手机/电瓶车充电难,身体疲劳无处缓解","充足的电瓶车停车位,基础休憩",闲置核酸亭/集装箱改造,B（综合保障型）,2.0,2.0,2.0,2.0,1.0,3.0,2.0,3.0,2.0,"完全由政府出资,广告收入",不太愿意,3.0,,3年以上,5000-8000元,0.21428571428571427,0
180,200,外卖骑手,31-40岁,专送,住宅区/社区为主,完全不知道,4-8小时,"上厕所不便,找不到合适地方休息,身体疲劳无处缓解","充电续航,便利服务",社区便利店/超市内,B（综合保障型）,4.0,4.0,5.0,5.0,1.0,4.0,5.0,4.0,4.0,"向骑手收取少量费用,由外卖平台承担",完全不愿意,3.0,,1-3年,5000元以下,0.26785714285714285,0
182,246,外卖骑手,31-40岁,专送,商业区/写字楼为主,知道，但从没用过,8-12小时,身体疲劳无处缓解,"基础休憩,应急庇护",社区便利店/超市内,A（高频便利型）,5.0,4.0,4.0,5.0,1.0,5.0,5.0,3.0,4.0,"完全由政府出资,由外卖平台承担",愿意支付,2.0,,不到6个月,8000-12000元,0.5535714285714286,0
185,302,外卖骑手,18-24岁,专送,商业区/写字楼为主,是，经常用,4-8小时,"饮水不便,上厕所不便","充足的电瓶车停车位,基础休憩",社区便利店/超市内,B（综合保障型）,4.0,5.0,5.0,5.0,1.0,5.0,4.0,5.0,4.0,"向骑手收取少量费用,完全由政府出资",不太愿意,1.0,,1-3年,5000-8000元,0.26785714285714285,0
191,228,外卖骑手,18-24岁,众包,混合区域,是，偶尔用,4-8小时,"身体疲劳无处缓解,上厕所不便,饮水不便","便利服务,充足的电瓶车停车位",社区便利店/超市内,A（高频便利型）,3.0,3.0,4.0,4.0,1.0,3.0,3.0,3.0,3.0,"由外卖平台承担,广告收入",愿意支付,3.0,,不到6个月,12000元以上,0.21428571428571427,1
192,442,外卖骑手,18-24岁,众包,住宅区/社区为主,知道，但从没用过,超过12小时,手机/电瓶车充电难,"充电续航,基础休憩",小区出入口/门卫室附近,C（弹性流动型）,5.0,4.0,4.0,5.0,1.0,5.0,4.0,5.0,5.0,"向骑手收取少量费用,广告收入",不太愿意,5.0,,不到6个月,8000-12000元,0.26785714285714285,0
193,440,外卖骑手,18-24岁,众包,住宅区/社区为主,完全不知道,4-8小时,"身体疲劳无处缓解,上厕所不便","应急庇护,充电续航",小区出入口/门卫室附近,A（高频便利型）,4.0,4.0,4.0,3.0,1.0,3.0,4.0,3.0,4.0,"完全由政府出资,向骑手收取少量费用",视情况而定,4.0,,不到6个月,5000元以下,0.26785714285714285,0
203,274,外卖骑手,18-24岁,众包,混合区域,是，经常用,8-12小时,"找不到合适地方休息,身体疲劳无处缓解,手机/电瓶车充电难","便利服务,充足的电瓶车停车位",小区出入口/门卫室附近,A（高频便利型）,4.0,3.0,3.0,3.0,1.0,3.0,3.0,4.0,4.0,"由外卖平台承担,广告收入",完全不愿意,3.0,,不到6个月,5000-8000元,0.26785714285714285,0
205,643,外卖骑手,31-40岁,专送,商业区/写字楼为主,知道，但从没用过,4-8小时,"手机/电瓶车充电难,找不到合适地方休息","便利服务,应急庇护",闲置核酸亭/集装箱改造,A（高频便利型）,3.0,3.0,3.0,3.0,1.0,3.0,4.0,3.0,4.0,"广告收入,向骑手收取少量费用",愿意支付,4.0,,6个月-1年,5000元以下,0.21428571428571427,0
209,267,外卖骑手,18-24岁,众包,住宅区/社区为主,是，偶尔用,4-8小时,饮水不便,"应急庇护,充电续航",社区便利店/超市内,A（高频便利型）,4.0,3.0,4.0,4.0,1.0,4.0,4.0,4.0,4.0,"广告收入,完全由政府出资",不太愿意,5.0,,1-3年,12000元以上,0.125,1
211,177,外卖骑手,25-30岁,专送,混合区域,知道，但从没用过,超过12小时,饮水不便,"便利服务,基础休憩",社区便利店/超市内,A（高频便利型）,4.0,4.0,4.0,3.0,1.0,3.0,5.0,3.0,4.0,"广告收入,向骑手收取少量费用",视情况而定,3.0,,不到6个月,5000-8000元,0.5,0
216,223,外卖骑手,25-30岁,专送,混合区域,完全不知道,超过12小时,"手机/电瓶车充电难,上厕所不便","基础休憩,充足的电瓶车停车位",社区便利店/超市内,C（弹性流动型）,3.0,3.0,3.0,3.0,1.0,3.0,3.0,3.0,2.0,"完全由政府出资,向骑手收取少量费用",视情况而定,3.0,,6个月-1年,5000-8000元,0.125,0
217,878,外卖骑手,25-30岁,专送,商业区/写字楼为主,是，经常用,4-8小时,"饮水不便,身体疲劳无处缓解","应急庇护,便利服务",小区出入口/门卫室附近,C（弹性流动型）,4.0,3.0,4.0,3.0,1.0,4.0,4.0,3.0,3.0,"由外卖平台承担,广告收入",愿意支付,1.0,,1-3年,12000元以上,0.2857142857142857,1
218,410,外卖骑手,18-24岁,众包,商业区/写字楼为主,是，经常用,超过12小时,"饮水不便,手机/电瓶车充电难,身体疲劳无处缓解","便利服务,应急庇护",社区便利店/超市内,A（高频便利型）,2.0,3.0,2.0,2.0,1.0,3.0,2.0,2.0,2.0,"向骑手收取少量费用,由外卖平台承担",完全不愿意,3.0,,6个月-1年,5000-8000元,0.21428571428571427,0
219,387,外卖骑手,25-30岁,众包,商业区/写字楼为主,是，偶尔用,4-8小时,找不到合适地方休息,"基础休憩,充电续航",闲置核酸亭/集装箱改造,A（高频便利型）,4.0,5.0,4.0,4.0,1.0,4.0,4.0,3.0,3.0,"广告收入,向骑手收取少量费用",完全不愿意,4.0,,1-3年,5000元以下,0.4107142857142857,0
220,273,外卖骑手,31-40岁,众包,商业区/写字楼为主,是，偶尔用,4-8小时,"身体疲劳无处缓解,饮水不便,找不到合适地方休息","便利服务,基础休憩",社区便利店/超市内,A（高频便利型）,4.0,4.0,3.0,3.0,1.0,3.0,3.0,3.0,3.0,"向骑手收取少量费用,广告收入",完全不愿意,2.0,,3年以上,8000-12000元,0.21428571428571427,0
225,240,外卖骑手,25-30岁,专送,混合区域,是，偶尔用,8-12小时,身体疲劳无处缓解,"充电续航,基础休憩",闲置核酸亭/集装箱改造,A（高频便利型）,4.0,4.0,5.0,3.0,1.0,4.0,4.0,4.0,5.0,"完全由政府出资,由外卖平台承担",不太愿意,2.0,,不到6个月,12000元以上,0.4107142857142857,0
230,393,外卖骑手,18-24岁,众包,住宅区/社区为主,是，偶尔用,4-8小时,"找不到合适地方休息,手机/电瓶车充电难","基础休憩,应急庇护",社区党群服务中心,A（高频便利型）,4.0,5.0,5.0,4.0,1.0,5.0,4.0,5.0,4.0,"广告收入,完全由政府出资",不太愿意,3.0,,不到6个月,8000-12000元,0.2857142857142857,0
232,808,外卖骑手,18-24岁,专送,混合区域,是，偶尔用,4-8小时,"手机/电瓶车充电难,身体疲劳无处缓解","应急庇护,充足的电瓶车停车位",社区便利店/超市内,C（弹性流动型）,3.0,2.0,3.0,4.0,1.0,4.0,3.0,3.0,3.0,"完全由政府出资,向骑手收取少量费用",不太愿意,3.0,,1-3年,8000-12000元,0.4107142857142857,0
234,220,外卖骑手,25-30岁,众包,商业区/写字楼为主,是，偶尔用,超过12小时,找不到合适地方休息,"充电续航,应急庇护",小区出入口/门卫室附近,C（弹性流动型）,3.0,2.0,2.0,2.0,1.0,3.0,2.0,2.0,2.0,"完全由政府出资,向骑手收取少量费用",视情况而定,3.0,,1-3年,5000-8000元,0.21428571428571427,0
236,560,外卖骑手,18-24岁,众包,住宅区/社区为主,完全不知道,8-12小时,找不到合适地方休息,"便利服务,应急庇护",小区出入口/门卫室附近,A（高频便利型）,5.0,5.0,5.0,4.0,1.0,4.0,5.0,3.0,4.0,"完全由政府出资,广告收入",完全不愿意,2.0,,6个月-1年,5000-8000元,0.5535714285714286,0
241,520,外卖骑手,25-30岁,众包,混合区域,知道，但从没用过,超过12小时,"饮水不便,手机/电瓶车充电难","基础休憩,便利服务",闲置核酸亭/集装箱改造,A（高频便利型）,4.0,3.0,4.0,4.0,1.0,5.0,4.0,4.0,3.0,"由外卖平台承担,向骑手收取少量费用",不太愿意,4.0,,不到6个月,12000元以上,0.4107142857142857,0
245,289,外卖骑手,31-40岁,专送,住宅区/社区为主,知道，但从没用过,8-12小时,"饮水不便,手机/电瓶车充电难","充电续航,便利服务",闲置核酸亭/集装箱改造,B（综合保障型）,4.0,4.0,4.0,5.0,1.0,4.0,4.0,4.0,4.0,"向骑手收取少量费用,广告收入",愿意支付,2.0,,不到6个月,8000-12000元,0.125,0
249,546,外卖骑手,18-24岁,众包,混合区域,知道，但从没用过,8-12小时,"找不到合适地方休息,饮水不便,上厕所不便","充电续航,应急庇护",社区便利店/超市内,A（高频便利型）,5.0,5.0,5.0,4.0,1.0,4.0,4.0,4.0,5.0,"向骑手收取少量费用,由外卖平台承担",愿意支付,2.0,,1-3年,8000-12000元,0.2857142857142857,0
251,687,外卖骑手,18-24岁,众包,混合区域,知道，但从没用过,4-8小时,"上厕所不便,身体疲劳无处缓解,手机/电瓶车充电难","充足的电瓶车停车位,应急庇护",社区便利店/超市内,B（综合保障型）,5.0,4.0,4.0,5.0,1.0,5.0,4.0,5.0,5.0,"由外卖平台承担,完全由政府出资",视情况而定,3.0,,6个月-1年,5000元以下,0.26785714285714285,0
254,296,外卖骑手,18-24岁,众包,混合区域,知道，但从没用过,8-12小时,"身体疲劳无处缓解,手机/电瓶车充电难","充电续航,基础休憩",社区便利店/超市内,A（高频便利型）,3.0,3.0,3.0,3.0,1.0,3.0,3.0,4.0,3.0,"向骑手收取少量费用,完全由政府出资",愿意支付,5.0,,6个月-1年,8000-12000元,0.125,0
255,373,外卖骑手,25-30岁,专送,住宅区/社区为主,是，偶尔用,8-12小时,"上厕所不便,手机/电瓶车充电难,饮水不便","便利服务,应急庇护",闲置核酸亭/集装箱改造,A（高频便利型）,3.0,3.0,3.0,4.0,1.0,4.0,4.0,4.0,3.0,"向骑手收取少量费用,完全由政府出资",视情况而定,4.0,,6个月-1年,8000-12000元,0.2857142857142857,0
258,564,外卖骑手,41岁及以上,众包,住宅区/社区为主,完全不知道,4-8小时,"身体疲劳无处缓解,饮水不便","充电续航,应急庇护",社区便利店/超市内,A（高频便利型）,3.0,3.0,3.0,4.0,1.0,4.0,3.0,3.0,3.0,"由外卖平台承担,广告收入",视情况而定,2.0,,不到6个月,5000元以下,0.21428571428571427,0
265,240,外卖骑手,25-30岁,众包,商业区/写字楼为主,知道，但从没用过,8-12小时,"身体疲劳无处缓解,手机/电瓶车充电难,饮水不便","应急庇护,便利服务",社区便利店/超市内,A（高频便利型）,5.0,4.0,5.0,4.0,1.0,5.0,5.0,4.0,5.0,"完全由政府出资,向骑手收取少量费用",视情况而定,1.0,,不到6个月,12000元以上,0.26785714285714285,0
266,240,外卖骑手,25-30岁,众包,商业区/写字楼为主,是，经常用,8-12小时,上厕所不便,"充足的电瓶车停车位,应急庇护",社区便利店/超市内,B（综合保障型）,4.0,4.0,4.0,4.0,1.0,5.0,4.0,4.0,4.0,"由外卖平台承担,向骑手收取少量费用",不太愿意,2.0,,1-3年,12000元以上,0.125,0
270,219,外卖骑手,18-24岁,众包,住宅区/社区为主,完全不知道,4-8小时,"饮水不便,手机/电瓶车充电难","充电续航,基础休憩",社区便利店/超市内,A（高频便利型）,3.0,4.0,3.0,3.0,1.0,3.0,3.0,3.0,3.0,"由外卖平台承担,广告收入",不太愿意,1.0,,不到6个月,8000-12000元,0.125,0
271,451,外卖骑手,25-30岁,专送,住宅区/社区为主,完全不知道,8-12小时,找不到合适地方休息,"基础休憩,便利服务",小区出入口/门卫室附近,C（弹性流动型）,5.0,5.0,5.0,5.0,1.0,5.0,4.0,4.0,4.0,"向骑手收取少量费用,广告收入",完全不愿意,3.0,,1-3年,8000-12000元,0.26785714285714285,0
276,562,外卖骑手,31-40岁,专送,混合区域,知道，但从没用过,超过12小时,"手机/电瓶车充电难,找不到合适地方休息","充电续航,充足的电瓶车停车位",社区便利店/超市内,A（高频便利型）,5.0,5.0,5.0,4.0,1.0,5.0,5.0,5.0,5.0,"完全由政府出资,由外卖平台承担",不太愿意,2.0,,不到6个月,12000元以上,0.125,0
277,301,外卖骑手,31-40岁,专送,住宅区/社区为主,完全不知道,4-8小时,"找不到合适地方休息,身体疲劳无处缓解,上厕所不便","充电续航,便利服务",社区便利店/超市内,A（高频便利型）,5.0,4.0,5.0,4.0,1.0,5.0,4.0,4.0,4.0,"广告收入,由外卖平台承担",不太愿意,4.0,,不到6个月,8000-12000元,0.26785714285714285,0
279,278,外卖骑手,25-30岁,众包,住宅区/社区为主,是，经常用,少于4小时,"饮水不便,身体疲劳无处缓解","基础休憩,充电续航",闲置核酸亭/集装箱改造,A（高频便利型）,2.0,3.0,3.0,4.0,1.0,4.0,3.0,3.0,4.0,"完全由政府出资,向骑手收取少量费用",视情况而定,3.0,,1-3年,5000-8000元,0.5,1
281,563,外卖骑手,18-24岁,众包,商业区/写字楼为主,是，偶尔用,8-12小时,"上厕所不便,手机/电瓶车充电难,找不到合适地方休息","充足的电瓶车停车位,充电续航",小区出入口/门卫室附近,A（高频便利型）,4.0,3.0,5.0,4.0,1.0,4.0,5.0,4.0,3.0,"由外卖平台承担,广告收入",完全不愿意,5.0,,不到6个月,12000元以上,0.5714285714285714,0
284,352,外卖骑手,25-30岁,众包,商业区/写字楼为主,完全不知道,超过12小时,手机/电瓶车充电难,"基础休憩,便利服务",闲置核酸亭/集装箱改造,C（弹性流动型）,5.0,5.0,4.0,5.0,1.0,4.0,5.0,4.0,3.0,"广告收入,由外卖平台承担",视情况而定,4.0,,不到6个月,12000元以上,0.5535714285714286,0
286,634,外卖骑手,31-40岁,专送,商业区/写字楼为主,知道，但从没用过,4-8小时,"找不到合适地方休息,饮水不便","应急庇护,充足的电瓶车停车位",闲置核酸亭/集装箱改造,B（综合保障型）,3.0,4.0,3.0,3.0,1.0,3.0,3.0,2.0,2.0,"广告收入,完全由政府出资",视情况而定,1.0,,不到6个月,5000-8000元,0.4107142857142857,0
289,773,外卖骑手,25-30岁,专送,商业区/写字楼为主,是，偶尔用,4-8小时,"找不到合适地方休息,身体疲劳无处缓解","应急庇护,充足的电瓶车停车位",小区出入口/门卫室附近,C（弹性流动型）,2.0,3.0,3.0,3.0,1.0,3.0,4.0,3.0,2.0,"向骑手收取少量费用,由外卖平台承担",不太愿意,2.0,,1-3年,8000-12000元,0.4107142857142857,0
292,465,外卖骑手,31-40岁,专送,住宅区/社区为主,是，偶尔用,少于4小时,身体疲劳无处缓解,"应急庇护,充足的电瓶车停车位",社区便利店/超市内,A（高频便利型）,2.0,3.0,2.0,3.0,1.0,3.0,2.0,3.0,3.0,"由外卖平台承担,广告收入",不太愿意,5.0,,6个月-1年,5000-8000元,0.26785714285714285,1
296,338,外卖骑手,25-30岁,专送,商业区/写字楼为主,知道，但从没用过,8-12小时,"饮水不便,手机/电瓶车充电难,找不到合适地方休息","充电续航,基础休憩",社区便利店/超市内,A（高频便利型）,4.0,4.0,4.0,5.0,1.0,4.0,4.0,4.0,3.0,"由外卖平台承担,向骑手收取少量费用",完全不愿意,2.0,,6个月-1年,12000元以上,0.2857142857142857,0
298,1014,外卖骑手,18-24岁,众包,商业区/写字楼为主,是，经常用,少于4小时,饮水不便,"便利服务,应急庇护",小区出入口/门卫室附近,A（高频便利型）,3.0,2.0,3.0,3.0,1.0,3.0,3.0,3.0,3.0,"由外卖平台承担,完全由政府出资",愿意支付,3.0,,不到6个月,5000-8000元,0.125,1
301,604,外卖骑手,25-30岁,众包,混合区域,是，经常用,少于4小时,"身体疲劳无处缓解,上厕所不便","应急庇护,充电续航",社区便利店/超市内,A（高频便利型）,4.0,4.0,4.0,3.0,1.0,4.0,4.0,3.0,4.0,"由外卖平台承担,向骑手收取少量费用",不太愿意,1.0,,不到6个月,5000元以下,0.21428571428571427,0
306,310,外卖骑手,31-40岁,专送,住宅区/社区为主,是，经常用,8-12小时,"上厕所不便,找不到合适地方休息,饮水不便","充电续航,应急庇护",社区便利店/超市内,C（弹性流动型）,4.0,4.0,3.0,5.0,1.0,4.0,5.0,4.0,4.0,"广告收入,由外卖平台承担",视情况而定,2.0,,6个月-1年,5000-8000元,0.4107142857142857,0
311,658,外卖骑手,18-24岁,众包,商业区/写字楼为主,知道，但从没用过,8-12小时,饮水不便,"基础休憩,应急庇护",小区出入口/门卫室附近,A（高频便利型）,2.0,3.0,2.0,2.0,1.0,3.0,3.0,3.0,3.0,"完全由政府出资,向骑手收取少量费用",完全不愿意,5.0,,3年以上,8000-12000元,0.26785714285714285,0
317,207,外卖骑手,18-24岁,众包,住宅区/社区为主,是，偶尔用,超过12小时,"饮水不便,身体疲劳无处缓解,上厕所不便","基础休憩,充电续航",社区党群服务中心,B（综合保障型）,4.0,5.0,4.0,4.0,1.0,5.0,4.0,5.0,4.0,"广告收入,完全由政府出资",视情况而定,4.0,,不到6个月,8000-12000元,0.26785714285714285,0
321,475,外卖骑手,31-40岁,专送,商业区/写字楼为主,知道，但从没用过,超过12小时,身体疲劳无处缓解,"应急庇护,充足的电瓶车停车位",社区便利店/超市内,A（高频便利型）,3.0,4.0,4.0,4.0,1.0,5.0,4.0,4.0,4.0,"向骑手收取少量费用,广告收入",视情况而定,3.0,,6个月-1年,8000-12000元,0.2857142857142857,0
323,184,外卖骑手,18-24岁,专送,混合区域,是，偶尔用,8-12小时,"身体疲劳无处缓解,找不到合适地方休息","充电续航,应急庇护",社区便利店/超市内,A（高频便利型）,4.0,5.0,4.0,4.0,1.0,4.0,4.0,4.0,4.0,"广告收入,完全由政府出资",不太愿意,2.0,,不到6个月,5000-8000元,0.125,0
333,443,外卖骑手,25-30岁,众包,混合区域,是，偶尔用,4-8小时,找不到合适地方休息,"应急庇护,便利服务",社区便利店/超市内,B（综合保障型）,3.0,4.0,3.0,3.0,1.0,3.0,3.0,4.0,4.0,"广告收入,由外卖平台承担",不太愿意,2.0,,不到6个月,5000元以下,0.26785714285714285,0
334,787,外卖骑手,31-40岁,众包,商业区/写字楼为主,是，偶尔用,少于4小时,饮水不便,"充电续航,基础休憩",小区出入口/门卫室附近,B（综合保障型）,2.0,3.0,3.0,3.0,1.0,3.0,3.0,2.0,2.0,"向骑手收取少量费用,由外卖平台承担",完全不愿意,4.0,,6个月-1年,5000元以下,0.26785714285714285,0
335,317,外卖骑手,18-24岁,众包,住宅区/社区为主,是，偶尔用,8-12小时,"上厕所不便,手机/电瓶车充电难","充足的电瓶车停车位,应急庇护",小区出入口/门卫室附近,A（高频便利型）,3.0,4.0,4.0,4.0,1.0,3.0,3.0,4.0,3.0,"向骑手收取少量费用,完全由政府出资",愿意支付,5.0,,6个月-1年,8000-12000元,0.2857142857142857,0
337,181,外卖骑手,18-24岁,众包,住宅区/社区为主,知道，但从没用过,4-8小时,"找不到合适地方休息,身体疲劳无处缓解","充电续航,便利服务",社区便利店/超市内,A（高频便利型）,3.0,4.0,4.0,4.0,1.0,3.0,3.0,3.0,3.0,"广告收入,由外卖平台承担",视情况而定,4.0,,6个月-1年,12000元以上,0.26785714285714285,1
341,369,外卖骑手,41岁及以上,众包,商业区/写字楼为主,是，经常用,8-12小时,找不到合适地方休息,"应急庇护,充电续航",社区便利店/超市内,A（高频便利型）,3.0,2.0,4.0,3.0,1.0,3.0,3.0,3.0,3.0,"广告收入,完全由政府出资",视情况而定,4.0,,不到6个月,5000-8000元,0.2857142857142857,0
342,257,外卖骑手,25-30岁,众包,混合区域,是，偶尔用,4-8小时,"身体疲劳无处缓解,上厕所不便,手机/电瓶车充电难","充电续航,便利服务",社区便利店/超市内,A（高频便利型）,2.0,2.0,3.0,3.0,1.0,3.0,2.0,3.0,3.0,"完全由政府出资,向骑手收取少量费用",愿意支付,3.0,,6个月-1年,8000-12000元,0.26785714285714285,0
343,741,外卖骑手,25-30岁,众包,商业区/写字楼为主,是，偶尔用,8-12小时,"上厕所不便,手机/电瓶车充电难,饮水不便","便利服务,充足的电瓶车停车位",闲置核酸亭/集装箱改造,A（高频便利型）,3.0,4.0,4.0,4.0,1.0,4.0,4.0,4.0,4.0,"向骑手收取少量费用,由外卖平台承担",完全不愿意,1.0,,不到6个月,8000-12000元,0.125,0
344,320,外卖骑手,31-40岁,众包,住宅区/社区为主,完全不知道,超过12小时,"身体疲劳无处缓解,饮水不便","充足的电瓶车停车位,充电续航",社区便利店/超市内,A（高频便利型）,4.0,4.0,5.0,4.0,1.0,4.0,4.0,4.0,4.0,"完全由政府出资,由外卖平台承担",愿意支付,4.0,,6个月-1年,8000-12000元,0.125,0
348,938,外卖骑手,25-30岁,专送,住宅区/社区为主,是，偶尔用,4-8小时,"找不到合适地方休息,上厕所不便,身体疲劳无处缓解","应急庇护,充足的电瓶车停车位",社区便利店/超市内,A（高频便利型）,4.0,4.0,4.0,3.0,1.0,3.0,3.0,3.0,4.0,"由外卖平台承担,向骑手收取少量费用",完全不愿意,2.0,,不到6个月,8000-12000元,0.2857142857142857,0
351,200,外卖骑手,25-30岁,众包,混合区域,是，经常用,超过12小时,"上厕所不便,饮水不便","基础休憩,充电续航",小区出入口/门卫室附近,A（高频便利型）,3.0,2.0,2.0,2.0,1.0,2.0,3.0,2.0,2.0,"向骑手收取少量费用,广告收入",不太愿意,4.0,,不到6个月,8000-12000元,0.21428571428571427,0
354,274,外卖骑手,18-24岁,专送,商业区/写字楼为主,是，经常用,超过12小时,"身体疲劳无处缓解,饮水不便","便利服务,应急庇护",小区出入口/门卫室附近,C（弹性流动型）,3.0,3.0,4.0,5.0,1.0,5.0,5.0,4.0,3.0,"广告收入,由外卖平台承担",完全不愿意,1.0,,1-3年,5000-8000元,0.8571428571428571,0
355,417,外卖骑手,31-40岁,众包,住宅区/社区为主,完全不知道,8-12小时,"身体疲劳无处缓解,找不到合适地方休息","应急庇护,充电续航",社区便利店/超市内,A（高频便利型）,4.0,4.0,5.0,4.0,1.0,5.0,5.0,4.0,4.0,"向骑手收取少量费用,完全由政府出资",完全不愿意,3.0,,不到6个月,12000元以上,0.26785714285714285,0
362,250,外卖骑手,18-24岁,专送,商业区/写字楼为主,是，偶尔用,8-12小时,找不到合适地方休息,"充电续航,便利服务",社区党群服务中心,A（高频便利型）,3.0,3.0,3.0,3.0,1.0,4.0,4.0,3.0,3.0,"由外卖平台承担,向骑手收取少量费用",完全不愿意,2.0,,1-3年,8000-12000元,0.21428571428571427,0
365,398,外卖骑手,25-30岁,众包,商业区/写字楼为主,完全不知道,8-12小时,"手机/电瓶车充电难,饮水不便","便利服务,基础休憩",闲置核酸亭/集装箱改造,A（高频便利型）,5.0,4.0,4.0,4.0,1.0,4.0,4.0,4.0,4.0,"由外卖平台承担,广告收入",不太愿意,4.0,,1-3年,8000-12000元,0.125,0
368,347,外卖骑手,31-40岁,众包,商业区/写字楼为主,是，偶尔用,超过12小时,找不到合适地方休息,"充电续航,便利服务",小区出入口/门卫室附近,A（高频便利型）,4.0,5.0,5.0,4.0,1.0,5.0,5.0,5.0,3.0,"广告收入,向骑手收取少量费用",愿意支付,2.0,,不到6个月,8000-12000元,0.5714285714285714,0
371,442,外卖骑手,25-30岁,众包,商业区/写字楼为主,是，经常用,4-8小时,手机/电瓶车充电难,"充足的电瓶车停车位,基础休憩",小区出入口/门卫室附近,B（综合保障型）,4.0,3.0,4.0,3.0,1.0,3.0,4.0,3.0,3.0,"由外卖平台承担,广告收入",视情况而定,2.0,,不到6个月,12000元以上,0.26785714285714285,1
374,260,外卖骑手,18-24岁,专送,混合区域,是，经常用,8-12小时,"手机/电瓶车充电难,饮水不便","应急庇护,基础休憩",闲置核酸亭/集装箱改造,A（高频便利型）,4.0,3.0,3.0,4.0,1.0,3.0,3.0,2.0,3.0,"向骑手收取少量费用,完全由政府出资",不太愿意,4.0,,6个月-1年,5000-8000元,0.4107142857142857,0
379,1665,外卖骑手,31-40岁,众包,商业区/写字楼为主,是，偶尔用,4-8小时,"上厕所不便,饮水不便,身体疲劳无处缓解","充足的电瓶车停车位,应急庇护",小区出入口/门卫室附近,A（高频便利型）,4.0,3.0,2.0,2.0,1.0,3.0,3.0,3.0,3.0,"向骑手收取少量费用,由外卖平台承担",完全不愿意,5.0,,3年以上,8000-12000元,0.4107142857142857,0
382,318,外卖骑手,25-30岁,众包,商业区/写字楼为主,知道，但从没用过,少于4小时,饮水不便,"充足的电瓶车停车位,充电续航",社区便利店/超市内,A（高频便利型）,3.0,4.0,3.0,3.0,1.0,4.0,4.0,3.0,3.0,"完全由政府出资,由外卖平台承担",愿意支付,3.0,,6个月-1年,5000-8000元,0.26785714285714285,1
383,616,外卖骑手,18-24岁,众包,住宅区/社区为主,是，经常用,超过12小时,"手机/电瓶车充电难,饮水不便","充电续航,充足的电瓶车停车位",社区党群服务中心,B（综合保障型）,4.0,4.0,4.0,4.0,1.0,4.0,3.0,3.0,3.0,"向骑手收取少量费用,广告收入",愿意支付,3.0,,不到6个月,5000-8000元,0.26785714285714285,0
388,326,外卖骑手,25-30岁,众包,混合区域,完全不知道,8-12小时,上厕所不便,"基础休憩,应急庇护",社区便利店/超市内,A（高频便利型）,4.0,4.0,4.0,5.0,1.0,5.0,5.0,5.0,5.0,"完全由政府出资,由外卖平台承担",不太愿意,4.0,,不到6个月,12000元以上,0.26785714285714285,0
392,198,外卖骑手,25-30岁,众包,商业区/写字楼为主,知道，但从没用过,超过12小时,上厕所不便,"充足的电瓶车停车位,应急庇护",社区便利店/超市内,B（综合保障型）,4.0,5.0,4.0,5.0,1.0,5.0,5.0,5.0,5.0,"由外卖平台承担,向骑手收取少量费用",视情况而定,5.0,,6个月-1年,8000-12000元,0.21428571428571427,0
393,317,外卖骑手,25-30岁,专送,商业区/写字楼为主,是，偶尔用,4-8小时,"身体疲劳无处缓解,找不到合适地方休息,饮水不便","充电续航,便利服务",社区便利店/超市内,A（高频便利型）,3.0,4.0,3.0,3.0,1.0,3.0,2.0,3.0,3.0,"完全由政府出资,向骑手收取少量费用",愿意支付,3.0,,不到6个月,8000-12000元,0.2857142857142857,0
394,503,外卖骑手,25-30岁,众包,混合区域,知道，但从没用过,8-12小时,身体疲劳无处缓解,"便利服务,充足的电瓶车停车位",社区便利店/超市内,A（高频便利型）,3.0,4.0,3.0,3.0,1.0,2.0,3.0,3.0,2.0,"广告收入,向骑手收取少量费用",愿意支付,3.0,,不到6个月,8000-12000元,0.4107142857142857,0
396,204,外卖骑手,41岁及以上,众包,住宅区/社区为主,知道，但从没用过,4-8小时,"身体疲劳无处缓解,饮水不便","便利服务,基础休憩",闲置核酸亭/集装箱改造,C（弹性流动型）,5.0,5.0,5.0,5.0,1.0,5.0,4.0,5.0,4.0,"广告收入,完全由政府出资",愿意支付,3.0,,6个月-1年,8000-12000元,0.21428571428571427,0
400,390,外卖骑手,31-40岁,众包,混合区域,完全不知道,4-8小时,找不到合适地方休息,"便利服务,充足的电瓶车停车位",社区便利店/超市内,B（综合保障型）,3.0,3.0,2.0,3.0,1.0,3.0,3.0,2.0,3.0,"向骑手收取少量费用,广告收入",视情况而定,4.0,,不到6个月,5000元以下,0.21428571428571427,0
401,437,外卖骑手,18-24岁,众包,住宅区/社区为主,是，经常用,少于4小时,找不到合适地方休息,"充电续航,应急庇护",社区便利店/超市内,A（高频便利型）,4.0,4.0,4.0,4.0,1.0,4.0,5.0,5.0,5.0,"完全由政府出资,广告收入",不太愿意,3.0,,不到6个月,5000-8000元,0.26785714285714285,1
403,481,外卖骑手,25-30岁,众包,混合区域,是，经常用,超过12小时,"身体疲劳无处缓解,饮水不便","充电续航,应急庇护",小区出入口/门卫室附近,A（高频便利型）,5.0,5.0,4.0,5.0,1.0,5.0,5.0,4.0,4.0,"由外卖平台承担,完全由政府出资",完全不愿意,1.0,,6个月-1年,12000元以上,0.26785714285714285,0
406,318,外卖骑手,25-30岁,众包,混合区域,完全不知道,8-12小时,"上厕所不便,身体疲劳无处缓解","充足的电瓶车停车位,充电续航",社区便利店/超市内,A（高频便利型）,4.0,4.0,4.0,4.0,1.0,4.0,4.0,4.0,3.0,"由外卖平台承担,向骑手收取少量费用",完全不愿意,2.0,,不到6个月,5000-8000元,0.125,0
407,302,外卖骑手,18-24岁,众包,混合区域,完全不知道,超过12小时,找不到合适地方休息,"应急庇护,充足的电瓶车停车位",小区出入口/门卫室附近,A（高频便利型）,3.0,4.0,3.0,4.0,1.0,3.0,3.0,3.0,3.0,"广告收入,完全由政府出资",视情况而定,1.0,,1-3年,8000-12000元,0.21428571428571427,0
408,1078,外卖骑手,25-30岁,专送,商业区/写字楼为主,知道，但从没用过,4-8小时,"身体疲劳无处缓解,手机/电瓶车充电难,饮水不便","充电续航,充足的电瓶车停车位",小区出入口/门卫室附近,B（综合保障型）,4.0,5.0,4.0,5.0,1.0,5.0,5.0,5.0,4.0,"广告收入,由外卖平台承担",视情况而定,1.0,,1-3年,12000元以上,0.26785714285714285,1
412,219,外卖骑手,25-30岁,众包,住宅区/社区为主,知道，但从没用过,8-12小时,"饮水不便,找不到合适地方休息,手机/电瓶车充电难","充足的电瓶车停车位,充电续航",社区便利店/超市内,A（高频便利型）,3.0,4.0,4.0,3.0,1.0,4.0,4.0,4.0,4.0,"由外卖平台承担,向骑手收取少量费用",不太愿意,1.0,,不到6个月,12000元以上,0.21428571428571427,0
413,294,外卖骑手,25-30岁,众包,住宅区/社区为主,知道，但从没用过,8-12小时,"饮水不便,上厕所不便,手机/电瓶车充电难","充足的电瓶车停车位,便利服务",小区出入口/门卫室附近,B（综合保障型）,3.0,3.0,2.0,3.0,1.0,3.0,3.0,3.0,2.0,"由外卖平台承担,广告收入",完全不愿意,2.0,,不到6个月,8000-12000元,0.21428571428571427,0
415,429,外卖骑手,25-30岁,众包,商业区/写字楼为主,完全不知道,8-12小时,"找不到合适地方休息,饮水不便,身体疲劳无处缓解","便利服务,充电续航",社区便利店/超市内,A（高频便利型）,3.0,4.0,3.0,4.0,1.0,3.0,3.0,4.0,3.0,"向骑手收取少量费用,完全由政府出资",不太愿意,1.0,,不到6个月,8000-12000元,0.26785714285714285,0
422,491,外卖骑手,18-24岁,众包,住宅区/社区为主,是，经常用,8-12小时,"饮水不便,找不到合适地方休息,身体疲劳无处缓解","便利服务,充电续航",社区便利店/超市内,A（高频便利型）,3.0,4.0,4.0,4.0,1.0,4.0,4.0,4.0,4.0,"由外卖平台承担,向骑手收取少量费用",不太愿意,4.0,,不到6个月,5000元以下,0.125,1
425,234,外卖骑手,41岁及以上,专送,住宅区/社区为主,知道，但从没用过,4-8小时,"饮水不便,手机/电瓶车充电难,身体疲劳无处缓解","便利服务,应急庇护",社区便利店/超市内,C（弹性流动型）,4.0,4.0,4.0,4.0,1.0,4.0,4.0,4.0,5.0,"向骑手收取少量费用,广告收入",视情况而定,5.0,,1-3年,5000-8000元,0.125,0
426,656,外卖骑手,18-24岁,众包,住宅区/社区为主,是，偶尔用,少于4小时,"上厕所不便,身体疲劳无处缓解,手机/电瓶车充电难","充电续航,充足的电瓶车停车位",社区便利店/超市内,B（综合保障型）,5.0,4.0,4.0,4.0,1.0,4.0,3.0,4.0,4.0,"完全由政府出资,广告收入",不太愿意,4.0,,1-3年,5000-8000元,0.2857142857142857,1
428,422,外卖骑手,41岁及以上,众包,混合区域,完全不知道,超过12小时,"饮水不便,上厕所不便","应急庇护,便利服务",社区便利店/超市内,A（高频便利型）,4.0,3.0,4.0,4.0,1.0,3.0,3.0,3.0,4.0,"由外卖平台承担,广告收入",愿意支付,5.0,,6个月-1年,12000元以上,0.2857142857142857,0
435,204,外卖骑手,25-30岁,众包,混合区域,完全不知道,少于4小时,"身体疲劳无处缓解,找不到合适地方休息,上厕所不便","应急庇护,充电续航",社区便利店/超市内,A（高频便利型）,3.0,3.0,3.0,3.0,1.0,4.0,3.0,3.0,3.0,"广告收入,向骑手收取少量费用",愿意支付,2.0,,不到6个月,5000元以下,0.125,0
436,372,外卖骑手,31-40岁,专送,混合区域,是，经常用,少于4小时,"上厕所不便,饮水不便","充足的电瓶车停车位,基础休憩",社区便利店/超市内,A（高频便利型）,4.0,4.0,4.0,4.0,1.0,4.0,3.0,4.0,3.0,"完全由政府出资,广告收入",不太愿意,4.0,,6个月-1年,5000元以下,0.21428571428571427,0
440,1118,外卖骑手,18-24岁,专送,商业区/写字楼为主,是，偶尔用,少于4小时,"饮水不便,上厕所不便","充足的电瓶车停车位,应急庇护",小区出入口/门卫室附近,C（弹性流动型）,4.0,4.0,3.0,4.0,1.0,4.0,4.0,4.0,4.0,"广告收入,向骑手收取少量费用",不太愿意,2.0,,不到6个月,5000-8000元,0.125,1
444,488,外卖骑手,18-24岁,众包,混合区域,是，偶尔用,4-8小时,"饮水不便,身体疲劳无处缓解","充足的电瓶车停车位,充电续航",社区便利店/超市内,A（高频便利型）,5.0,4.0,5.0,5.0,1.0,4.0,5.0,4.0,5.0,"由外卖平台承担,向骑手收取少量费用",不太愿意,3.0,,1-3年,12000元以上,0.26785714285714285,1
445,392,外卖骑手,41岁及以上,众包,混合区域,知道，但从没用过,超过12小时,"上厕所不便,饮水不便,手机/电瓶车充电难","基础休憩,充电续航",社区便利店/超市内,B（综合保障型）,3.0,3.0,3.0,5.0,1.0,3.0,3.0,5.0,4.0,"由外卖平台承担,向骑手收取少量费用",愿意支付,4.0,,6个月-1年,5000元以下,0.8392857142857143,2
447,404,外卖骑手,25-30岁,众包,商业区/写字楼为主,完全不知道,超过12小时,"饮水不便,找不到合适地方休息,身体疲劳无处缓解","基础休憩,便利服务",小区出入口/门卫室附近,B（综合保障型）,4.0,4.0,4.0,4.0,1.0,3.0,3.0,3.0,3.0,"由外卖平台承担,向骑手收取少量费用",视情况而定,2.0,,不到6个月,8000-12000元,0.2857142857142857,0
450,509,外卖骑手,18-24岁,众包,商业区/写字楼为主,是，经常用,8-12小时,上厕所不便,"便利服务,充电续航",闲置核酸亭/集装箱改造,B（综合保障型）,5.0,5.0,4.0,5.0,1.0,5.0,5.0,5.0,5.0,"由外卖平台承担,广告收入",愿意支付,3.0,,不到6个月,8000-12000元,0.125,0
453,386,外卖骑手,41岁及以上,众包,商业区/写字楼为主,知道，但从没用过,8-12小时,"找不到合适地方休息,饮水不便","便利服务,基础休憩",社区便利店/超市内,A（高频便利型）,3.0,4.0,5.0,4.0,1.0,4.0,4.0,4.0,4.0,"向骑手收取少量费用,由外卖平台承担",愿意支付,5.0,,1-3年,12000元以上,0.2857142857142857,0
460,359,外卖骑手,18-24岁,众包,住宅区/社区为主,是，经常用,少于4小时,上厕所不便,"充足的电瓶车停车位,便利服务",小区出入口/门卫室附近,A（高频便利型）,5.0,5.0,5.0,4.0,1.0,4.0,5.0,5.0,5.0,"完全由政府出资,由外卖平台承担",视情况而定,1.0,,6个月-1年,5000-8000元,0.21428571428571427,1
462,473,外卖骑手,25-30岁,专送,混合区域,知道，但从没用过,4-8小时,"找不到合适地方休息,身体疲劳无处缓解","充电续航,应急庇护",社区便利店/超市内,A（高频便利型）,5.0,5.0,5.0,5.0,1.0,5.0,5.0,4.0,4.0,"完全由政府出资,广告收入",愿意支付,4.0,,6个月-1年,8000-12000元,0.21428571428571427,0
465,171,外卖骑手,25-30岁,众包,混合区域,完全不知道,超过12小时,上厕所不便,"应急庇护,充足的电瓶车停车位",社区便利店/超市内,B（综合保障型）,2.0,2.0,2.0,3.0,1.0,3.0,3.0,3.0,3.0,"完全由政府出资,由外卖平台承担",完全不愿意,3.0,,6个月-1年,8000-12000元,0.26785714285714285,0
467,218,外卖骑手,31-40岁,众包,住宅区/社区为主,是，偶尔用,8-12小时,找不到合适地方休息,"充足的电瓶车停车位,便利服务",闲置核酸亭/集装箱改造,A（高频便利型）,3.0,4.0,3.0,3.0,1.0,3.0,4.0,4.0,4.0,"由外卖平台承担,完全由政府出资",不太愿意,2.0,,1-3年,12000元以上,0.2857142857142857,0
468,326,外卖骑手,31-40岁,专送,住宅区/社区为主,知道，但从没用过,超过12小时,"找不到合适地方休息,身体疲劳无处缓解","充电续航,基础休憩",社区便利店/超市内,A（高频便利型）,4.0,3.0,3.0,2.0,1.0,3.0,4.0,2.0,3.0,"向骑手收取少量费用,完全由政府出资",完全不愿意,5.0,,不到6个月,12000元以上,0.5714285714285714,0
474,286,外卖骑手,25-30岁,众包,住宅区/社区为主,完全不知道,4-8小时,"手机/电瓶车充电难,身体疲劳无处缓解","基础休憩,充足的电瓶车停车位",社区党群服务中心,A（高频便利型）,5.0,4.0,4.0,5.0,1.0,5.0,5.0,4.0,4.0,"完全由政府出资,向骑手收取少量费用",视情况而定,4.0,,不到6个月,5000-8000元,0.2857142857142857,0
477,518,外卖骑手,41岁及以上,众包,住宅区/社区为主,完全不知道,4-8小时,"身体疲劳无处缓解,手机/电瓶车充电难","便利服务,充电续航",社区便利店/超市内,A（高频便利型）,4.0,4.0,3.0,3.0,1.0,3.0,3.0,4.0,3.0,"向骑手收取少量费用,广告收入",完全不愿意,3.0,,6个月-1年,8000-12000元,0.26785714285714285,0
478,200,外卖骑手,41岁及以上,专送,住宅区/社区为主,是，偶尔用,超过12小时,"手机/电瓶车充电难,身体疲劳无处缓解,饮水不便","充电续航,基础休憩",社区便利店/超市内,B（综合保障型）,3.0,3.0,3.0,2.0,1.0,2.0,2.0,3.0,3.0,"由外卖平台承担,完全由政府出资",完全不愿意,2.0,,不到6个月,8000-12000元,0.26785714285714285,0
480,909,外卖骑手,18-24岁,众包,混合区域,是，经常用,8-12小时,"上厕所不便,饮水不便,找不到合适地方休息","充足的电瓶车停车位,便利服务",小区出入口/门卫室附近,B（综合保障型）,3.0,4.0,4.0,3.0,1.0,3.0,4.0,3.0,3.0,"由外卖平台承担,广告收入",视情况而定,5.0,,不到6个月,8000-12000元,0.26785714285714285,0
484,1068,外卖骑手,18-24岁,众包,混合区域,知道，但从没用过,少于4小时,上厕所不便,"应急庇护,充电续航",社区便利店/超市内,A（高频便利型）,3.0,3.0,4.0,3.0,1.0,4.0,3.0,3.0,4.0,"广告收入,完全由政府出资",视情况而定,3.0,,不到6个月,5000元以下,0.26785714285714285,0
490,368,外卖骑手,18-24岁,众包,混合区域,是，经常用,超过12小时,"手机/电瓶车充电难,找不到合适地方休息,身体疲劳无处缓解","充足的电瓶车停车位,充电续航",闲置核酸亭/集装箱改造,B（综合保障型）,4.0,4.0,5.0,5.0,1.0,5.0,4.0,4.0,5.0,"广告收入,由外卖平台承担",视情况而定,5.0,,6个月-1年,8000-12000元,0.2857142857142857,0
491,353,外卖骑手,25-30岁,众包,商业区/写字楼为主,是，经常用,4-8小时,"饮水不便,找不到合适地方休息","应急庇护,便利服务",小区出入口/门卫室附近,B（综合保障型）,3.0,3.0,3.0,4.0,1.0,4.0,4.0,4.0,4.0,"由外卖平台承担,完全由政府出资",不太愿意,5.0,,不到6个月,5000-8000元,0.26785714285714285,0
495,127,外卖骑手,25-30岁,众包,混合区域,是，偶尔用,4-8小时,"找不到合适地方休息,身体疲劳无处缓解","充电续航,便利服务",社区党群服务中心,B（综合保障型）,3.0,3.0,4.0,4.0,1.0,4.0,4.0,4.0,5.0,"完全由政府出资,由外卖平台承担",愿意支付,4.0,,6个月-1年,5000元以下,0.4107142857142857,0
502,282,外卖骑手,25-30岁,专送,商业区/写字楼为主,完全不知道,超过12小时,找不到合适地方休息,"充电续航,充足的电瓶车停车位",社区便利店/超市内,A（高频便利型）,3.0,4.0,3.0,3.0,1.0,4.0,3.0,4.0,3.0,"完全由政府出资,由外卖平台承担",视情况而定,5.0,,不到6个月,8000-12000元,0.26785714285714285,0
503,526,外卖骑手,25-30岁,众包,商业区/写字楼为主,是，经常用,8-12小时,手机/电瓶车充电难,"充足的电瓶车停车位,基础休憩",社区便利店/超市内,B（综合保障型）,3.0,3.0,4.0,3.0,1.0,3.0,3.0,3.0,3.0,"由外卖平台承担,广告收入",不太愿意,1.0,,1-3年,12000元以上,0.125,0
506,188,外卖骑手,18-24岁,专送,住宅区/社区为主,是，偶尔用,少于4小时,"手机/电瓶车充电难,上厕所不便,饮水不便","应急庇护,充电续航",小区出入口/门卫室附近,B（综合保障型）,4.0,4.0,5.0,4.0,1.0,4.0,5.0,4.0,4.0,"广告收入,由外卖平台承担",不太愿意,1.0,,6个月-1年,5000-8000元,0.21428571428571427,1
509,215,外卖骑手,25-30岁,众包,住宅区/社区为主,知道，但从没用过,超过12小时,手机/电瓶车充电难,"充电续航,便利服务",小区出入口/门卫室附近,A（高频便利型）,5.0,4.0,5.0,5.0,1.0,4.0,4.0,5.0,5.0,"向骑手收取少量费用,由外卖平台承担",完全不愿意,1.0,,6个月-1年,5000-8000元,0.26785714285714285,0
510,615,外卖骑手,41岁及以上,众包,住宅区/社区为主,是，偶尔用,4-8小时,上厕所不便,"便利服务,充足的电瓶车停车位",闲置核酸亭/集装箱改造,A（高频便利型）,4.0,4.0,4.0,4.0,1.0,4.0,3.0,3.0,4.0,"完全由政府出资,由外卖平台承担",视情况而定,1.0,,1-3年,5000元以下,0.21428571428571427,0
512,482,外卖骑手,41岁及以上,众包,混合区域,完全不知道,4-8小时,"手机/电瓶车充电难,身体疲劳无处缓解,饮水不便","充足的电瓶车停车位,应急庇护",小区出入口/门卫室附近,A（高频便利型）,5.0,4.0,5.0,4.0,1.0,5.0,5.0,5.0,5.0,"由外卖平台承担,完全由政府出资",视情况而定,1.0,,6个月-1年,12000元以上,0.21428571428571427,1
514,555,外卖骑手,25-30岁,众包,混合区域,知道，但从没用过,超过12小时,"饮水不便,手机/电瓶车充电难,找不到合适地方休息","基础休憩,便利服务",小区出入口/门卫室附近,A（高频便利型）,3.0,3.0,3.0,5.0,1.0,4.0,4.0,4.0,4.0,"由外卖平台承担,向骑手收取少量费用",愿意支付,1.0,,6个月-1年,8000-12000元,0.5,0
517,436,外卖骑手,18-24岁,众包,住宅区/社区为主,完全不知道,8-12小时,"上厕所不便,找不到合适地方休息,饮水不便","应急庇护,充足的电瓶车停车位",社区便利店/超市内,A（高频便利型）,4.0,4.0,4.0,4.0,1.0,4.0,4.0,4.0,3.0,"由外卖平台承担,广告收入",视情况而定,1.0,,6个月-1年,8000-12000元,0.125,0
518,160,外卖骑手,31-40岁,专送,商业区/写字楼为主,知道，但从没用过,8-12小时,"找不到合适地方休息,身体疲劳无处缓解,上厕所不便","基础休憩,应急庇护",社区便利店/超市内,B（综合保障型）,3.0,3.0,3.0,3.0,1.0,3.0,3.0,2.0,2.0,"由外卖平台承担,向骑手收取少量费用",不太愿意,2.0,,3年以上,5000-8000元,0.21428571428571427,0
522,330,外卖骑手,25-30岁,众包,住宅区/社区为主,知道，但从没用过,8-12小时,"找不到合适地方休息,身体疲劳无处缓解,饮水不便","充电续航,基础休憩",闲置核酸亭/集装箱改造,A（高频便利型）,4.0,4.0,4.0,4.0,1.0,5.0,5.0,5.0,4.0,"广告收入,由外卖平台承担",完全不愿意,2.0,,6个月-1年,12000元以上,0.26785714285714285,0
526,180,外卖骑手,18-24岁,专送,商业区/写字楼为主,知道，但从没用过,超过12小时,"饮水不便,手机/电瓶车充电难","充足的电瓶车停车位,便利服务",社区便利店/超市内,B（综合保障型）,3.0,5.0,4.0,4.0,1.0,4.0,4.0,3.0,3.0,"由外卖平台承担,向骑手收取少量费用",视情况而定,3.0,,1-3年,5000-8000元,0.5,0
528,291,外卖骑手,31-40岁,专送,住宅区/社区为主,是，经常用,8-12小时,找不到合适地方休息,"应急庇护,便利服务",社区便利店/超市内,A（高频便利型）,4.0,4.0,5.0,4.0,1.0,5.0,4.0,4.0,5.0,"由外卖平台承担,向骑手收取少量费用",视情况而定,3.0,,1-3年,8000-12000元,0.26785714285714285,0
533,418,外卖骑手,25-30岁,众包,商业区/写字楼为主,完全不知道,4-8小时,手机/电瓶车充电难,"充电续航,便利服务",小区出入口/门卫室附近,B（综合保障型）,4.0,4.0,4.0,5.0,1.0,4.0,3.0,4.0,4.0,"完全由政府出资,由外卖平台承担",不太愿意,5.0,,6个月-1年,12000元以上,0.2857142857142857,1
534,663,外卖骑手,25-30岁,专送,商业区/写字楼为主,完全不知道,超过12小时,"上厕所不便,饮水不便","基础休憩,充足的电瓶车停车位",社区便利店/超市内,B（综合保障型）,4.0,3.0,4.0,4.0,1.0,4.0,4.0,4.0,4.0,"由外卖平台承担,完全由政府出资",不太愿意,4.0,,1-3年,8000-12000元,0.125,0
535,2068,外卖骑手,25-30岁,众包,住宅区/社区为主,完全不知道,8-12小时,"手机/电瓶车充电难,上厕所不便,找不到合适地方休息","应急庇护,基础休憩",闲置核酸亭/集装箱改造,A（高频便利型）,4.0,4.0,4.0,4.0,1.0,4.0,4.0,3.0,4.0,"完全由政府出资,广告收入",不太愿意,2.0,,1-3年,12000元以上,0.125,0
538,288,外卖骑手,18-24岁,众包,混合区域,知道，但从没用过,4-8小时,"身体疲劳无处缓解,手机/电瓶车充电难,上厕所不便","基础休憩,充足的电瓶车停车位",社区便利店/超市内,B（综合保障型）,3.0,2.0,3.0,4.0,1.0,3.0,3.0,4.0,4.0,"广告收入,完全由政府出资",不太愿意,3.0,,1-3年,5000元以下,0.5,0
540,630,外卖骑手,41岁及以上,众包,混合区域,知道，但从没用过,4-8小时,"手机/电瓶车充电难,上厕所不便","充电续航,基础休憩",小区出入口/门卫室附近,B（综合保障型）,5.0,5.0,4.0,5.0,1.0,5.0,5.0,4.0,4.0,"完全由政府出资,由外卖平台承担",愿意支付,3.0,,3年以上,5000元以下,0.26785714285714285,0
548,179,外卖骑手,25-30岁,众包,混合区域,是，偶尔用,8-12小时,手机/电瓶车充电难,"充电续航,应急庇护",社区便利店/超市内,B（综合保障型）,4.0,5.0,4.0,5.0,1.0,5.0,5.0,5.0,4.0,"广告收入,完全由政府出资",完全不愿意,3.0,,不到6个月,5000-8000元,0.26785714285714285,0
554,294,外卖骑手,25-30岁,众包,商业区/写字楼为主,是，偶尔用,4-8小时,"饮水不便,找不到合适地方休息","充电续航,应急庇护",小区出入口/门卫室附近,B（综合保障型）,4.0,4.0,4.0,3.0,1.0,4.0,4.0,3.0,3.0,"由外卖平台承担,完全由政府出资",愿意支付,1.0,,6个月-1年,12000元以上,0.26785714285714285,1
555,429,外卖骑手,25-30岁,众包,商业区/写字楼为主,是，偶尔用,8-12小时,饮水不便,"充足的电瓶车停车位,应急庇护",社区便利店/超市内,B（综合保障型）,4.0,3.0,5.0,4.0,1.0,4.0,3.0,3.0,4.0,"完全由政府出资,由外卖平台承担",愿意支付,5.0,,3年以上,5000-8000元,0.5,0
559,303,外卖骑手,41岁及以上,众包,商业区/写字楼为主,是，偶尔用,8-12小时,"找不到合适地方休息,上厕所不便","充足的电瓶车停车位,充电续航",社区便利店/超市内,B（综合保障型）,4.0,4.0,4.0,4.0,1.0,4.0,4.0,3.0,4.0,"广告收入,完全由政府出资",不太愿意,3.0,,6个月-1年,5000-8000元,0.125,0
