ID,Duration,Role,Age_Group,Delivery_Type,Area_Type,Usage_Exp,Work_Hours,Inconvenience_M,Feature_Importance_M,Loc_Preference,Scheme_Choice,PU_Efficiency,PU_Safety,PU_Value,PEOU_Search,Attention_Check,PEOU_Process,PEOU_Habit,BI_Usage,BI_Recommend,Cost_Bearing_M,Pay_Willingness,Ad_Acceptance,Rider_Concern_Open,Career_Duration,Monthly_Income
3,580,外卖骑手,25-30岁,众包,住宅区/社区为主,是，经常用,8-12小时,"上厕所不便,手机/电瓶车充电难","便利服务,基础休憩",社区便利店/超市内,B（综合保障型）,4.0,4.0,5.0,5.0,5.0,5.0,4.0,4.0,5.0,"完全由政府出资,广告收入",不太愿意,1.0,,3年以上,5000-8000元
4,208,外卖骑手,18-24岁,众包,住宅区/社区为主,是，偶尔用,少于4小时,"找不到合适地方休息,饮水不便,手机/电瓶车充电难","应急庇护,基础休憩",闲置核酸亭/集装箱改造,A（高频便利型）,4.0,3.0,4.0,4.0,1.0,4.0,4.0,3.0,4.0,"完全由政府出资,广告收入",不太愿意,5.0,,不到6个月,5000元以下
5,596,外卖骑手,25-30岁,专送,住宅区/社区为主,知道，但从没用过,8-12小时,手机/电瓶车充电难,"基础休憩,应急庇护",社区便利店/超市内,C（弹性流动型）,4.0,5.0,5.0,5.0,1.0,5.0,5.0,4.0,4.0,"由外卖平台承担,向骑手收取少量费用",视情况而定,1.0,,6个月-1年,12000元以上
6,196,外卖骑手,25-30岁,众包,商业区/写字楼为主,是，经常用,8-12小时,"上厕所不便,饮水不便","便利服务,基础休憩",小区出入口/门卫室附近,A（高频便利型）,3.0,3.0,3.0,3.0,3.0,3.0,3.0,3.0,3.0,"由外卖平台承担,完全由政府出资",愿意支付,4.0,,1-3年,5000-8000元
8,429,外卖骑手,18-24岁,众包,混合区域,知道，但从没用过,超过12小时,上厕所不便,"便利服务,基础休憩",社区便利店/超市内,A（高频便利型）,2.0,3.0,4.0,4.0,1.0,5.0,4.0,4.0,4.0,"由外卖平台承担,广告收入",愿意支付,3.0,,1-3年,8000-12000元
11,927,外卖骑手,18-24岁,众包,商业区/写字楼为主,知道，但从没用过,少于4小时,"身体疲劳无处缓解,饮水不便,手机/电瓶车充电难","应急庇护,便利服务",小区出入口/门卫室附近,A（高频便利型）,3.0,4.0,3.0,3.0,1.0,4.0,4.0,3.0,4.0,"由外卖平台承担,向骑手收取少量费用",不太愿意,4.0,,不到6个月,5000元以下
13,160,外卖骑手,41岁及以上,众包,商业区/写字楼为主,是，偶尔用,4-8小时,"饮水不便,找不到合适地方休息","便利服务,充电续航",社区便利店/超市内,B（综合保障型）,4.0,4.0,4.0,4.0,4.0,4.0,4.0,4.0,4.0,"向骑手收取少量费用,由外卖平台承担",完全不愿意,5.0,,6个月-1年,5000元以下
15,369,外卖骑手,18-24岁,众包,混合区域,是，偶尔用,4-8小时,"上厕所不便,找不到合适地方休息,饮水不便","应急庇护,基础休憩",闲置核酸亭/集装箱改造,A（高频便利型）,3.0,3.0,3.0,3.0,1.0,3.0,3.0,2.0,3.0,"由外卖平台承担,向骑手收取少量费用",完全不愿意,2.0,,不到6个月,5000-8000元
16,207,外卖骑手,25-30岁,专送,混合区域,知道，但从没用过,4-8小时,"饮水不便,身体疲劳无处缓解,找不到合适地方休息","基础休憩,应急庇护",小区出入口/门卫室附近,A（高频便利型）,4.0,4.0,5.0,4.0,1.0,4.0,5.0,4.0,4.0,"由外卖平台承担,广告收入",视情况而定,4.0,,6个月-1年,5000-8000元
20,323,外卖骑手,18-24岁,众包,商业区/写字楼为主,完全不知道,少于4小时,"找不到合适地方休息,身体疲劳无处缓解,饮水不便","充足的电瓶车停车位,便利服务",社区便利店/超市内,A（高频便利型）,3.0,4.0,4.0,3.0,1.0,3.0,4.0,4.0,4.0,"向骑手收取少量费用,广告收入",愿意支付,2.0,,不到6个月,5000元以下
22,952,外卖骑手,18-24岁,众包,商业区/写字楼为主,是，经常用,超过12小时,"手机/电瓶车充电难,找不到合适地方休息","应急庇护,充电续航",社区便利店/超市内,A（高频便利型）,3.0,2.0,3.0,3.0,1.0,3.0,2.0,3.0,2.0,"广告收入,完全由政府出资",视情况而定,4.0,,不到6个月,8000-12000元
23,449,外卖骑手,18-24岁,专送,住宅区/社区为主,知道，但从没用过,8-12小时,"饮水不便,找不到合适地方休息","应急庇护,基础休憩",社区便利店/超市内,A（高频便利型）,3.0,4.0,4.0,3.0,1.0,3.0,4.0,4.0,3.0,"广告收入,向骑手收取少量费用",完全不愿意,3.0,,不到6个月,8000-12000元
24,353,外卖骑手,18-24岁,众包,住宅区/社区为主,完全不知道,4-8小时,找不到合适地方休息,"充电续航,充足的电瓶车停车位",小区出入口/门卫室附近,A（高频便利型）,3.0,3.0,3.0,4.0,1.0,4.0,4.0,4.0,3.0,"完全由政府出资,向骑手收取少量费用",不太愿意,4.0,,1-3年,5000-8000元
25,393,外卖骑手,18-24岁,众包,混合区域,知道，但从没用过,8-12小时,身体疲劳无处缓解,"便利服务,应急庇护",社区便利店/超市内,B（综合保障型）,4.0,5.0,4.0,4.0,1.0,4.0,4.0,4.0,4.0,"由外卖平台承担,完全由政府出资",愿意支付,4.0,,6个月-1年,8000-12000元
31,292,外卖骑手,41岁及以上,专送,商业区/写字楼为主,是，偶尔用,超过12小时,"身体疲劳无处缓解,找不到合适地方休息","充电续航,基础休憩",社区党群服务中心,A（高频便利型）,5.0,5.0,5.0,5.0,4.0,5.0,5.0,5.0,5.0,"向骑手收取少量费用,完全由政府出资",愿意支付,2.0,,不到6个月,8000-12000元
32,184,外卖骑手,41岁及以上,专送,住宅区/社区为主,是，偶尔用,8-12小时,"找不到合适地方休息,手机/电瓶车充电难,饮水不便","应急庇护,便利服务",闲置核酸亭/集装箱改造,A（高频便利型）,4.0,4.0,3.0,5.0,1.0,4.0,5.0,5.0,4.0,"完全由政府出资,由外卖平台承担",不太愿意,4.0,,不到6个月,12000元以上
33,163,外卖骑手,41岁及以上,专送,混合区域,是，经常用,超过12小时,上厕所不便,"便利服务,充电续航",社区便利店/超市内,A（高频便利型）,3.0,3.0,3.0,3.0,4.0,2.0,2.0,3.0,3.0,"完全由政府出资,向骑手收取少量费用",愿意支付,5.0,,6个月-1年,8000-12000元
35,101,外卖骑手,31-40岁,专送,商业区/写字楼为主,是，经常用,4-8小时,"上厕所不便,饮水不便","便利服务,应急庇护",社区党群服务中心,C（弹性流动型）,4.0,3.0,3.0,4.0,1.0,4.0,4.0,4.0,4.0,"广告收入,完全由政府出资",愿意支付,5.0,,6个月-1年,5000元以下
36,193,外卖骑手,25-30岁,专送,混合区域,完全不知道,4-8小时,"找不到合适地方休息,身体疲劳无处缓解","充电续航,应急庇护",社区便利店/超市内,A（高频便利型）,3.0,4.0,4.0,3.0,1.0,3.0,4.0,4.0,3.0,"由外卖平台承担,向骑手收取少量费用",不太愿意,3.0,,不到6个月,5000-8000元
37,263,外卖骑手,18-24岁,众包,商业区/写字楼为主,是，经常用,4-8小时,"上厕所不便,饮水不便","便利服务,基础休憩",社区党群服务中心,B（综合保障型）,4.0,5.0,4.0,5.0,1.0,5.0,5.0,5.0,4.0,"由外卖平台承担,广告收入",视情况而定,4.0,,不到6个月,12000元以上
38,66,外卖骑手,41岁及以上,众包,商业区/写字楼为主,是，偶尔用,8-12小时,"找不到合适地方休息,饮水不便,手机/电瓶车充电难","充电续航,应急庇护",小区出入口/门卫室附近,B（综合保障型）,4.0,4.0,4.0,5.0,1.0,5.0,5.0,5.0,5.0,"完全由政府出资,由外卖平台承担",愿意支付,1.0,,不到6个月,5000-8000元
39,375,外卖骑手,25-30岁,众包,混合区域,是，经常用,4-8小时,"手机/电瓶车充电难,身体疲劳无处缓解,饮水不便","基础休憩,应急庇护",社区便利店/超市内,A（高频便利型）,3.0,3.0,4.0,3.0,1.0,3.0,4.0,3.0,3.0,"完全由政府出资,向骑手收取少量费用",不太愿意,1.0,,1-3年,5000-8000元
41,1576,外卖骑手,25-30岁,众包,住宅区/社区为主,知道，但从没用过,8-12小时,"手机/电瓶车充电难,身体疲劳无处缓解,饮水不便","应急庇护,充足的电瓶车停车位",闲置核酸亭/集装箱改造,B（综合保障型）,5.0,5.0,5.0,5.0,5.0,5.0,5.0,5.0,5.0,"向骑手收取少量费用,广告收入",不太愿意,3.0,,1-3年,8000-12000元
42,1336,外卖骑手,25-30岁,众包,商业区/写字楼为主,知道，但从没用过,少于4小时,"上厕所不便,手机/电瓶车充电难","基础休憩,应急庇护",闲置核酸亭/集装箱改造,B（综合保障型）,3.0,3.0,3.0,4.0,1.0,4.0,4.0,3.0,3.0,"广告收入,由外卖平台承担",愿意支付,3.0,,不到6个月,5000元以下
43,410,外卖骑手,18-24岁,众包,住宅区/社区为主,是，偶尔用,超过12小时,"饮水不便,找不到合适地方休息,上厕所不便","应急庇护,充足的电瓶车停车位",社区便利店/超市内,A（高频便利型）,4.0,4.0,4.0,5.0,1.0,4.0,4.0,4.0,4.0,"由外卖平台承担,向骑手收取少量费用",视情况而定,4.0,,1-3年,12000元以上
44,620,外卖骑手,18-24岁,众包,住宅区/社区为主,完全不知道,8-12小时,"饮水不便,身体疲劳无处缓解,找不到合适地方休息","基础休憩,充足的电瓶车停车位",社区便利店/超市内,A（高频便利型）,4.0,4.0,4.0,4.0,2.0,4.0,4.0,4.0,4.0,"向骑手收取少量费用,广告收入",视情况而定,3.0,,6个月-1年,8000-12000元
49,395,外卖骑手,25-30岁,众包,混合区域,是，偶尔用,8-12小时,"上厕所不便,手机/电瓶车充电难","充足的电瓶车停车位,充电续航",社区便利店/超市内,A（高频便利型）,4.0,5.0,4.0,4.0,1.0,4.0,4.0,5.0,5.0,"完全由政府出资,由外卖平台承担",完全不愿意,2.0,,1-3年,8000-12000元
50,376,外卖骑手,25-30岁,专送,商业区/写字楼为主,是，经常用,超过12小时,"手机/电瓶车充电难,找不到合适地方休息,饮水不便","充足的电瓶车停车位,充电续航",社区便利店/超市内,B（综合保障型）,5.0,5.0,5.0,5.0,1.0,4.0,5.0,5.0,4.0,"完全由政府出资,向骑手收取少量费用",不太愿意,1.0,,3年以上,8000-12000元
57,140,外卖骑手,25-30岁,众包,商业区/写字楼为主,是，经常用,少于4小时,饮水不便,"充足的电瓶车停车位,充电续航",小区出入口/门卫室附近,A（高频便利型）,4.0,4.0,4.0,3.0,4.0,4.0,4.0,4.0,3.0,"广告收入,由外卖平台承担",完全不愿意,1.0,,6个月-1年,8000-12000元
58,401,外卖骑手,18-24岁,专送,商业区/写字楼为主,是，偶尔用,8-12小时,"身体疲劳无处缓解,手机/电瓶车充电难,饮水不便","应急庇护,充电续航",小区出入口/门卫室附近,B（综合保障型）,3.0,4.0,4.0,3.0,1.0,4.0,3.0,4.0,3.0,"向骑手收取少量费用,由外卖平台承担",视情况而定,3.0,,6个月-1年,8000-12000元
59,361,外卖骑手,18-24岁,众包,混合区域,是，偶尔用,8-12小时,"手机/电瓶车充电难,身体疲劳无处缓解,上厕所不便","应急庇护,充电续航",社区便利店/超市内,B（综合保障型）,3.0,3.0,2.0,3.0,1.0,2.0,2.0,3.0,2.0,"完全由政府出资,由外卖平台承担",视情况而定,1.0,,6个月-1年,5000-8000元
61,1455,外卖骑手,31-40岁,众包,住宅区/社区为主,是，偶尔用,8-12小时,饮水不便,"基础休憩,充足的电瓶车停车位",社区便利店/超市内,C（弹性流动型）,4.0,5.0,4.0,5.0,1.0,5.0,5.0,5.0,5.0,"向骑手收取少量费用,由外卖平台承担",完全不愿意,1.0,,6个月-1年,12000元以上
63,354,外卖骑手,25-30岁,众包,住宅区/社区为主,知道，但从没用过,4-8小时,上厕所不便,"基础休憩,充电续航",小区出入口/门卫室附近,A（高频便利型）,4.0,4.0,4.0,4.0,1.0,5.0,5.0,4.0,3.0,"向骑手收取少量费用,广告收入",不太愿意,2.0,,1-3年,8000-12000元
64,1173,外卖骑手,18-24岁,专送,住宅区/社区为主,是，经常用,少于4小时,"饮水不便,手机/电瓶车充电难","便利服务,应急庇护",社区便利店/超市内,A（高频便利型）,4.0,4.0,4.0,3.0,1.0,3.0,4.0,3.0,3.0,"由外卖平台承担,完全由政府出资",不太愿意,4.0,,不到6个月,5000-8000元
65,157,外卖骑手,25-30岁,众包,商业区/写字楼为主,是，偶尔用,8-12小时,"身体疲劳无处缓解,上厕所不便","充电续航,便利服务",小区出入口/门卫室附近,A（高频便利型）,4.0,4.0,4.0,4.0,1.0,5.0,5.0,4.0,5.0,"由外卖平台承担,向骑手收取少量费用",完全不愿意,1.0,,6个月-1年,5000-8000元
66,338,外卖骑手,25-30岁,专送,混合区域,知道，但从没用过,4-8小时,饮水不便,"充足的电瓶车停车位,便利服务",闲置核酸亭/集装箱改造,A（高频便利型）,3.0,2.0,3.0,3.0,1.0,2.0,4.0,3.0,3.0,"广告收入,由外卖平台承担",愿意支付,3.0,,6个月-1年,5000元以下
69,408,外卖骑手,31-40岁,众包,混合区域,知道，但从没用过,8-12小时,"饮水不便,身体疲劳无处缓解","应急庇护,充电续航",社区便利店/超市内,B（综合保障型）,5.0,4.0,4.0,5.0,3.0,5.0,5.0,3.0,3.0,"广告收入,由外卖平台承担",视情况而定,5.0,,不到6个月,5000元以下
71,474,外卖骑手,25-30岁,众包,商业区/写字楼为主,是，经常用,4-8小时,"手机/电瓶车充电难,找不到合适地方休息","充电续航,充足的电瓶车停车位",闲置核酸亭/集装箱改造,A（高频便利型）,4.0,4.0,4.0,4.0,2.0,3.0,4.0,3.0,5.0,"由外卖平台承担,广告收入",完全不愿意,1.0,,1-3年,12000元以上
75,227,外卖骑手,25-30岁,众包,混合区域,是，偶尔用,4-8小时,"身体疲劳无处缓解,上厕所不便","充足的电瓶车停车位,应急庇护",小区出入口/门卫室附近,B（综合保障型）,4.0,3.0,3.0,4.0,1.0,4.0,3.0,3.0,4.0,"向骑手收取少量费用,完全由政府出资",视情况而定,3.0,,6个月-1年,12000元以上
76,617,外卖骑手,25-30岁,众包,商业区/写字楼为主,知道，但从没用过,少于4小时,饮水不便,"应急庇护,便利服务",社区便利店/超市内,A（高频便利型）,3.0,3.0,4.0,3.0,1.0,4.0,4.0,3.0,4.0,"由外卖平台承担,向骑手收取少量费用",视情况而定,3.0,,1-3年,5000-8000元
77,1155,外卖骑手,25-30岁,众包,住宅区/社区为主,完全不知道,8-12小时,找不到合适地方休息,"便利服务,应急庇护",社区便利店/超市内,A（高频便利型）,2.0,2.0,2.0,2.0,5.0,2.0,2.0,2.0,2.0,"广告收入,完全由政府出资",视情况而定,3.0,,不到6个月,5000-8000元
78,633,外卖骑手,41岁及以上,众包,住宅区/社区为主,是，偶尔用,4-8小时,"饮水不便,身体疲劳无处缓解,上厕所不便","充足的电瓶车停车位,便利服务",社区便利店/超市内,C（弹性流动型）,3.0,3.0,2.0,2.0,1.0,2.0,3.0,3.0,4.0,"完全由政府出资,由外卖平台承担",完全不愿意,5.0,,不到6个月,5000元以下
79,540,外卖骑手,25-30岁,众包,混合区域,知道，但从没用过,8-12小时,"身体疲劳无处缓解,找不到合适地方休息","基础休憩,便利服务",社区便利店/超市内,A（高频便利型）,4.0,4.0,4.0,4.0,1.0,4.0,4.0,3.0,4.0,"广告收入,向骑手收取少量费用",愿意支付,1.0,,不到6个月,5000-8000元
81,267,外卖骑手,25-30岁,众包,商业区/写字楼为主,知道，但从没用过,8-12小时,"上厕所不便,找不到合适地方休息,饮水不便","便利服务,充电续航",闲置核酸亭/集装箱改造,A（高频便利型）,5.0,4.0,5.0,4.0,1.0,5.0,4.0,4.0,5.0,"由外卖平台承担,向骑手收取少量费用",视情况而定,5.0,,不到6个月,12000元以上
82,478,外卖骑手,25-30岁,众包,商业区/写字楼为主,是，经常用,8-12小时,手机/电瓶车充电难,"便利服务,应急庇护",社区便利店/超市内,B（综合保障型）,4.0,4.0,4.0,4.0,4.0,4.0,4.0,4.0,4.0,"广告收入,由外卖平台承担",不太愿意,3.0,,不到6个月,8000-12000元
83,126,外卖骑手,25-30岁,众包,混合区域,知道，但从没用过,8-12小时,找不到合适地方休息,"充足的电瓶车停车位,应急庇护",社区便利店/超市内,A（高频便利型）,4.0,3.0,3.0,3.0,2.0,4.0,3.0,4.0,3.0,"由外卖平台承担,完全由政府出资",愿意支付,1.0,,6个月-1年,5000元以下
85,553,外卖骑手,18-24岁,众包,混合区域,是，偶尔用,少于4小时,"饮水不便,手机/电瓶车充电难,身体疲劳无处缓解","应急庇护,充电续航",社区便利店/超市内,C（弹性流动型）,5.0,4.0,4.0,3.0,1.0,3.0,3.0,3.0,4.0,"由外卖平台承担,广告收入",完全不愿意,2.0,,1-3年,5000-8000元
88,175,外卖骑手,18-24岁,众包,混合区域,完全不知道,超过12小时,"手机/电瓶车充电难,身体疲劳无处缓解","充电续航,基础休憩",小区出入口/门卫室附近,A（高频便利型）,3.0,3.0,3.0,3.0,1.0,3.0,3.0,2.0,3.0,"向骑手收取少量费用,完全由政府出资",完全不愿意,3.0,,6个月-1年,8000-12000元
91,597,外卖骑手,25-30岁,专送,混合区域,知道，但从没用过,4-8小时,"身体疲劳无处缓解,找不到合适地方休息","应急庇护,便利服务",社区党群服务中心,A（高频便利型）,4.0,5.0,4.0,4.0,1.0,3.0,3.0,3.0,4.0,"向骑手收取少量费用,完全由政府出资",完全不愿意,3.0,,不到6个月,5000元以下
92,471,外卖骑手,18-24岁,众包,商业区/写字楼为主,是，经常用,超过12小时,上厕所不便,"充电续航,应急庇护",闲置核酸亭/集装箱改造,A（高频便利型）,2.0,3.0,3.0,3.0,1.0,3.0,4.0,2.0,2.0,"广告收入,完全由政府出资",完全不愿意,2.0,,不到6个月,8000-12000元
94,674,外卖骑手,18-24岁,众包,混合区域,知道，但从没用过,超过12小时,"手机/电瓶车充电难,饮水不便","应急庇护,充电续航",社区便利店/超市内,A（高频便利型）,4.0,4.0,5.0,3.0,1.0,4.0,4.0,5.0,5.0,"完全由政府出资,由外卖平台承担",完全不愿意,3.0,,6个月-1年,8000-12000元
95,312,外卖骑手,18-24岁,众包,住宅区/社区为主,是，偶尔用,8-12小时,手机/电瓶车充电难,"应急庇护,充足的电瓶车停车位",社区便利店/超市内,A（高频便利型）,4.0,4.0,4.0,4.0,1.0,4.0,5.0,4.0,4.0,"由外卖平台承担,广告收入",不太愿意,2.0,,不到6个月,8000-12000元
96,194,外卖骑手,25-30岁,众包,混合区域,是，偶尔用,8-12小时,"饮水不便,身体疲劳无处缓解,找不到合适地方休息","充电续航,应急庇护",闲置核酸亭/集装箱改造,C（弹性流动型）,3.0,4.0,4.0,3.0,1.0,4.0,3.0,4.0,3.0,"完全由政府出资,由外卖平台承担",不太愿意,4.0,,不到6个月,8000-12000元
97,234,外卖骑手,25-30岁,众包,商业区/写字楼为主,知道，但从没用过,少于4小时,"找不到合适地方休息,上厕所不便,手机/电瓶车充电难","便利服务,充电续航",闲置核酸亭/集装箱改造,A（高频便利型）,4.0,4.0,3.0,4.0,1.0,4.0,4.0,4.0,5.0,"广告收入,完全由政府出资",视情况而定,2.0,,不到6个月,5000-8000元
104,469,外卖骑手,25-30岁,众包,混合区域,是，偶尔用,8-12小时,身体疲劳无处缓解,"充电续航,应急庇护",社区便利店/超市内,B（综合保障型）,4.0,4.0,3.0,4.0,1.0,5.0,4.0,4.0,3.0,"广告收入,完全由政府出资",视情况而定,2.0,,不到6个月,5000-8000元
105,413,外卖骑手,31-40岁,众包,住宅区/社区为主,是，经常用,超过12小时,"手机/电瓶车充电难,身体疲劳无处缓解","应急庇护,充足的电瓶车停车位",社区便利店/超市内,A（高频便利型）,4.0,4.0,4.0,5.0,1.0,5.0,5.0,5.0,4.0,"向骑手收取少量费用,完全由政府出资",视情况而定,2.0,,6个月-1年,12000元以上
106,45,外卖骑手,18-24岁,众包,混合区域,完全不知道,8-12小时,"找不到合适地方休息,饮水不便,手机/电瓶车充电难","充足的电瓶车停车位,应急庇护",闲置核酸亭/集装箱改造,A（高频便利型）,3.0,4.0,4.0,4.0,5.0,4.0,4.0,5.0,5.0,"广告收入,由外卖平台承担",视情况而定,4.0,,6个月-1年,8000-12000元
108,290,外卖骑手,31-40岁,众包,住宅区/社区为主,知道，但从没用过,8-12小时,"身体疲劳无处缓解,找不到合适地方休息,手机/电瓶车充电难","充电续航,便利服务",社区便利店/超市内,B（综合保障型）,2.0,3.0,2.0,2.0,1.0,3.0,3.0,4.0,3.0,"向骑手收取少量费用,完全由政府出资",不太愿意,2.0,,1-3年,5000-8000元
110,225,外卖骑手,31-40岁,众包,混合区域,完全不知道,8-12小时,"饮水不便,身体疲劳无处缓解","充足的电瓶车停车位,应急庇护",社区便利店/超市内,A（高频便利型）,2.0,2.0,2.0,2.0,5.0,2.0,2.0,2.0,2.0,"由外卖平台承担,广告收入",愿意支付,4.0,,1-3年,5000-8000元
112,491,外卖骑手,25-30岁,众包,商业区/写字楼为主,是，经常用,8-12小时,"手机/电瓶车充电难,身体疲劳无处缓解,上厕所不便","应急庇护,便利服务",社区便利店/超市内,B（综合保障型）,4.0,3.0,4.0,4.0,1.0,3.0,4.0,4.0,3.0,"向骑手收取少量费用,广告收入",愿意支付,4.0,,3年以上,5000-8000元
115,216,外卖骑手,31-40岁,众包,混合区域,完全不知道,少于4小时,"找不到合适地方休息,上厕所不便,身体疲劳无处缓解","充电续航,便利服务",闲置核酸亭/集装箱改造,A（高频便利型）,2.0,2.0,2.0,2.0,4.0,2.0,2.0,2.0,2.0,"广告收入,完全由政府出资",不太愿意,1.0,,6个月-1年,5000元以下
116,264,外卖骑手,31-40岁,众包,住宅区/社区为主,完全不知道,4-8小时,"手机/电瓶车充电难,身体疲劳无处缓解,上厕所不便","充足的电瓶车停车位,基础休憩",社区便利店/超市内,C（弹性流动型）,3.0,3.0,4.0,5.0,2.0,4.0,4.0,4.0,4.0,"完全由政府出资,由外卖平台承担",视情况而定,1.0,,不到6个月,5000元以下
120,808,外卖骑手,25-30岁,专送,住宅区/社区为主,完全不知道,4-8小时,"找不到合适地方休息,身体疲劳无处缓解,饮水不便","应急庇护,充电续航",社区便利店/超市内,A（高频便利型）,4.0,4.0,5.0,4.0,1.0,4.0,5.0,4.0,4.0,"广告收入,向骑手收取少量费用",愿意支付,1.0,,不到6个月,5000-8000元
121,927,外卖骑手,25-30岁,专送,住宅区/社区为主,是，经常用,4-8小时,"找不到合适地方休息,饮水不便,身体疲劳无处缓解","便利服务,应急庇护",社区便利店/超市内,A（高频便利型）,4.0,5.0,3.0,4.0,1.0,4.0,4.0,4.0,4.0,"向骑手收取少量费用,由外卖平台承担",愿意支付,4.0,,不到6个月,5000-8000元
122,233,外卖骑手,31-40岁,众包,商业区/写字楼为主,是，经常用,少于4小时,手机/电瓶车充电难,"充电续航,应急庇护",社区便利店/超市内,A（高频便利型）,3.0,3.0,3.0,3.0,1.0,3.0,3.0,3.0,4.0,"完全由政府出资,广告收入",完全不愿意,2.0,,1-3年,5000元以下
123,262,外卖骑手,25-30岁,众包,住宅区/社区为主,知道，但从没用过,超过12小时,"身体疲劳无处缓解,找不到合适地方休息,饮水不便","充电续航,基础休憩",小区出入口/门卫室附近,A（高频便利型）,4.0,4.0,4.0,4.0,5.0,4.0,4.0,4.0,4.0,"完全由政府出资,由外卖平台承担",完全不愿意,5.0,,3年以上,5000元以下
124,427,外卖骑手,18-24岁,专送,住宅区/社区为主,完全不知道,4-8小时,身体疲劳无处缓解,"充电续航,应急庇护",小区出入口/门卫室附近,A（高频便利型）,4.0,4.0,4.0,3.0,1.0,4.0,4.0,4.0,3.0,"向骑手收取少量费用,广告收入",完全不愿意,4.0,,6个月-1年,8000-12000元
125,193,外卖骑手,25-30岁,专送,商业区/写字楼为主,完全不知道,少于4小时,找不到合适地方休息,"基础休憩,应急庇护",小区出入口/门卫室附近,A（高频便利型）,4.0,5.0,4.0,4.0,4.0,4.0,4.0,4.0,4.0,"由外卖平台承担,向骑手收取少量费用",视情况而定,5.0,,6个月-1年,8000-12000元
126,289,外卖骑手,25-30岁,众包,住宅区/社区为主,是，偶尔用,超过12小时,手机/电瓶车充电难,"应急庇护,便利服务",社区便利店/超市内,A（高频便利型）,4.0,3.0,3.0,3.0,4.0,3.0,3.0,3.0,4.0,"完全由政府出资,向骑手收取少量费用",不太愿意,5.0,,6个月-1年,5000元以下
127,394,外卖骑手,25-30岁,专送,商业区/写字楼为主,是，经常用,超过12小时,"手机/电瓶车充电难,饮水不便","便利服务,充足的电瓶车停车位",社区便利店/超市内,A（高频便利型）,3.0,3.0,3.0,3.0,3.0,3.0,3.0,3.0,3.0,"由外卖平台承担,广告收入",完全不愿意,5.0,,不到6个月,8000-12000元
129,176,外卖骑手,25-30岁,众包,住宅区/社区为主,完全不知道,8-12小时,找不到合适地方休息,"基础休憩,应急庇护",社区便利店/超市内,B（综合保障型）,4.0,3.0,4.0,5.0,1.0,4.0,4.0,4.0,4.0,"向骑手收取少量费用,广告收入",愿意支付,1.0,,6个月-1年,8000-12000元
130,485,外卖骑手,18-24岁,众包,商业区/写字楼为主,是，经常用,8-12小时,身体疲劳无处缓解,"基础休憩,充足的电瓶车停车位",小区出入口/门卫室附近,A（高频便利型）,4.0,4.0,4.0,4.0,1.0,4.0,5.0,5.0,4.0,"完全由政府出资,广告收入",视情况而定,3.0,,6个月-1年,8000-12000元
131,259,外卖骑手,41岁及以上,专送,商业区/写字楼为主,是，偶尔用,少于4小时,"找不到合适地方休息,身体疲劳无处缓解,饮水不便","便利服务,基础休憩",小区出入口/门卫室附近,A（高频便利型）,4.0,4.0,5.0,3.0,1.0,4.0,5.0,3.0,4.0,"广告收入,向骑手收取少量费用",完全不愿意,5.0,,不到6个月,5000-8000元
132,665,外卖骑手,18-24岁,众包,混合区域,是，经常用,4-8小时,手机/电瓶车充电难,"便利服务,充电续航",社区便利店/超市内,A（高频便利型）,3.0,4.0,3.0,3.0,5.0,3.0,2.0,3.0,3.0,"向骑手收取少量费用,完全由政府出资",完全不愿意,5.0,,不到6个月,5000元以下
133,331,外卖骑手,41岁及以上,众包,混合区域,完全不知道,超过12小时,饮水不便,"充足的电瓶车停车位,便利服务",社区便利店/超市内,A（高频便利型）,4.0,4.0,4.0,4.0,2.0,4.0,4.0,4.0,5.0,"向骑手收取少量费用,广告收入",不太愿意,5.0,,不到6个月,8000-12000元
138,363,外卖骑手,18-24岁,众包,混合区域,是，偶尔用,少于4小时,"身体疲劳无处缓解,饮水不便","充足的电瓶车停车位,充电续航",社区便利店/超市内,A（高频便利型）,4.0,4.0,4.0,4.0,2.0,5.0,4.0,3.0,4.0,"广告收入,由外卖平台承担",不太愿意,2.0,,6个月-1年,8000-12000元
139,547,外卖骑手,31-40岁,众包,混合区域,是，经常用,4-8小时,"饮水不便,手机/电瓶车充电难,找不到合适地方休息","充电续航,便利服务",社区便利店/超市内,B（综合保障型）,5.0,5.0,5.0,5.0,1.0,5.0,5.0,4.0,4.0,"广告收入,完全由政府出资",不太愿意,1.0,,6个月-1年,12000元以上
140,519,外卖骑手,25-30岁,众包,混合区域,知道，但从没用过,超过12小时,"找不到合适地方休息,手机/电瓶车充电难,上厕所不便","充足的电瓶车停车位,充电续航",社区便利店/超市内,A（高频便利型）,4.0,4.0,3.0,3.0,1.0,4.0,4.0,3.0,3.0,"完全由政府出资,由外卖平台承担",完全不愿意,2.0,,1-3年,5000-8000元
141,926,外卖骑手,25-30岁,众包,商业区/写字楼为主,知道，但从没用过,8-12小时,"上厕所不便,找不到合适地方休息","基础休憩,充足的电瓶车停车位",社区便利店/超市内,A（高频便利型）,4.0,4.0,4.0,4.0,1.0,4.0,4.0,3.0,4.0,"由外卖平台承担,完全由政府出资",视情况而定,3.0,,1-3年,5000-8000元
144,342,外卖骑手,25-30岁,众包,住宅区/社区为主,是，经常用,8-12小时,手机/电瓶车充电难,"便利服务,充足的电瓶车停车位",社区便利店/超市内,A（高频便利型）,3.0,3.0,4.0,2.0,1.0,3.0,3.0,3.0,3.0,"由外卖平台承担,广告收入",完全不愿意,2.0,,6个月-1年,5000-8000元
146,318,外卖骑手,41岁及以上,众包,住宅区/社区为主,完全不知道,4-8小时,手机/电瓶车充电难,"应急庇护,充足的电瓶车停车位",社区便利店/超市内,A（高频便利型）,4.0,4.0,4.0,4.0,1.0,4.0,5.0,3.0,4.0,"由外卖平台承担,向骑手收取少量费用",完全不愿意,4.0,,不到6个月,5000元以下
150,267,外卖骑手,41岁及以上,众包,住宅区/社区为主,完全不知道,8-12小时,"上厕所不便,身体疲劳无处缓解,找不到合适地方休息","基础休憩,便利服务",社区便利店/超市内,B（综合保障型）,3.0,4.0,4.0,4.0,1.0,4.0,4.0,3.0,4.0,"由外卖平台承担,向骑手收取少量费用",完全不愿意,4.0,,不到6个月,12000元以上
153,348,外卖骑手,31-40岁,众包,住宅区/社区为主,完全不知道,超过12小时,手机/电瓶车充电难,"应急庇护,充足的电瓶车停车位",小区出入口/门卫室附近,B（综合保障型）,5.0,5.0,5.0,5.0,4.0,5.0,5.0,5.0,5.0,"向骑手收取少量费用,广告收入",完全不愿意,5.0,,不到6个月,12000元以上
155,413,外卖骑手,25-30岁,众包,住宅区/社区为主,是，经常用,超过12小时,"身体疲劳无处缓解,饮水不便","充电续航,便利服务",社区便利店/超市内,A（高频便利型）,3.0,3.0,3.0,4.0,1.0,3.0,4.0,3.0,4.0,"广告收入,向骑手收取少量费用",完全不愿意,3.0,,不到6个月,5000元以下
156,387,外卖骑手,25-30岁,众包,住宅区/社区为主,知道，但从没用过,超过12小时,找不到合适地方休息,"应急庇护,便利服务",社区便利店/超市内,C（弹性流动型）,4.0,4.0,4.0,4.0,5.0,4.0,4.0,4.0,4.0,"向骑手收取少量费用,完全由政府出资",视情况而定,1.0,,不到6个月,8000-12000元
159,249,外卖骑手,41岁及以上,众包,商业区/写字楼为主,是，偶尔用,超过12小时,"手机/电瓶车充电难,身体疲劳无处缓解,饮水不便","基础休憩,应急庇护",社区便利店/超市内,A（高频便利型）,4.0,4.0,4.0,4.0,1.0,4.0,4.0,4.0,3.0,"完全由政府出资,由外卖平台承担",不太愿意,3.0,,6个月-1年,5000-8000元
160,197,外卖骑手,31-40岁,众包,住宅区/社区为主,知道，但从没用过,超过12小时,饮水不便,"便利服务,充电续航",社区便利店/超市内,A（高频便利型）,5.0,5.0,4.0,5.0,1.0,5.0,4.0,4.0,4.0,"由外卖平台承担,完全由政府出资",视情况而定,3.0,,6个月-1年,8000-12000元
161,186,外卖骑手,18-24岁,专送,混合区域,完全不知道,超过12小时,"找不到合适地方休息,手机/电瓶车充电难","充足的电瓶车停车位,便利服务",小区出入口/门卫室附近,A（高频便利型）,4.0,3.0,4.0,4.0,3.0,4.0,4.0,3.0,4.0,"由外卖平台承担,完全由政府出资",完全不愿意,1.0,,不到6个月,5000元以下
167,207,外卖骑手,25-30岁,众包,住宅区/社区为主,知道，但从没用过,8-12小时,"身体疲劳无处缓解,找不到合适地方休息,上厕所不便","便利服务,充足的电瓶车停车位",社区便利店/超市内,A（高频便利型）,4.0,3.0,4.0,3.0,1.0,3.0,3.0,3.0,4.0,"完全由政府出资,向骑手收取少量费用",视情况而定,4.0,,1-3年,12000元以上
168,156,外卖骑手,25-30岁,专送,混合区域,是，经常用,超过12小时,身体疲劳无处缓解,"充电续航,基础休憩",社区便利店/超市内,A（高频便利型）,5.0,5.0,5.0,5.0,5.0,4.0,5.0,5.0,4.0,"由外卖平台承担,完全由政府出资",愿意支付,2.0,,不到6个月,12000元以上
169,998,外卖骑手,25-30岁,众包,混合区域,完全不知道,超过12小时,"饮水不便,身体疲劳无处缓解","充电续航,基础休憩",社区便利店/超市内,A（高频便利型）,3.0,4.0,4.0,2.0,2.0,3.0,4.0,4.0,4.0,"由外卖平台承担,向骑手收取少量费用",完全不愿意,3.0,,不到6个月,5000元以下
170,516,外卖骑手,18-24岁,众包,住宅区/社区为主,知道，但从没用过,超过12小时,"上厕所不便,手机/电瓶车充电难","充足的电瓶车停车位,便利服务",小区出入口/门卫室附近,A（高频便利型）,4.0,5.0,4.0,4.0,2.0,5.0,5.0,4.0,3.0,"由外卖平台承担,向骑手收取少量费用",完全不愿意,5.0,,不到6个月,5000元以下
171,369,外卖骑手,41岁及以上,众包,住宅区/社区为主,知道，但从没用过,4-8小时,"上厕所不便,身体疲劳无处缓解","便利服务,基础休憩",社区便利店/超市内,A（高频便利型）,4.0,4.0,3.0,4.0,1.0,4.0,5.0,5.0,5.0,"完全由政府出资,广告收入",愿意支付,5.0,,6个月-1年,8000-12000元
175,320,外卖骑手,31-40岁,众包,混合区域,完全不知道,少于4小时,"手机/电瓶车充电难,上厕所不便","基础休憩,充电续航",社区便利店/超市内,A（高频便利型）,4.0,4.0,4.0,4.0,1.0,3.0,4.0,3.0,4.0,"向骑手收取少量费用,广告收入",完全不愿意,5.0,,3年以上,5000元以下
177,226,外卖骑手,25-30岁,众包,商业区/写字楼为主,完全不知道,8-12小时,"找不到合适地方休息,身体疲劳无处缓解,饮水不便","应急庇护,基础休憩",社区党群服务中心,B（综合保障型）,4.0,4.0,5.0,5.0,1.0,5.0,5.0,5.0,5.0,"完全由政府出资,广告收入",愿意支付,3.0,,1-3年,8000-12000元
178,545,外卖骑手,25-30岁,专送,商业区/写字楼为主,是，经常用,超过12小时,"找不到合适地方休息,手机/电瓶车充电难,身体疲劳无处缓解","充足的电瓶车停车位,基础休憩",闲置核酸亭/集装箱改造,B（综合保障型）,2.0,2.0,2.0,2.0,1.0,3.0,2.0,3.0,2.0,"完全由政府出资,广告收入",不太愿意,3.0,,3年以上,5000-8000元
180,200,外卖骑手,31-40岁,专送,住宅区/社区为主,完全不知道,4-8小时,"上厕所不便,找不到合适地方休息,身体疲劳无处缓解","充电续航,便利服务",社区便利店/超市内,B（综合保障型）,4.0,4.0,5.0,5.0,1.0,4.0,5.0,4.0,4.0,"向骑手收取少量费用,由外卖平台承担",完全不愿意,3.0,,1-3年,5000元以下
182,246,外卖骑手,31-40岁,专送,商业区/写字楼为主,知道，但从没用过,8-12小时,身体疲劳无处缓解,"基础休憩,应急庇护",社区便利店/超市内,A（高频便利型）,5.0,4.0,4.0,5.0,1.0,5.0,5.0,3.0,4.0,"完全由政府出资,由外卖平台承担",愿意支付,2.0,,不到6个月,8000-12000元
185,302,外卖骑手,18-24岁,专送,商业区/写字楼为主,是，经常用,4-8小时,"饮水不便,上厕所不便","充足的电瓶车停车位,基础休憩",社区便利店/超市内,B（综合保障型）,4.0,5.0,5.0,5.0,1.0,5.0,4.0,5.0,4.0,"向骑手收取少量费用,完全由政府出资",不太愿意,1.0,,1-3年,5000-8000元
189,605,外卖骑手,41岁及以上,众包,商业区/写字楼为主,是，经常用,少于4小时,饮水不便,"应急庇护,便利服务",社区便利店/超市内,A（高频便利型）,3.0,3.0,3.0,3.0,4.0,3.0,3.0,3.0,3.0,"向骑手收取少量费用,广告收入",不太愿意,2.0,,1-3年,12000元以上
191,228,外卖骑手,18-24岁,众包,混合区域,是，偶尔用,4-8小时,"身体疲劳无处缓解,上厕所不便,饮水不便","便利服务,充足的电瓶车停车位",社区便利店/超市内,A（高频便利型）,3.0,3.0,4.0,4.0,1.0,3.0,3.0,3.0,3.0,"由外卖平台承担,广告收入",愿意支付,3.0,,不到6个月,12000元以上
192,442,外卖骑手,18-24岁,众包,住宅区/社区为主,知道，但从没用过,超过12小时,手机/电瓶车充电难,"充电续航,基础休憩",小区出入口/门卫室附近,C（弹性流动型）,5.0,4.0,4.0,5.0,1.0,5.0,4.0,5.0,5.0,"向骑手收取少量费用,广告收入",不太愿意,5.0,,不到6个月,8000-12000元
193,440,外卖骑手,18-24岁,众包,住宅区/社区为主,完全不知道,4-8小时,"身体疲劳无处缓解,上厕所不便","应急庇护,充电续航",小区出入口/门卫室附近,A（高频便利型）,4.0,4.0,4.0,3.0,1.0,3.0,4.0,3.0,4.0,"完全由政府出资,向骑手收取少量费用",视情况而定,4.0,,不到6个月,5000元以下
196,304,外卖骑手,41岁及以上,专送,住宅区/社区为主,知道，但从没用过,少于4小时,"找不到合适地方休息,饮水不便,身体疲劳无处缓解","充足的电瓶车停车位,基础休憩",闲置核酸亭/集装箱改造,A（高频便利型）,4.0,4.0,4.0,4.0,3.0,4.0,4.0,3.0,4.0,"向骑手收取少量费用,完全由政府出资",不太愿意,5.0,,3年以上,5000-8000元
198,112,外卖骑手,41岁及以上,众包,混合区域,是，经常用,8-12小时,"找不到合适地方休息,饮水不便,身体疲劳无处缓解","应急庇护,充电续航",社区便利店/超市内,A（高频便利型）,4.0,4.0,4.0,4.0,2.0,4.0,4.0,4.0,4.0,"向骑手收取少量费用,广告收入",愿意支付,1.0,,6个月-1年,5000元以下
201,118,外卖骑手,18-24岁,专送,住宅区/社区为主,知道，但从没用过,8-12小时,身体疲劳无处缓解,"基础休憩,充足的电瓶车停车位",社区便利店/超市内,C（弹性流动型）,5.0,5.0,5.0,5.0,2.0,5.0,5.0,5.0,5.0,"完全由政府出资,广告收入",完全不愿意,4.0,,6个月-1年,5000元以下
203,274,外卖骑手,18-24岁,众包,混合区域,是，经常用,8-12小时,"找不到合适地方休息,身体疲劳无处缓解,手机/电瓶车充电难","便利服务,充足的电瓶车停车位",小区出入口/门卫室附近,A（高频便利型）,4.0,3.0,3.0,3.0,1.0,3.0,3.0,4.0,4.0,"由外卖平台承担,广告收入",完全不愿意,3.0,,不到6个月,5000-8000元
205,643,外卖骑手,31-40岁,专送,商业区/写字楼为主,知道，但从没用过,4-8小时,"手机/电瓶车充电难,找不到合适地方休息","便利服务,应急庇护",闲置核酸亭/集装箱改造,A（高频便利型）,3.0,3.0,3.0,3.0,1.0,3.0,4.0,3.0,4.0,"广告收入,向骑手收取少量费用",愿意支付,4.0,,6个月-1年,5000元以下
209,267,外卖骑手,18-24岁,众包,住宅区/社区为主,是，偶尔用,4-8小时,饮水不便,"应急庇护,充电续航",社区便利店/超市内,A（高频便利型）,4.0,3.0,4.0,4.0,1.0,4.0,4.0,4.0,4.0,"广告收入,完全由政府出资",不太愿意,5.0,,1-3年,12000元以上
210,289,外卖骑手,18-24岁,专送,商业区/写字楼为主,知道，但从没用过,8-12小时,上厕所不便,"便利服务,应急庇护",闲置核酸亭/集装箱改造,B（综合保障型）,3.0,2.0,1.0,3.0,5.0,3.0,3.0,2.0,3.0,"向骑手收取少量费用,完全由政府出资",不太愿意,3.0,,3年以上,5000元以下
211,177,外卖骑手,25-30岁,专送,混合区域,知道，但从没用过,超过12小时,饮水不便,"便利服务,基础休憩",社区便利店/超市内,A（高频便利型）,4.0,4.0,4.0,3.0,1.0,3.0,5.0,3.0,4.0,"广告收入,向骑手收取少量费用",视情况而定,3.0,,不到6个月,5000-8000元
212,427,外卖骑手,18-24岁,众包,住宅区/社区为主,是，偶尔用,少于4小时,"饮水不便,手机/电瓶车充电难,上厕所不便","充足的电瓶车停车位,便利服务",社区便利店/超市内,A（高频便利型）,4.0,5.0,4.0,4.0,1.0,4.0,4.0,5.0,5.0,"广告收入,完全由政府出资",愿意支付,4.0,,不到6个月,8000-12000元
214,1303,外卖骑手,25-30岁,众包,住宅区/社区为主,知道，但从没用过,8-12小时,"找不到合适地方休息,手机/电瓶车充电难","便利服务,基础休憩",闲置核酸亭/集装箱改造,A（高频便利型）,3.0,3.0,2.0,4.0,2.0,3.0,4.0,4.0,3.0,"广告收入,向骑手收取少量费用",完全不愿意,3.0,,不到6个月,5000元以下
216,223,外卖骑手,25-30岁,专送,混合区域,完全不知道,超过12小时,"手机/电瓶车充电难,上厕所不便","基础休憩,充足的电瓶车停车位",社区便利店/超市内,C（弹性流动型）,3.0,3.0,3.0,3.0,1.0,3.0,3.0,3.0,2.0,"完全由政府出资,向骑手收取少量费用",视情况而定,3.0,,6个月-1年,5000-8000元
217,878,外卖骑手,25-30岁,专送,商业区/写字楼为主,是，经常用,4-8小时,"饮水不便,身体疲劳无处缓解","应急庇护,便利服务",小区出入口/门卫室附近,C（弹性流动型）,4.0,3.0,4.0,3.0,1.0,4.0,4.0,3.0,3.0,"由外卖平台承担,广告收入",愿意支付,1.0,,1-3年,12000元以上
218,410,外卖骑手,18-24岁,众包,商业区/写字楼为主,是，经常用,超过12小时,"饮水不便,手机/电瓶车充电难,身体疲劳无处缓解","便利服务,应急庇护",社区便利店/超市内,A（高频便利型）,2.0,3.0,2.0,2.0,1.0,3.0,2.0,2.0,2.0,"向骑手收取少量费用,由外卖平台承担",完全不愿意,3.0,,6个月-1年,5000-8000元
219,387,外卖骑手,25-30岁,众包,商业区/写字楼为主,是，偶尔用,4-8小时,找不到合适地方休息,"基础休憩,充电续航",闲置核酸亭/集装箱改造,A（高频便利型）,4.0,5.0,4.0,4.0,1.0,4.0,4.0,3.0,3.0,"广告收入,向骑手收取少量费用",完全不愿意,4.0,,1-3年,5000元以下
220,273,外卖骑手,31-40岁,众包,商业区/写字楼为主,是，偶尔用,4-8小时,"身体疲劳无处缓解,饮水不便,找不到合适地方休息","便利服务,基础休憩",社区便利店/超市内,A（高频便利型）,4.0,4.0,3.0,3.0,1.0,3.0,3.0,3.0,3.0,"向骑手收取少量费用,广告收入",完全不愿意,2.0,,3年以上,8000-12000元
225,240,外卖骑手,25-30岁,专送,混合区域,是，偶尔用,8-12小时,身体疲劳无处缓解,"充电续航,基础休憩",闲置核酸亭/集装箱改造,A（高频便利型）,4.0,4.0,5.0,3.0,1.0,4.0,4.0,4.0,5.0,"完全由政府出资,由外卖平台承担",不太愿意,2.0,,不到6个月,12000元以上
226,307,外卖骑手,31-40岁,众包,住宅区/社区为主,完全不知道,超过12小时,"饮水不便,手机/电瓶车充电难","充电续航,充足的电瓶车停车位",社区便利店/超市内,B（综合保障型）,3.0,2.0,3.0,4.0,3.0,3.0,3.0,4.0,3.0,"由外卖平台承担,广告收入",愿意支付,5.0,,6个月-1年,5000-8000元
230,393,外卖骑手,18-24岁,众包,住宅区/社区为主,是，偶尔用,4-8小时,"找不到合适地方休息,手机/电瓶车充电难","基础休憩,应急庇护",社区党群服务中心,A（高频便利型）,4.0,5.0,5.0,4.0,1.0,5.0,4.0,5.0,4.0,"广告收入,完全由政府出资",不太愿意,3.0,,不到6个月,8000-12000元
231,111,外卖骑手,18-24岁,众包,商业区/写字楼为主,知道，但从没用过,超过12小时,找不到合适地方休息,"充电续航,便利服务",闲置核酸亭/集装箱改造,B（综合保障型）,4.0,4.0,4.0,4.0,1.0,4.0,4.0,4.0,3.0,"由外卖平台承担,完全由政府出资",不太愿意,5.0,,1-3年,8000-12000元
232,808,外卖骑手,18-24岁,专送,混合区域,是，偶尔用,4-8小时,"手机/电瓶车充电难,身体疲劳无处缓解","应急庇护,充足的电瓶车停车位",社区便利店/超市内,C（弹性流动型）,3.0,2.0,3.0,4.0,1.0,4.0,3.0,3.0,3.0,"完全由政府出资,向骑手收取少量费用",不太愿意,3.0,,1-3年,8000-12000元
234,220,外卖骑手,25-30岁,众包,商业区/写字楼为主,是，偶尔用,超过12小时,找不到合适地方休息,"充电续航,应急庇护",小区出入口/门卫室附近,C（弹性流动型）,3.0,2.0,2.0,2.0,1.0,3.0,2.0,2.0,2.0,"完全由政府出资,向骑手收取少量费用",视情况而定,3.0,,1-3年,5000-8000元
236,560,外卖骑手,18-24岁,众包,住宅区/社区为主,完全不知道,8-12小时,找不到合适地方休息,"便利服务,应急庇护",小区出入口/门卫室附近,A（高频便利型）,5.0,5.0,5.0,4.0,1.0,4.0,5.0,3.0,4.0,"完全由政府出资,广告收入",完全不愿意,2.0,,6个月-1年,5000-8000元
240,740,外卖骑手,18-24岁,专送,商业区/写字楼为主,完全不知道,少于4小时,饮水不便,"应急庇护,便利服务",社区便利店/超市内,A（高频便利型）,3.0,4.0,4.0,4.0,2.0,3.0,4.0,3.0,3.0,"由外卖平台承担,完全由政府出资",愿意支付,2.0,,不到6个月,5000元以下
241,520,外卖骑手,25-30岁,众包,混合区域,知道，但从没用过,超过12小时,"饮水不便,手机/电瓶车充电难","基础休憩,便利服务",闲置核酸亭/集装箱改造,A（高频便利型）,4.0,3.0,4.0,4.0,1.0,5.0,4.0,4.0,3.0,"由外卖平台承担,向骑手收取少量费用",不太愿意,4.0,,不到6个月,12000元以上
244,70,外卖骑手,25-30岁,众包,混合区域,是，偶尔用,超过12小时,"饮水不便,找不到合适地方休息,上厕所不便","基础休憩,便利服务",社区便利店/超市内,A（高频便利型）,3.0,2.0,2.0,2.0,2.0,3.0,4.0,3.0,3.0,"完全由政府出资,广告收入",完全不愿意,3.0,,不到6个月,5000-8000元
245,289,外卖骑手,31-40岁,专送,住宅区/社区为主,知道，但从没用过,8-12小时,"饮水不便,手机/电瓶车充电难","充电续航,便利服务",闲置核酸亭/集装箱改造,B（综合保障型）,4.0,4.0,4.0,5.0,1.0,4.0,4.0,4.0,4.0,"向骑手收取少量费用,广告收入",愿意支付,2.0,,不到6个月,8000-12000元
247,205,外卖骑手,25-30岁,众包,住宅区/社区为主,是，经常用,少于4小时,"手机/电瓶车充电难,饮水不便","便利服务,应急庇护",社区便利店/超市内,A（高频便利型）,4.0,3.0,4.0,4.0,2.0,3.0,3.0,3.0,3.0,"完全由政府出资,由外卖平台承担",完全不愿意,5.0,,不到6个月,12000元以上
249,546,外卖骑手,18-24岁,众包,混合区域,知道，但从没用过,8-12小时,"找不到合适地方休息,饮水不便,上厕所不便","充电续航,应急庇护",社区便利店/超市内,A（高频便利型）,5.0,5.0,5.0,4.0,1.0,4.0,4.0,4.0,5.0,"向骑手收取少量费用,由外卖平台承担",愿意支付,2.0,,1-3年,8000-12000元
251,687,外卖骑手,18-24岁,众包,混合区域,知道，但从没用过,4-8小时,"上厕所不便,身体疲劳无处缓解,手机/电瓶车充电难","充足的电瓶车停车位,应急庇护",社区便利店/超市内,B（综合保障型）,5.0,4.0,4.0,5.0,1.0,5.0,4.0,5.0,5.0,"由外卖平台承担,完全由政府出资",视情况而定,3.0,,6个月-1年,5000元以下
253,201,外卖骑手,25-30岁,专送,混合区域,是，经常用,少于4小时,"手机/电瓶车充电难,上厕所不便,找不到合适地方休息","便利服务,充电续航",社区便利店/超市内,A（高频便利型）,4.0,3.0,3.0,4.0,4.0,3.0,4.0,4.0,4.0,"向骑手收取少量费用,完全由政府出资",愿意支付,5.0,,不到6个月,5000-8000元
254,296,外卖骑手,18-24岁,众包,混合区域,知道，但从没用过,8-12小时,"身体疲劳无处缓解,手机/电瓶车充电难","充电续航,基础休憩",社区便利店/超市内,A（高频便利型）,3.0,3.0,3.0,3.0,1.0,3.0,3.0,4.0,3.0,"向骑手收取少量费用,完全由政府出资",愿意支付,5.0,,6个月-1年,8000-12000元
255,373,外卖骑手,25-30岁,专送,住宅区/社区为主,是，偶尔用,8-12小时,"上厕所不便,手机/电瓶车充电难,饮水不便","便利服务,应急庇护",闲置核酸亭/集装箱改造,A（高频便利型）,3.0,3.0,3.0,4.0,1.0,4.0,4.0,4.0,3.0,"向骑手收取少量费用,完全由政府出资",视情况而定,4.0,,6个月-1年,8000-12000元
257,917,外卖骑手,41岁及以上,专送,住宅区/社区为主,完全不知道,8-12小时,"上厕所不便,饮水不便,找不到合适地方休息","充足的电瓶车停车位,便利服务",小区出入口/门卫室附近,A（高频便利型）,4.0,3.0,4.0,2.0,2.0,3.0,3.0,3.0,2.0,"由外卖平台承担,广告收入",愿意支付,1.0,,6个月-1年,5000元以下
258,564,外卖骑手,41岁及以上,众包,住宅区/社区为主,完全不知道,4-8小时,"身体疲劳无处缓解,饮水不便","充电续航,应急庇护",社区便利店/超市内,A（高频便利型）,3.0,3.0,3.0,4.0,1.0,4.0,3.0,3.0,3.0,"由外卖平台承担,广告收入",视情况而定,2.0,,不到6个月,5000元以下
263,456,外卖骑手,25-30岁,专送,住宅区/社区为主,是，偶尔用,超过12小时,"上厕所不便,饮水不便","便利服务,基础休憩",社区便利店/超市内,A（高频便利型）,4.0,4.0,4.0,4.0,5.0,4.0,4.0,4.0,4.0,"由外卖平台承担,向骑手收取少量费用",不太愿意,4.0,,6个月-1年,5000元以下
265,240,外卖骑手,25-30岁,众包,商业区/写字楼为主,知道，但从没用过,8-12小时,"身体疲劳无处缓解,手机/电瓶车充电难,饮水不便","应急庇护,便利服务",社区便利店/超市内,A（高频便利型）,5.0,4.0,5.0,4.0,1.0,5.0,5.0,4.0,5.0,"完全由政府出资,向骑手收取少量费用",视情况而定,1.0,,不到6个月,12000元以上
266,240,外卖骑手,25-30岁,众包,商业区/写字楼为主,是，经常用,8-12小时,上厕所不便,"充足的电瓶车停车位,应急庇护",社区便利店/超市内,B（综合保障型）,4.0,4.0,4.0,4.0,1.0,5.0,4.0,4.0,4.0,"由外卖平台承担,向骑手收取少量费用",不太愿意,2.0,,1-3年,12000元以上
267,318,外卖骑手,18-24岁,众包,住宅区/社区为主,完全不知道,超过12小时,身体疲劳无处缓解,"充电续航,基础休憩",闲置核酸亭/集装箱改造,B（综合保障型）,4.0,4.0,4.0,3.0,5.0,4.0,3.0,4.0,3.0,"完全由政府出资,向骑手收取少量费用",完全不愿意,5.0,,不到6个月,5000-8000元
269,690,外卖骑手,25-30岁,众包,住宅区/社区为主,知道，但从没用过,超过12小时,"饮水不便,上厕所不便,找不到合适地方休息","便利服务,应急庇护",社区便利店/超市内,A（高频便利型）,3.0,3.0,3.0,3.0,3.0,4.0,4.0,3.0,4.0,"广告收入,完全由政府出资",不太愿意,5.0,,不到6个月,8000-12000元
270,219,外卖骑手,18-24岁,众包,住宅区/社区为主,完全不知道,4-8小时,"饮水不便,手机/电瓶车充电难","充电续航,基础休憩",社区便利店/超市内,A（高频便利型）,3.0,4.0,3.0,3.0,1.0,3.0,3.0,3.0,3.0,"由外卖平台承担,广告收入",不太愿意,1.0,,不到6个月,8000-12000元
271,451,外卖骑手,25-30岁,专送,住宅区/社区为主,完全不知道,8-12小时,找不到合适地方休息,"基础休憩,便利服务",小区出入口/门卫室附近,C（弹性流动型）,5.0,5.0,5.0,5.0,1.0,5.0,4.0,4.0,4.0,"向骑手收取少量费用,广告收入",完全不愿意,3.0,,1-3年,8000-12000元
274,126,外卖骑手,31-40岁,众包,住宅区/社区为主,知道，但从没用过,超过12小时,"找不到合适地方休息,手机/电瓶车充电难","充足的电瓶车停车位,基础休憩",小区出入口/门卫室附近,A（高频便利型）,5.0,4.0,5.0,5.0,5.0,5.0,4.0,5.0,4.0,"由外卖平台承担,向骑手收取少量费用",完全不愿意,2.0,,1-3年,12000元以上
275,108,外卖骑手,18-24岁,众包,商业区/写字楼为主,知道，但从没用过,少于4小时,手机/电瓶车充电难,"应急庇护,便利服务",社区便利店/超市内,A（高频便利型）,3.0,3.0,3.0,4.0,4.0,3.0,3.0,3.0,3.0,"广告收入,向骑手收取少量费用",愿意支付,4.0,,不到6个月,12000元以上
276,562,外卖骑手,31-40岁,专送,混合区域,知道，但从没用过,超过12小时,"手机/电瓶车充电难,找不到合适地方休息","充电续航,充足的电瓶车停车位",社区便利店/超市内,A（高频便利型）,5.0,5.0,5.0,4.0,1.0,5.0,5.0,5.0,5.0,"完全由政府出资,由外卖平台承担",不太愿意,2.0,,不到6个月,12000元以上
277,301,外卖骑手,31-40岁,专送,住宅区/社区为主,完全不知道,4-8小时,"找不到合适地方休息,身体疲劳无处缓解,上厕所不便","充电续航,便利服务",社区便利店/超市内,A（高频便利型）,5.0,4.0,5.0,4.0,1.0,5.0,4.0,4.0,4.0,"广告收入,由外卖平台承担",不太愿意,4.0,,不到6个月,8000-12000元
278,276,外卖骑手,41岁及以上,众包,商业区/写字楼为主,是，经常用,4-8小时,"手机/电瓶车充电难,身体疲劳无处缓解,饮水不便","基础休憩,应急庇护",社区便利店/超市内,A（高频便利型）,4.0,4.0,4.0,4.0,3.0,4.0,4.0,2.0,4.0,"由外卖平台承担,广告收入",视情况而定,5.0,,6个月-1年,5000元以下
279,278,外卖骑手,25-30岁,众包,住宅区/社区为主,是，经常用,少于4小时,"饮水不便,身体疲劳无处缓解","基础休憩,充电续航",闲置核酸亭/集装箱改造,A（高频便利型）,2.0,3.0,3.0,4.0,1.0,4.0,3.0,3.0,4.0,"完全由政府出资,向骑手收取少量费用",视情况而定,3.0,,1-3年,5000-8000元
281,563,外卖骑手,18-24岁,众包,商业区/写字楼为主,是，偶尔用,8-12小时,"上厕所不便,手机/电瓶车充电难,找不到合适地方休息","充足的电瓶车停车位,充电续航",小区出入口/门卫室附近,A（高频便利型）,4.0,3.0,5.0,4.0,1.0,4.0,5.0,4.0,3.0,"由外卖平台承担,广告收入",完全不愿意,5.0,,不到6个月,12000元以上
284,352,外卖骑手,25-30岁,众包,商业区/写字楼为主,完全不知道,超过12小时,手机/电瓶车充电难,"基础休憩,便利服务",闲置核酸亭/集装箱改造,C（弹性流动型）,5.0,5.0,4.0,5.0,1.0,4.0,5.0,4.0,3.0,"广告收入,由外卖平台承担",视情况而定,4.0,,不到6个月,12000元以上
286,634,外卖骑手,31-40岁,专送,商业区/写字楼为主,知道，但从没用过,4-8小时,"找不到合适地方休息,饮水不便","应急庇护,充足的电瓶车停车位",闲置核酸亭/集装箱改造,B（综合保障型）,3.0,4.0,3.0,3.0,1.0,3.0,3.0,2.0,2.0,"广告收入,完全由政府出资",视情况而定,1.0,,不到6个月,5000-8000元
289,773,外卖骑手,25-30岁,专送,商业区/写字楼为主,是，偶尔用,4-8小时,"找不到合适地方休息,身体疲劳无处缓解","应急庇护,充足的电瓶车停车位",小区出入口/门卫室附近,C（弹性流动型）,2.0,3.0,3.0,3.0,1.0,3.0,4.0,3.0,2.0,"向骑手收取少量费用,由外卖平台承担",不太愿意,2.0,,1-3年,8000-12000元
290,355,外卖骑手,25-30岁,众包,混合区域,是，偶尔用,8-12小时,"上厕所不便,找不到合适地方休息","应急庇护,基础休憩",社区便利店/超市内,A（高频便利型）,4.0,4.0,4.0,4.0,4.0,4.0,4.0,4.0,4.0,"广告收入,向骑手收取少量费用",完全不愿意,2.0,,1-3年,12000元以上
292,465,外卖骑手,31-40岁,专送,住宅区/社区为主,是，偶尔用,少于4小时,身体疲劳无处缓解,"应急庇护,充足的电瓶车停车位",社区便利店/超市内,A（高频便利型）,2.0,3.0,2.0,3.0,1.0,3.0,2.0,3.0,3.0,"由外卖平台承担,广告收入",不太愿意,5.0,,6个月-1年,5000-8000元
296,338,外卖骑手,25-30岁,专送,商业区/写字楼为主,知道，但从没用过,8-12小时,"饮水不便,手机/电瓶车充电难,找不到合适地方休息","充电续航,基础休憩",社区便利店/超市内,A（高频便利型）,4.0,4.0,4.0,5.0,1.0,4.0,4.0,4.0,3.0,"由外卖平台承担,向骑手收取少量费用",完全不愿意,2.0,,6个月-1年,12000元以上
298,1014,外卖骑手,18-24岁,众包,商业区/写字楼为主,是，经常用,少于4小时,饮水不便,"便利服务,应急庇护",小区出入口/门卫室附近,A（高频便利型）,3.0,2.0,3.0,3.0,1.0,3.0,3.0,3.0,3.0,"由外卖平台承担,完全由政府出资",愿意支付,3.0,,不到6个月,5000-8000元
299,1671,外卖骑手,18-24岁,专送,商业区/写字楼为主,完全不知道,超过12小时,"手机/电瓶车充电难,身体疲劳无处缓解,饮水不便","便利服务,基础休憩",社区便利店/超市内,B（综合保障型）,4.0,5.0,4.0,4.0,4.0,4.0,4.0,4.0,4.0,"向骑手收取少量费用,由外卖平台承担",愿意支付,5.0,,不到6个月,12000元以上
301,604,外卖骑手,25-30岁,众包,混合区域,是，经常用,少于4小时,"身体疲劳无处缓解,上厕所不便","应急庇护,充电续航",社区便利店/超市内,A（高频便利型）,4.0,4.0,4.0,3.0,1.0,4.0,4.0,3.0,4.0,"由外卖平台承担,向骑手收取少量费用",不太愿意,1.0,,不到6个月,5000元以下
306,310,外卖骑手,31-40岁,专送,住宅区/社区为主,是，经常用,8-12小时,"上厕所不便,找不到合适地方休息,饮水不便","充电续航,应急庇护",社区便利店/超市内,C（弹性流动型）,4.0,4.0,3.0,5.0,1.0,4.0,5.0,4.0,4.0,"广告收入,由外卖平台承担",视情况而定,2.0,,6个月-1年,5000-8000元
309,450,外卖骑手,25-30岁,众包,商业区/写字楼为主,完全不知道,8-12小时,"手机/电瓶车充电难,找不到合适地方休息,上厕所不便","充足的电瓶车停车位,基础休憩",闲置核酸亭/集装箱改造,A（高频便利型）,4.0,5.0,4.0,4.0,5.0,4.0,4.0,4.0,4.0,"由外卖平台承担,向骑手收取少量费用",完全不愿意,5.0,,不到6个月,12000元以上
310,367,外卖骑手,31-40岁,众包,商业区/写字楼为主,是，偶尔用,少于4小时,饮水不便,"充足的电瓶车停车位,充电续航",小区出入口/门卫室附近,A（高频便利型）,4.0,3.0,4.0,4.0,3.0,4.0,4.0,4.0,4.0,"向骑手收取少量费用,完全由政府出资",完全不愿意,3.0,,6个月-1年,12000元以上
311,658,外卖骑手,18-24岁,众包,商业区/写字楼为主,知道，但从没用过,8-12小时,饮水不便,"基础休憩,应急庇护",小区出入口/门卫室附近,A（高频便利型）,2.0,3.0,2.0,2.0,1.0,3.0,3.0,3.0,3.0,"完全由政府出资,向骑手收取少量费用",完全不愿意,5.0,,3年以上,8000-12000元
314,212,外卖骑手,31-40岁,众包,住宅区/社区为主,完全不知道,4-8小时,"饮水不便,找不到合适地方休息","便利服务,应急庇护",社区便利店/超市内,A（高频便利型）,3.0,3.0,3.0,3.0,4.0,3.0,3.0,3.0,3.0,"完全由政府出资,向骑手收取少量费用",完全不愿意,3.0,,不到6个月,5000元以下
315,388,外卖骑手,18-24岁,众包,住宅区/社区为主,知道，但从没用过,少于4小时,饮水不便,"充电续航,应急庇护",社区便利店/超市内,A（高频便利型）,5.0,5.0,5.0,5.0,5.0,5.0,5.0,5.0,5.0,"向骑手收取少量费用,由外卖平台承担",视情况而定,4.0,,6个月-1年,5000-8000元
317,207,外卖骑手,18-24岁,众包,住宅区/社区为主,是，偶尔用,超过12小时,"饮水不便,身体疲劳无处缓解,上厕所不便","基础休憩,充电续航",社区党群服务中心,B（综合保障型）,4.0,5.0,4.0,4.0,1.0,5.0,4.0,5.0,4.0,"广告收入,完全由政府出资",视情况而定,4.0,,不到6个月,8000-12000元
320,346,外卖骑手,18-24岁,众包,混合区域,是，偶尔用,4-8小时,饮水不便,"基础休憩,充电续航",小区出入口/门卫室附近,C（弹性流动型）,5.0,5.0,4.0,4.0,2.0,4.0,4.0,4.0,4.0,"由外卖平台承担,广告收入",愿意支付,4.0,,不到6个月,5000元以下
321,475,外卖骑手,31-40岁,专送,商业区/写字楼为主,知道，但从没用过,超过12小时,身体疲劳无处缓解,"应急庇护,充足的电瓶车停车位",社区便利店/超市内,A（高频便利型）,3.0,4.0,4.0,4.0,1.0,5.0,4.0,4.0,4.0,"向骑手收取少量费用,广告收入",视情况而定,3.0,,6个月-1年,8000-12000元
323,184,外卖骑手,18-24岁,专送,混合区域,是，偶尔用,8-12小时,"身体疲劳无处缓解,找不到合适地方休息","充电续航,应急庇护",社区便利店/超市内,A（高频便利型）,4.0,5.0,4.0,4.0,1.0,4.0,4.0,4.0,4.0,"广告收入,完全由政府出资",不太愿意,2.0,,不到6个月,5000-8000元
326,342,外卖骑手,41岁及以上,众包,混合区域,完全不知道,少于4小时,"找不到合适地方休息,上厕所不便","充电续航,充足的电瓶车停车位",社区党群服务中心,A（高频便利型）,3.0,4.0,4.0,3.0,2.0,4.0,4.0,4.0,4.0,"向骑手收取少量费用,完全由政府出资",视情况而定,5.0,,1-3年,12000元以上
327,332,外卖骑手,18-24岁,众包,商业区/写字楼为主,完全不知道,少于4小时,找不到合适地方休息,"基础休憩,充电续航",闲置核酸亭/集装箱改造,A（高频便利型）,4.0,4.0,4.0,4.0,5.0,5.0,5.0,5.0,5.0,"完全由政府出资,由外卖平台承担",完全不愿意,5.0,,1-3年,12000元以上
333,443,外卖骑手,25-30岁,众包,混合区域,是，偶尔用,4-8小时,找不到合适地方休息,"应急庇护,便利服务",社区便利店/超市内,B（综合保障型）,3.0,4.0,3.0,3.0,1.0,3.0,3.0,4.0,4.0,"广告收入,由外卖平台承担",不太愿意,2.0,,不到6个月,5000元以下
334,787,外卖骑手,31-40岁,众包,商业区/写字楼为主,是，偶尔用,少于4小时,饮水不便,"充电续航,基础休憩",小区出入口/门卫室附近,B（综合保障型）,2.0,3.0,3.0,3.0,1.0,3.0,3.0,2.0,2.0,"向骑手收取少量费用,由外卖平台承担",完全不愿意,4.0,,6个月-1年,5000元以下
335,317,外卖骑手,18-24岁,众包,住宅区/社区为主,是，偶尔用,8-12小时,"上厕所不便,手机/电瓶车充电难","充足的电瓶车停车位,应急庇护",小区出入口/门卫室附近,A（高频便利型）,3.0,4.0,4.0,4.0,1.0,3.0,3.0,4.0,3.0,"向骑手收取少量费用,完全由政府出资",愿意支付,5.0,,6个月-1年,8000-12000元
337,181,外卖骑手,18-24岁,众包,住宅区/社区为主,知道，但从没用过,4-8小时,"找不到合适地方休息,身体疲劳无处缓解","充电续航,便利服务",社区便利店/超市内,A（高频便利型）,3.0,4.0,4.0,4.0,1.0,3.0,3.0,3.0,3.0,"广告收入,由外卖平台承担",视情况而定,4.0,,6个月-1年,12000元以上
341,369,外卖骑手,41岁及以上,众包,商业区/写字楼为主,是，经常用,8-12小时,找不到合适地方休息,"应急庇护,充电续航",社区便利店/超市内,A（高频便利型）,3.0,2.0,4.0,3.0,1.0,3.0,3.0,3.0,3.0,"广告收入,完全由政府出资",视情况而定,4.0,,不到6个月,5000-8000元
342,257,外卖骑手,25-30岁,众包,混合区域,是，偶尔用,4-8小时,"身体疲劳无处缓解,上厕所不便,手机/电瓶车充电难","充电续航,便利服务",社区便利店/超市内,A（高频便利型）,2.0,2.0,3.0,3.0,1.0,3.0,2.0,3.0,3.0,"完全由政府出资,向骑手收取少量费用",愿意支付,3.0,,6个月-1年,8000-12000元
343,741,外卖骑手,25-30岁,众包,商业区/写字楼为主,是，偶尔用,8-12小时,"上厕所不便,手机/电瓶车充电难,饮水不便","便利服务,充足的电瓶车停车位",闲置核酸亭/集装箱改造,A（高频便利型）,3.0,4.0,4.0,4.0,1.0,4.0,4.0,4.0,4.0,"向骑手收取少量费用,由外卖平台承担",完全不愿意,1.0,,不到6个月,8000-12000元
344,320,外卖骑手,31-40岁,众包,住宅区/社区为主,完全不知道,超过12小时,"身体疲劳无处缓解,饮水不便","充足的电瓶车停车位,充电续航",社区便利店/超市内,A（高频便利型）,4.0,4.0,5.0,4.0,1.0,4.0,4.0,4.0,4.0,"完全由政府出资,由外卖平台承担",愿意支付,4.0,,6个月-1年,8000-12000元
348,938,外卖骑手,25-30岁,专送,住宅区/社区为主,是，偶尔用,4-8小时,"找不到合适地方休息,上厕所不便,身体疲劳无处缓解","应急庇护,充足的电瓶车停车位",社区便利店/超市内,A（高频便利型）,4.0,4.0,4.0,3.0,1.0,3.0,3.0,3.0,4.0,"由外卖平台承担,向骑手收取少量费用",完全不愿意,2.0,,不到6个月,8000-12000元
349,71,外卖骑手,25-30岁,专送,混合区域,完全不知道,8-12小时,饮水不便,"充电续航,基础休憩",社区党群服务中心,B（综合保障型）,5.0,4.0,4.0,4.0,1.0,4.0,4.0,3.0,4.0,"完全由政府出资,广告收入",视情况而定,1.0,,不到6个月,5000-8000元
351,200,外卖骑手,25-30岁,众包,混合区域,是，经常用,超过12小时,"上厕所不便,饮水不便","基础休憩,充电续航",小区出入口/门卫室附近,A（高频便利型）,3.0,2.0,2.0,2.0,1.0,2.0,3.0,2.0,2.0,"向骑手收取少量费用,广告收入",不太愿意,4.0,,不到6个月,8000-12000元
354,274,外卖骑手,18-24岁,专送,商业区/写字楼为主,是，经常用,超过12小时,"身体疲劳无处缓解,饮水不便","便利服务,应急庇护",小区出入口/门卫室附近,C（弹性流动型）,3.0,3.0,4.0,5.0,1.0,5.0,5.0,4.0,3.0,"广告收入,由外卖平台承担",完全不愿意,1.0,,1-3年,5000-8000元
355,417,外卖骑手,31-40岁,众包,住宅区/社区为主,完全不知道,8-12小时,"身体疲劳无处缓解,找不到合适地方休息","应急庇护,充电续航",社区便利店/超市内,A（高频便利型）,4.0,4.0,5.0,4.0,1.0,5.0,5.0,4.0,4.0,"向骑手收取少量费用,完全由政府出资",完全不愿意,3.0,,不到6个月,12000元以上
357,541,外卖骑手,25-30岁,专送,商业区/写字楼为主,知道，但从没用过,8-12小时,"手机/电瓶车充电难,饮水不便","便利服务,应急庇护",小区出入口/门卫室附近,B（综合保障型）,3.0,4.0,3.0,3.0,4.0,3.0,4.0,3.0,3.0,"由外卖平台承担,完全由政府出资",视情况而定,5.0,,1-3年,12000元以上
361,289,外卖骑手,18-24岁,众包,商业区/写字楼为主,是，经常用,4-8小时,"手机/电瓶车充电难,饮水不便,上厕所不便","应急庇护,便利服务",闲置核酸亭/集装箱改造,A（高频便利型）,3.0,3.0,3.0,3.0,5.0,3.0,2.0,3.0,2.0,"完全由政府出资,广告收入",愿意支付,2.0,,6个月-1年,5000-8000元
362,250,外卖骑手,18-24岁,专送,商业区/写字楼为主,是，偶尔用,8-12小时,找不到合适地方休息,"充电续航,便利服务",社区党群服务中心,A（高频便利型）,3.0,3.0,3.0,3.0,1.0,4.0,4.0,3.0,3.0,"由外卖平台承担,向骑手收取少量费用",完全不愿意,2.0,,1-3年,8000-12000元
365,398,外卖骑手,25-30岁,众包,商业区/写字楼为主,完全不知道,8-12小时,"手机/电瓶车充电难,饮水不便","便利服务,基础休憩",闲置核酸亭/集装箱改造,A（高频便利型）,5.0,4.0,4.0,4.0,1.0,4.0,4.0,4.0,4.0,"由外卖平台承担,广告收入",不太愿意,4.0,,1-3年,8000-12000元
368,347,外卖骑手,31-40岁,众包,商业区/写字楼为主,是，偶尔用,超过12小时,找不到合适地方休息,"充电续航,便利服务",小区出入口/门卫室附近,A（高频便利型）,4.0,5.0,5.0,4.0,1.0,5.0,5.0,5.0,3.0,"广告收入,向骑手收取少量费用",愿意支付,2.0,,不到6个月,8000-12000元
371,442,外卖骑手,25-30岁,众包,商业区/写字楼为主,是，经常用,4-8小时,手机/电瓶车充电难,"充足的电瓶车停车位,基础休憩",小区出入口/门卫室附近,B（综合保障型）,4.0,3.0,4.0,3.0,1.0,3.0,4.0,3.0,3.0,"由外卖平台承担,广告收入",视情况而定,2.0,,不到6个月,12000元以上
374,260,外卖骑手,18-24岁,专送,混合区域,是，经常用,8-12小时,"手机/电瓶车充电难,饮水不便","应急庇护,基础休憩",闲置核酸亭/集装箱改造,A（高频便利型）,4.0,3.0,3.0,4.0,1.0,3.0,3.0,2.0,3.0,"向骑手收取少量费用,完全由政府出资",不太愿意,4.0,,6个月-1年,5000-8000元
376,310,外卖骑手,25-30岁,众包,商业区/写字楼为主,是，偶尔用,少于4小时,"上厕所不便,身体疲劳无处缓解,找不到合适地方休息","充电续航,应急庇护",社区便利店/超市内,B（综合保障型）,4.0,4.0,4.0,4.0,4.0,4.0,4.0,4.0,4.0,"广告收入,向骑手收取少量费用",不太愿意,4.0,,1-3年,5000-8000元
379,1665,外卖骑手,31-40岁,众包,商业区/写字楼为主,是，偶尔用,4-8小时,"上厕所不便,饮水不便,身体疲劳无处缓解","充足的电瓶车停车位,应急庇护",小区出入口/门卫室附近,A（高频便利型）,4.0,3.0,2.0,2.0,1.0,3.0,3.0,3.0,3.0,"向骑手收取少量费用,由外卖平台承担",完全不愿意,5.0,,3年以上,8000-12000元
381,510,外卖骑手,18-24岁,众包,住宅区/社区为主,是，经常用,少于4小时,饮水不便,"充足的电瓶车停车位,便利服务",社区便利店/超市内,B（综合保障型）,3.0,4.0,3.0,3.0,4.0,3.0,3.0,2.0,3.0,"完全由政府出资,由外卖平台承担",愿意支付,4.0,,不到6个月,8000-12000元
382,318,外卖骑手,25-30岁,众包,商业区/写字楼为主,知道，但从没用过,少于4小时,饮水不便,"充足的电瓶车停车位,充电续航",社区便利店/超市内,A（高频便利型）,3.0,4.0,3.0,3.0,1.0,4.0,4.0,3.0,3.0,"完全由政府出资,由外卖平台承担",愿意支付,3.0,,6个月-1年,5000-8000元
383,616,外卖骑手,18-24岁,众包,住宅区/社区为主,是，经常用,超过12小时,"手机/电瓶车充电难,饮水不便","充电续航,充足的电瓶车停车位",社区党群服务中心,B（综合保障型）,4.0,4.0,4.0,4.0,1.0,4.0,3.0,3.0,3.0,"向骑手收取少量费用,广告收入",愿意支付,3.0,,不到6个月,5000-8000元
385,934,外卖骑手,18-24岁,专送,住宅区/社区为主,是，偶尔用,8-12小时,"身体疲劳无处缓解,上厕所不便,饮水不便","便利服务,充足的电瓶车停车位",社区便利店/超市内,A（高频便利型）,5.0,5.0,5.0,5.0,3.0,5.0,5.0,5.0,5.0,"完全由政府出资,向骑手收取少量费用",愿意支付,1.0,,6个月-1年,12000元以上
388,326,外卖骑手,25-30岁,众包,混合区域,完全不知道,8-12小时,上厕所不便,"基础休憩,应急庇护",社区便利店/超市内,A（高频便利型）,4.0,4.0,4.0,5.0,1.0,5.0,5.0,5.0,5.0,"完全由政府出资,由外卖平台承担",不太愿意,4.0,,不到6个月,12000元以上
391,122,外卖骑手,31-40岁,众包,商业区/写字楼为主,完全不知道,少于4小时,"饮水不便,手机/电瓶车充电难","基础休憩,应急庇护",社区便利店/超市内,B（综合保障型）,4.0,3.0,3.0,3.0,1.0,4.0,4.0,5.0,4.0,"完全由政府出资,广告收入",完全不愿意,5.0,,不到6个月,5000-8000元
392,198,外卖骑手,25-30岁,众包,商业区/写字楼为主,知道，但从没用过,超过12小时,上厕所不便,"充足的电瓶车停车位,应急庇护",社区便利店/超市内,B（综合保障型）,4.0,5.0,4.0,5.0,1.0,5.0,5.0,5.0,5.0,"由外卖平台承担,向骑手收取少量费用",视情况而定,5.0,,6个月-1年,8000-12000元
393,317,外卖骑手,25-30岁,专送,商业区/写字楼为主,是，偶尔用,4-8小时,"身体疲劳无处缓解,找不到合适地方休息,饮水不便","充电续航,便利服务",社区便利店/超市内,A（高频便利型）,3.0,4.0,3.0,3.0,1.0,3.0,2.0,3.0,3.0,"完全由政府出资,向骑手收取少量费用",愿意支付,3.0,,不到6个月,8000-12000元
394,503,外卖骑手,25-30岁,众包,混合区域,知道，但从没用过,8-12小时,身体疲劳无处缓解,"便利服务,充足的电瓶车停车位",社区便利店/超市内,A（高频便利型）,3.0,4.0,3.0,3.0,1.0,2.0,3.0,3.0,2.0,"广告收入,向骑手收取少量费用",愿意支付,3.0,,不到6个月,8000-12000元
396,204,外卖骑手,41岁及以上,众包,住宅区/社区为主,知道，但从没用过,4-8小时,"身体疲劳无处缓解,饮水不便","便利服务,基础休憩",闲置核酸亭/集装箱改造,C（弹性流动型）,5.0,5.0,5.0,5.0,1.0,5.0,4.0,5.0,4.0,"广告收入,完全由政府出资",愿意支付,3.0,,6个月-1年,8000-12000元
397,1095,外卖骑手,25-30岁,众包,商业区/写字楼为主,知道，但从没用过,超过12小时,"饮水不便,手机/电瓶车充电难","充电续航,应急庇护",小区出入口/门卫室附近,B（综合保障型）,4.0,4.0,4.0,4.0,2.0,4.0,4.0,4.0,4.0,"由外卖平台承担,完全由政府出资",不太愿意,2.0,,6个月-1年,8000-12000元
400,390,外卖骑手,31-40岁,众包,混合区域,完全不知道,4-8小时,找不到合适地方休息,"便利服务,充足的电瓶车停车位",社区便利店/超市内,B（综合保障型）,3.0,3.0,2.0,3.0,1.0,3.0,3.0,2.0,3.0,"向骑手收取少量费用,广告收入",视情况而定,4.0,,不到6个月,5000元以下
401,437,外卖骑手,18-24岁,众包,住宅区/社区为主,是，经常用,少于4小时,找不到合适地方休息,"充电续航,应急庇护",社区便利店/超市内,A（高频便利型）,4.0,4.0,4.0,4.0,1.0,4.0,5.0,5.0,5.0,"完全由政府出资,广告收入",不太愿意,3.0,,不到6个月,5000-8000元
403,481,外卖骑手,25-30岁,众包,混合区域,是，经常用,超过12小时,"身体疲劳无处缓解,饮水不便","充电续航,应急庇护",小区出入口/门卫室附近,A（高频便利型）,5.0,5.0,4.0,5.0,1.0,5.0,5.0,4.0,4.0,"由外卖平台承担,完全由政府出资",完全不愿意,1.0,,6个月-1年,12000元以上
406,318,外卖骑手,25-30岁,众包,混合区域,完全不知道,8-12小时,"上厕所不便,身体疲劳无处缓解","充足的电瓶车停车位,充电续航",社区便利店/超市内,A（高频便利型）,4.0,4.0,4.0,4.0,1.0,4.0,4.0,4.0,3.0,"由外卖平台承担,向骑手收取少量费用",完全不愿意,2.0,,不到6个月,5000-8000元
407,302,外卖骑手,18-24岁,众包,混合区域,完全不知道,超过12小时,找不到合适地方休息,"应急庇护,充足的电瓶车停车位",小区出入口/门卫室附近,A（高频便利型）,3.0,4.0,3.0,4.0,1.0,3.0,3.0,3.0,3.0,"广告收入,完全由政府出资",视情况而定,1.0,,1-3年,8000-12000元
408,1078,外卖骑手,25-30岁,专送,商业区/写字楼为主,知道，但从没用过,4-8小时,"身体疲劳无处缓解,手机/电瓶车充电难,饮水不便","充电续航,充足的电瓶车停车位",小区出入口/门卫室附近,B（综合保障型）,4.0,5.0,4.0,5.0,1.0,5.0,5.0,5.0,4.0,"广告收入,由外卖平台承担",视情况而定,1.0,,1-3年,12000元以上
410,122,外卖骑手,31-40岁,专送,住宅区/社区为主,是，偶尔用,超过12小时,手机/电瓶车充电难,"应急庇护,便利服务",社区便利店/超市内,A（高频便利型）,3.0,4.0,4.0,4.0,1.0,4.0,3.0,5.0,4.0,"由外卖平台承担,完全由政府出资",视情况而定,4.0,,3年以上,5000-8000元
412,219,外卖骑手,25-30岁,众包,住宅区/社区为主,知道，但从没用过,8-12小时,"饮水不便,找不到合适地方休息,手机/电瓶车充电难","充足的电瓶车停车位,充电续航",社区便利店/超市内,A（高频便利型）,3.0,4.0,4.0,3.0,1.0,4.0,4.0,4.0,4.0,"由外卖平台承担,向骑手收取少量费用",不太愿意,1.0,,不到6个月,12000元以上
413,294,外卖骑手,25-30岁,众包,住宅区/社区为主,知道，但从没用过,8-12小时,"饮水不便,上厕所不便,手机/电瓶车充电难","充足的电瓶车停车位,便利服务",小区出入口/门卫室附近,B（综合保障型）,3.0,3.0,2.0,3.0,1.0,3.0,3.0,3.0,2.0,"由外卖平台承担,广告收入",完全不愿意,2.0,,不到6个月,8000-12000元
415,429,外卖骑手,25-30岁,众包,商业区/写字楼为主,完全不知道,8-12小时,"找不到合适地方休息,饮水不便,身体疲劳无处缓解","便利服务,充电续航",社区便利店/超市内,A（高频便利型）,3.0,4.0,3.0,4.0,1.0,3.0,3.0,4.0,3.0,"向骑手收取少量费用,完全由政府出资",不太愿意,1.0,,不到6个月,8000-12000元
420,114,外卖骑手,18-24岁,众包,住宅区/社区为主,知道，但从没用过,4-8小时,手机/电瓶车充电难,"基础休憩,充电续航",小区出入口/门卫室附近,A（高频便利型）,4.0,4.0,5.0,5.0,1.0,4.0,4.0,4.0,5.0,"向骑手收取少量费用,完全由政府出资",愿意支付,2.0,,1-3年,12000元以上
422,491,外卖骑手,18-24岁,众包,住宅区/社区为主,是，经常用,8-12小时,"饮水不便,找不到合适地方休息,身体疲劳无处缓解","便利服务,充电续航",社区便利店/超市内,A（高频便利型）,3.0,4.0,4.0,4.0,1.0,4.0,4.0,4.0,4.0,"由外卖平台承担,向骑手收取少量费用",不太愿意,4.0,,不到6个月,5000元以下
424,328,外卖骑手,31-40岁,众包,商业区/写字楼为主,知道，但从没用过,4-8小时,"上厕所不便,身体疲劳无处缓解","充足的电瓶车停车位,应急庇护",小区出入口/门卫室附近,A（高频便利型）,3.0,3.0,3.0,3.0,4.0,3.0,3.0,3.0,3.0,"完全由政府出资,广告收入",愿意支付,5.0,,3年以上,5000-8000元
425,234,外卖骑手,41岁及以上,专送,住宅区/社区为主,知道，但从没用过,4-8小时,"饮水不便,手机/电瓶车充电难,身体疲劳无处缓解","便利服务,应急庇护",社区便利店/超市内,C（弹性流动型）,4.0,4.0,4.0,4.0,1.0,4.0,4.0,4.0,5.0,"向骑手收取少量费用,广告收入",视情况而定,5.0,,1-3年,5000-8000元
426,656,外卖骑手,18-24岁,众包,住宅区/社区为主,是，偶尔用,少于4小时,"上厕所不便,身体疲劳无处缓解,手机/电瓶车充电难","充电续航,充足的电瓶车停车位",社区便利店/超市内,B（综合保障型）,5.0,4.0,4.0,4.0,1.0,4.0,3.0,4.0,4.0,"完全由政府出资,广告收入",不太愿意,4.0,,1-3年,5000-8000元
428,422,外卖骑手,41岁及以上,众包,混合区域,完全不知道,超过12小时,"饮水不便,上厕所不便","应急庇护,便利服务",社区便利店/超市内,A（高频便利型）,4.0,3.0,4.0,4.0,1.0,3.0,3.0,3.0,4.0,"由外卖平台承担,广告收入",愿意支付,5.0,,6个月-1年,12000元以上
430,116,外卖骑手,25-30岁,众包,混合区域,是，偶尔用,8-12小时,手机/电瓶车充电难,"应急庇护,基础休憩",社区便利店/超市内,A（高频便利型）,5.0,5.0,4.0,5.0,1.0,4.0,5.0,4.0,4.0,"向骑手收取少量费用,由外卖平台承担",完全不愿意,5.0,,不到6个月,8000-12000元
433,197,外卖骑手,18-24岁,专送,商业区/写字楼为主,知道，但从没用过,超过12小时,"手机/电瓶车充电难,身体疲劳无处缓解","充电续航,充足的电瓶车停车位",社区便利店/超市内,B（综合保障型）,5.0,5.0,5.0,5.0,2.0,5.0,5.0,5.0,5.0,"由外卖平台承担,向骑手收取少量费用",不太愿意,3.0,,6个月-1年,8000-12000元
435,204,外卖骑手,25-30岁,众包,混合区域,完全不知道,少于4小时,"身体疲劳无处缓解,找不到合适地方休息,上厕所不便","应急庇护,充电续航",社区便利店/超市内,A（高频便利型）,3.0,3.0,3.0,3.0,1.0,4.0,3.0,3.0,3.0,"广告收入,向骑手收取少量费用",愿意支付,2.0,,不到6个月,5000元以下
436,372,外卖骑手,31-40岁,专送,混合区域,是，经常用,少于4小时,"上厕所不便,饮水不便","充足的电瓶车停车位,基础休憩",社区便利店/超市内,A（高频便利型）,4.0,4.0,4.0,4.0,1.0,4.0,3.0,4.0,3.0,"完全由政府出资,广告收入",不太愿意,4.0,,6个月-1年,5000元以下
437,431,外卖骑手,18-24岁,专送,商业区/写字楼为主,是，偶尔用,4-8小时,"上厕所不便,找不到合适地方休息","基础休憩,充足的电瓶车停车位",社区便利店/超市内,B（综合保障型）,3.0,4.0,4.0,4.0,2.0,4.0,4.0,4.0,4.0,"向骑手收取少量费用,完全由政府出资",完全不愿意,4.0,,1-3年,5000-8000元
440,1118,外卖骑手,18-24岁,专送,商业区/写字楼为主,是，偶尔用,少于4小时,"饮水不便,上厕所不便","充足的电瓶车停车位,应急庇护",小区出入口/门卫室附近,C（弹性流动型）,4.0,4.0,3.0,4.0,1.0,4.0,4.0,4.0,4.0,"广告收入,向骑手收取少量费用",不太愿意,2.0,,不到6个月,5000-8000元
444,488,外卖骑手,18-24岁,众包,混合区域,是，偶尔用,4-8小时,"饮水不便,身体疲劳无处缓解","充足的电瓶车停车位,充电续航",社区便利店/超市内,A（高频便利型）,5.0,4.0,5.0,5.0,1.0,4.0,5.0,4.0,5.0,"由外卖平台承担,向骑手收取少量费用",不太愿意,3.0,,1-3年,12000元以上
445,392,外卖骑手,41岁及以上,众包,混合区域,知道，但从没用过,超过12小时,"上厕所不便,饮水不便,手机/电瓶车充电难","基础休憩,充电续航",社区便利店/超市内,B（综合保障型）,3.0,3.0,3.0,5.0,1.0,3.0,3.0,5.0,4.0,"由外卖平台承担,向骑手收取少量费用",愿意支付,4.0,,6个月-1年,5000元以下
446,104,外卖骑手,18-24岁,众包,商业区/写字楼为主,是，偶尔用,超过12小时,"上厕所不便,手机/电瓶车充电难","基础休憩,充电续航",社区便利店/超市内,B（综合保障型）,4.0,4.0,4.0,3.0,5.0,3.0,4.0,4.0,4.0,"由外卖平台承担,向骑手收取少量费用",愿意支付,2.0,,1-3年,12000元以上
447,404,外卖骑手,25-30岁,众包,商业区/写字楼为主,完全不知道,超过12小时,"饮水不便,找不到合适地方休息,身体疲劳无处缓解","基础休憩,便利服务",小区出入口/门卫室附近,B（综合保障型）,4.0,4.0,4.0,4.0,1.0,3.0,3.0,3.0,3.0,"由外卖平台承担,向骑手收取少量费用",视情况而定,2.0,,不到6个月,8000-12000元
448,302,外卖骑手,25-30岁,专送,商业区/写字楼为主,完全不知道,少于4小时,"身体疲劳无处缓解,找不到合适地方休息","充电续航,充足的电瓶车停车位",小区出入口/门卫室附近,A（高频便利型）,3.0,4.0,3.0,4.0,1.0,4.0,3.0,3.0,3.0,"向骑手收取少量费用,由外卖平台承担",完全不愿意,4.0,,6个月-1年,8000-12000元
450,509,外卖骑手,18-24岁,众包,商业区/写字楼为主,是，经常用,8-12小时,上厕所不便,"便利服务,充电续航",闲置核酸亭/集装箱改造,B（综合保障型）,5.0,5.0,4.0,5.0,1.0,5.0,5.0,5.0,5.0,"由外卖平台承担,广告收入",愿意支付,3.0,,不到6个月,8000-12000元
452,87,外卖骑手,25-30岁,众包,混合区域,完全不知道,超过12小时,手机/电瓶车充电难,"基础休憩,充足的电瓶车停车位",社区便利店/超市内,A（高频便利型）,5.0,4.0,4.0,4.0,1.0,5.0,4.0,4.0,4.0,"完全由政府出资,由外卖平台承担",视情况而定,2.0,,不到6个月,8000-12000元
453,386,外卖骑手,41岁及以上,众包,商业区/写字楼为主,知道，但从没用过,8-12小时,"找不到合适地方休息,饮水不便","便利服务,基础休憩",社区便利店/超市内,A（高频便利型）,3.0,4.0,5.0,4.0,1.0,4.0,4.0,4.0,4.0,"向骑手收取少量费用,由外卖平台承担",愿意支付,5.0,,1-3年,12000元以上
457,1028,外卖骑手,31-40岁,众包,混合区域,是，偶尔用,4-8小时,找不到合适地方休息,"便利服务,基础休憩",小区出入口/门卫室附近,A（高频便利型）,5.0,5.0,5.0,5.0,5.0,5.0,5.0,5.0,5.0,"广告收入,向骑手收取少量费用",不太愿意,3.0,,不到6个月,8000-12000元
460,359,外卖骑手,18-24岁,众包,住宅区/社区为主,是，经常用,少于4小时,上厕所不便,"充足的电瓶车停车位,便利服务",小区出入口/门卫室附近,A（高频便利型）,5.0,5.0,5.0,4.0,1.0,4.0,5.0,5.0,5.0,"完全由政府出资,由外卖平台承担",视情况而定,1.0,,6个月-1年,5000-8000元
462,473,外卖骑手,25-30岁,专送,混合区域,知道，但从没用过,4-8小时,"找不到合适地方休息,身体疲劳无处缓解","充电续航,应急庇护",社区便利店/超市内,A（高频便利型）,5.0,5.0,5.0,5.0,1.0,5.0,5.0,4.0,4.0,"完全由政府出资,广告收入",愿意支付,4.0,,6个月-1年,8000-12000元
465,171,外卖骑手,25-30岁,众包,混合区域,完全不知道,超过12小时,上厕所不便,"应急庇护,充足的电瓶车停车位",社区便利店/超市内,B（综合保障型）,2.0,2.0,2.0,3.0,1.0,3.0,3.0,3.0,3.0,"完全由政府出资,由外卖平台承担",完全不愿意,3.0,,6个月-1年,8000-12000元
467,218,外卖骑手,31-40岁,众包,住宅区/社区为主,是，偶尔用,8-12小时,找不到合适地方休息,"充足的电瓶车停车位,便利服务",闲置核酸亭/集装箱改造,A（高频便利型）,3.0,4.0,3.0,3.0,1.0,3.0,4.0,4.0,4.0,"由外卖平台承担,完全由政府出资",不太愿意,2.0,,1-3年,12000元以上
468,326,外卖骑手,31-40岁,专送,住宅区/社区为主,知道，但从没用过,超过12小时,"找不到合适地方休息,身体疲劳无处缓解","充电续航,基础休憩",社区便利店/超市内,A（高频便利型）,4.0,3.0,3.0,2.0,1.0,3.0,4.0,2.0,3.0,"向骑手收取少量费用,完全由政府出资",完全不愿意,5.0,,不到6个月,12000元以上
470,541,外卖骑手,18-24岁,众包,混合区域,是，偶尔用,4-8小时,"上厕所不便,饮水不便","充足的电瓶车停车位,便利服务",小区出入口/门卫室附近,B（综合保障型）,3.0,4.0,3.0,4.0,3.0,4.0,3.0,4.0,4.0,"完全由政府出资,由外卖平台承担",视情况而定,1.0,,1-3年,12000元以上
473,621,外卖骑手,31-40岁,专送,商业区/写字楼为主,知道，但从没用过,8-12小时,"找不到合适地方休息,手机/电瓶车充电难","便利服务,充足的电瓶车停车位",社区便利店/超市内,A（高频便利型）,4.0,4.0,5.0,4.0,4.0,4.0,4.0,5.0,4.0,"向骑手收取少量费用,由外卖平台承担",不太愿意,4.0,,6个月-1年,5000-8000元
474,286,外卖骑手,25-30岁,众包,住宅区/社区为主,完全不知道,4-8小时,"手机/电瓶车充电难,身体疲劳无处缓解","基础休憩,充足的电瓶车停车位",社区党群服务中心,A（高频便利型）,5.0,4.0,4.0,5.0,1.0,5.0,5.0,4.0,4.0,"完全由政府出资,向骑手收取少量费用",视情况而定,4.0,,不到6个月,5000-8000元
476,447,外卖骑手,18-24岁,众包,住宅区/社区为主,是，偶尔用,超过12小时,"饮水不便,手机/电瓶车充电难","基础休憩,充足的电瓶车停车位",闲置核酸亭/集装箱改造,A（高频便利型）,4.0,3.0,3.0,3.0,5.0,4.0,3.0,3.0,4.0,"由外卖平台承担,向骑手收取少量费用",完全不愿意,4.0,,不到6个月,5000元以下
477,518,外卖骑手,41岁及以上,众包,住宅区/社区为主,完全不知道,4-8小时,"身体疲劳无处缓解,手机/电瓶车充电难","便利服务,充电续航",社区便利店/超市内,A（高频便利型）,4.0,4.0,3.0,3.0,1.0,3.0,3.0,4.0,3.0,"向骑手收取少量费用,广告收入",完全不愿意,3.0,,6个月-1年,8000-12000元
478,200,外卖骑手,41岁及以上,专送,住宅区/社区为主,是，偶尔用,超过12小时,"手机/电瓶车充电难,身体疲劳无处缓解,饮水不便","充电续航,基础休憩",社区便利店/超市内,B（综合保障型）,3.0,3.0,3.0,2.0,1.0,2.0,2.0,3.0,3.0,"由外卖平台承担,完全由政府出资",完全不愿意,2.0,,不到6个月,8000-12000元
480,909,外卖骑手,18-24岁,众包,混合区域,是，经常用,8-12小时,"上厕所不便,饮水不便,找不到合适地方休息","充足的电瓶车停车位,便利服务",小区出入口/门卫室附近,B（综合保障型）,3.0,4.0,4.0,3.0,1.0,3.0,4.0,3.0,3.0,"由外卖平台承担,广告收入",视情况而定,5.0,,不到6个月,8000-12000元
484,1068,外卖骑手,18-24岁,众包,混合区域,知道，但从没用过,少于4小时,上厕所不便,"应急庇护,充电续航",社区便利店/超市内,A（高频便利型）,3.0,3.0,4.0,3.0,1.0,4.0,3.0,3.0,4.0,"广告收入,完全由政府出资",视情况而定,3.0,,不到6个月,5000元以下
485,116,外卖骑手,25-30岁,众包,住宅区/社区为主,是，偶尔用,超过12小时,"身体疲劳无处缓解,找不到合适地方休息,手机/电瓶车充电难","基础休憩,充电续航",社区便利店/超市内,B（综合保障型）,4.0,5.0,4.0,5.0,1.0,5.0,5.0,4.0,4.0,"向骑手收取少量费用,由外卖平台承担",不太愿意,5.0,,1-3年,12000元以上
490,368,外卖骑手,18-24岁,众包,混合区域,是，经常用,超过12小时,"手机/电瓶车充电难,找不到合适地方休息,身体疲劳无处缓解","充足的电瓶车停车位,充电续航",闲置核酸亭/集装箱改造,B（综合保障型）,4.0,4.0,5.0,5.0,1.0,5.0,4.0,4.0,5.0,"广告收入,由外卖平台承担",视情况而定,5.0,,6个月-1年,8000-12000元
491,353,外卖骑手,25-30岁,众包,商业区/写字楼为主,是，经常用,4-8小时,"饮水不便,找不到合适地方休息","应急庇护,便利服务",小区出入口/门卫室附近,B（综合保障型）,3.0,3.0,3.0,4.0,1.0,4.0,4.0,4.0,4.0,"由外卖平台承担,完全由政府出资",不太愿意,5.0,,不到6个月,5000-8000元
492,196,外卖骑手,25-30岁,众包,商业区/写字楼为主,完全不知道,超过12小时,"手机/电瓶车充电难,饮水不便,身体疲劳无处缓解","应急庇护,充电续航",社区便利店/超市内,A（高频便利型）,5.0,5.0,5.0,5.0,4.0,5.0,5.0,5.0,5.0,"广告收入,向骑手收取少量费用",不太愿意,1.0,,不到6个月,5000元以下
493,80,外卖骑手,18-24岁,众包,住宅区/社区为主,是，经常用,4-8小时,"饮水不便,找不到合适地方休息,上厕所不便","便利服务,基础休憩",小区出入口/门卫室附近,A（高频便利型）,5.0,5.0,5.0,5.0,5.0,5.0,5.0,5.0,5.0,"由外卖平台承担,广告收入",愿意支付,5.0,,6个月-1年,5000元以下
495,127,外卖骑手,25-30岁,众包,混合区域,是，偶尔用,4-8小时,"找不到合适地方休息,身体疲劳无处缓解","充电续航,便利服务",社区党群服务中心,B（综合保障型）,3.0,3.0,4.0,4.0,1.0,4.0,4.0,4.0,5.0,"完全由政府出资,由外卖平台承担",愿意支付,4.0,,6个月-1年,5000元以下
498,596,外卖骑手,25-30岁,众包,混合区域,完全不知道,少于4小时,"身体疲劳无处缓解,上厕所不便,手机/电瓶车充电难","应急庇护,充电续航",闲置核酸亭/集装箱改造,A（高频便利型）,4.0,4.0,3.0,4.0,4.0,4.0,4.0,4.0,4.0,"向骑手收取少量费用,由外卖平台承担",完全不愿意,3.0,,6个月-1年,5000-8000元
502,282,外卖骑手,25-30岁,专送,商业区/写字楼为主,完全不知道,超过12小时,找不到合适地方休息,"充电续航,充足的电瓶车停车位",社区便利店/超市内,A（高频便利型）,3.0,4.0,3.0,3.0,1.0,4.0,3.0,4.0,3.0,"完全由政府出资,由外卖平台承担",视情况而定,5.0,,不到6个月,8000-12000元
503,526,外卖骑手,25-30岁,众包,商业区/写字楼为主,是，经常用,8-12小时,手机/电瓶车充电难,"充足的电瓶车停车位,基础休憩",社区便利店/超市内,B（综合保障型）,3.0,3.0,4.0,3.0,1.0,3.0,3.0,3.0,3.0,"由外卖平台承担,广告收入",不太愿意,1.0,,1-3年,12000元以上
505,194,外卖骑手,31-40岁,众包,住宅区/社区为主,是，经常用,少于4小时,找不到合适地方休息,"充电续航,基础休憩",闲置核酸亭/集装箱改造,A（高频便利型）,5.0,5.0,5.0,5.0,3.0,5.0,5.0,5.0,5.0,"完全由政府出资,广告收入",愿意支付,3.0,,6个月-1年,5000-8000元
506,188,外卖骑手,18-24岁,专送,住宅区/社区为主,是，偶尔用,少于4小时,"手机/电瓶车充电难,上厕所不便,饮水不便","应急庇护,充电续航",小区出入口/门卫室附近,B（综合保障型）,4.0,4.0,5.0,4.0,1.0,4.0,5.0,4.0,4.0,"广告收入,由外卖平台承担",不太愿意,1.0,,6个月-1年,5000-8000元
509,215,外卖骑手,25-30岁,众包,住宅区/社区为主,知道，但从没用过,超过12小时,手机/电瓶车充电难,"充电续航,便利服务",小区出入口/门卫室附近,A（高频便利型）,5.0,4.0,5.0,5.0,1.0,4.0,4.0,5.0,5.0,"向骑手收取少量费用,由外卖平台承担",完全不愿意,1.0,,6个月-1年,5000-8000元
510,615,外卖骑手,41岁及以上,众包,住宅区/社区为主,是，偶尔用,4-8小时,上厕所不便,"便利服务,充足的电瓶车停车位",闲置核酸亭/集装箱改造,A（高频便利型）,4.0,4.0,4.0,4.0,1.0,4.0,3.0,3.0,4.0,"完全由政府出资,由外卖平台承担",视情况而定,1.0,,1-3年,5000元以下
512,482,外卖骑手,41岁及以上,众包,混合区域,完全不知道,4-8小时,"手机/电瓶车充电难,身体疲劳无处缓解,饮水不便","充足的电瓶车停车位,应急庇护",小区出入口/门卫室附近,A（高频便利型）,5.0,4.0,5.0,4.0,1.0,5.0,5.0,5.0,5.0,"由外卖平台承担,完全由政府出资",视情况而定,1.0,,6个月-1年,12000元以上
513,110,外卖骑手,41岁及以上,众包,住宅区/社区为主,知道，但从没用过,超过12小时,"饮水不便,身体疲劳无处缓解","基础休憩,应急庇护",社区便利店/超市内,B（综合保障型）,5.0,5.0,5.0,5.0,1.0,4.0,5.0,5.0,5.0,"广告收入,向骑手收取少量费用",视情况而定,4.0,,1-3年,5000-8000元
514,555,外卖骑手,25-30岁,众包,混合区域,知道，但从没用过,超过12小时,"饮水不便,手机/电瓶车充电难,找不到合适地方休息","基础休憩,便利服务",小区出入口/门卫室附近,A（高频便利型）,3.0,3.0,3.0,5.0,1.0,4.0,4.0,4.0,4.0,"由外卖平台承担,向骑手收取少量费用",愿意支付,1.0,,6个月-1年,8000-12000元
515,514,外卖骑手,25-30岁,专送,商业区/写字楼为主,完全不知道,4-8小时,找不到合适地方休息,"充足的电瓶车停车位,应急庇护",社区便利店/超市内,C（弹性流动型）,4.0,4.0,4.0,4.0,5.0,4.0,4.0,4.0,4.0,"向骑手收取少量费用,由外卖平台承担",视情况而定,2.0,,3年以上,8000-12000元
517,436,外卖骑手,18-24岁,众包,住宅区/社区为主,完全不知道,8-12小时,"上厕所不便,找不到合适地方休息,饮水不便","应急庇护,充足的电瓶车停车位",社区便利店/超市内,A（高频便利型）,4.0,4.0,4.0,4.0,1.0,4.0,4.0,4.0,3.0,"由外卖平台承担,广告收入",视情况而定,1.0,,6个月-1年,8000-12000元
518,160,外卖骑手,31-40岁,专送,商业区/写字楼为主,知道，但从没用过,8-12小时,"找不到合适地方休息,身体疲劳无处缓解,上厕所不便","基础休憩,应急庇护",社区便利店/超市内,B（综合保障型）,3.0,3.0,3.0,3.0,1.0,3.0,3.0,2.0,2.0,"由外卖平台承担,向骑手收取少量费用",不太愿意,2.0,,3年以上,5000-8000元
522,330,外卖骑手,25-30岁,众包,住宅区/社区为主,知道，但从没用过,8-12小时,"找不到合适地方休息,身体疲劳无处缓解,饮水不便","充电续航,基础休憩",闲置核酸亭/集装箱改造,A（高频便利型）,4.0,4.0,4.0,4.0,1.0,5.0,5.0,5.0,4.0,"广告收入,由外卖平台承担",完全不愿意,2.0,,6个月-1年,12000元以上
525,252,外卖骑手,18-24岁,众包,混合区域,知道，但从没用过,少于4小时,"上厕所不便,身体疲劳无处缓解","充足的电瓶车停车位,基础休憩",社区党群服务中心,A（高频便利型）,5.0,5.0,4.0,4.0,1.0,4.0,4.0,4.0,4.0,"由外卖平台承担,向骑手收取少量费用",愿意支付,1.0,,不到6个月,12000元以上
526,180,外卖骑手,18-24岁,专送,商业区/写字楼为主,知道，但从没用过,超过12小时,"饮水不便,手机/电瓶车充电难","充足的电瓶车停车位,便利服务",社区便利店/超市内,B（综合保障型）,3.0,5.0,4.0,4.0,1.0,4.0,4.0,3.0,3.0,"由外卖平台承担,向骑手收取少量费用",视情况而定,3.0,,1-3年,5000-8000元
528,291,外卖骑手,31-40岁,专送,住宅区/社区为主,是，经常用,8-12小时,找不到合适地方休息,"应急庇护,便利服务",社区便利店/超市内,A（高频便利型）,4.0,4.0,5.0,4.0,1.0,5.0,4.0,4.0,5.0,"由外卖平台承担,向骑手收取少量费用",视情况而定,3.0,,1-3年,8000-12000元
529,179,外卖骑手,25-30岁,众包,混合区域,是，经常用,8-12小时,"饮水不便,上厕所不便","基础休憩,应急庇护",社区便利店/超市内,A（高频便利型）,4.0,4.0,4.0,4.0,3.0,4.0,3.0,4.0,5.0,"广告收入,完全由政府出资",愿意支付,2.0,,1-3年,5000元以下
530,1543,外卖骑手,18-24岁,众包,商业区/写字楼为主,知道，但从没用过,4-8小时,"手机/电瓶车充电难,上厕所不便,饮水不便","充足的电瓶车停车位,充电续航",社区党群服务中心,A（高频便利型）,5.0,5.0,5.0,5.0,2.0,5.0,5.0,5.0,5.0,"由外卖平台承担,向骑手收取少量费用",完全不愿意,2.0,,6个月-1年,8000-12000元
533,418,外卖骑手,25-30岁,众包,商业区/写字楼为主,完全不知道,4-8小时,手机/电瓶车充电难,"充电续航,便利服务",小区出入口/门卫室附近,B（综合保障型）,4.0,4.0,4.0,5.0,1.0,4.0,3.0,4.0,4.0,"完全由政府出资,由外卖平台承担",不太愿意,5.0,,6个月-1年,12000元以上
534,663,外卖骑手,25-30岁,专送,商业区/写字楼为主,完全不知道,超过12小时,"上厕所不便,饮水不便","基础休憩,充足的电瓶车停车位",社区便利店/超市内,B（综合保障型）,4.0,3.0,4.0,4.0,1.0,4.0,4.0,4.0,4.0,"由外卖平台承担,完全由政府出资",不太愿意,4.0,,1-3年,8000-12000元
535,2068,外卖骑手,25-30岁,众包,住宅区/社区为主,完全不知道,8-12小时,"手机/电瓶车充电难,上厕所不便,找不到合适地方休息","应急庇护,基础休憩",闲置核酸亭/集装箱改造,A（高频便利型）,4.0,4.0,4.0,4.0,1.0,4.0,4.0,3.0,4.0,"完全由政府出资,广告收入",不太愿意,2.0,,1-3年,12000元以上
536,763,外卖骑手,18-24岁,众包,混合区域,是，偶尔用,8-12小时,上厕所不便,"基础休憩,便利服务",小区出入口/门卫室附近,A（高频便利型）,5.0,4.0,4.0,4.0,4.0,3.0,4.0,3.0,2.0,"完全由政府出资,向骑手收取少量费用",完全不愿意,2.0,,不到6个月,5000-8000元
537,337,外卖骑手,18-24岁,众包,商业区/写字楼为主,是，偶尔用,4-8小时,身体疲劳无处缓解,"应急庇护,基础休憩",小区出入口/门卫室附近,A（高频便利型）,2.0,2.0,2.0,2.0,4.0,2.0,2.0,2.0,2.0,"由外卖平台承担,广告收入",不太愿意,5.0,,1-3年,12000元以上
538,288,外卖骑手,18-24岁,众包,混合区域,知道，但从没用过,4-8小时,"身体疲劳无处缓解,手机/电瓶车充电难,上厕所不便","基础休憩,充足的电瓶车停车位",社区便利店/超市内,B（综合保障型）,3.0,2.0,3.0,4.0,1.0,3.0,3.0,4.0,4.0,"广告收入,完全由政府出资",不太愿意,3.0,,1-3年,5000元以下
540,630,外卖骑手,41岁及以上,众包,混合区域,知道，但从没用过,4-8小时,"手机/电瓶车充电难,上厕所不便","充电续航,基础休憩",小区出入口/门卫室附近,B（综合保障型）,5.0,5.0,4.0,5.0,1.0,5.0,5.0,4.0,4.0,"完全由政府出资,由外卖平台承担",愿意支付,3.0,,3年以上,5000元以下
545,507,外卖骑手,31-40岁,众包,混合区域,知道，但从没用过,少于4小时,饮水不便,"基础休憩,应急庇护",社区党群服务中心,C（弹性流动型）,4.0,5.0,4.0,3.0,2.0,4.0,4.0,4.0,5.0,"广告收入,完全由政府出资",视情况而定,3.0,,6个月-1年,5000元以下
548,179,外卖骑手,25-30岁,众包,混合区域,是，偶尔用,8-12小时,手机/电瓶车充电难,"充电续航,应急庇护",社区便利店/超市内,B（综合保障型）,4.0,5.0,4.0,5.0,1.0,5.0,5.0,5.0,4.0,"广告收入,完全由政府出资",完全不愿意,3.0,,不到6个月,5000-8000元
554,294,外卖骑手,25-30岁,众包,商业区/写字楼为主,是，偶尔用,4-8小时,"饮水不便,找不到合适地方休息","充电续航,应急庇护",小区出入口/门卫室附近,B（综合保障型）,4.0,4.0,4.0,3.0,1.0,4.0,4.0,3.0,3.0,"由外卖平台承担,完全由政府出资",愿意支付,1.0,,6个月-1年,12000元以上
555,429,外卖骑手,25-30岁,众包,商业区/写字楼为主,是，偶尔用,8-12小时,饮水不便,"充足的电瓶车停车位,应急庇护",社区便利店/超市内,B（综合保障型）,4.0,3.0,5.0,4.0,1.0,4.0,3.0,3.0,4.0,"完全由政府出资,由外卖平台承担",愿意支付,5.0,,3年以上,5000-8000元
556,189,外卖骑手,25-30岁,众包,商业区/写字楼为主,是，偶尔用,8-12小时,找不到合适地方休息,"充足的电瓶车停车位,便利服务",社区便利店/超市内,A（高频便利型）,4.0,2.0,3.0,3.0,4.0,3.0,3.0,4.0,3.0,"广告收入,完全由政府出资",完全不愿意,5.0,,6个月-1年,5000元以下
559,303,外卖骑手,41岁及以上,众包,商业区/写字楼为主,是，偶尔用,8-12小时,"找不到合适地方休息,上厕所不便","充足的电瓶车停车位,充电续航",社区便利店/超市内,B（综合保障型）,4.0,4.0,4.0,4.0,1.0,4.0,4.0,3.0,4.0,"广告收入,完全由政府出资",不太愿意,3.0,,6个月-1年,5000-8000元
