ID,答题时间,Q1_身份,Q2_年龄段,Q3_配送类型,Q4_配送区域类型,Q5_是否用过驿站,Q6_跑单时长,Q7_最不便方面_多选,Q8_驿站重要功能_多选,Q9_驿站选址偏好,Q10_方案取舍,Q11_效率恢复_量表,Q12_安全缓冲_量表,Q13_价值感知_量表,Q14_寻找难易_量表,Q15_注意力测试_量表,Q16_使用流程_量表,Q17_习惯难度_量表,Q18_使用可能_量表,Q19_推荐意愿_量表,Q20_运营费用承担_多选,Q21_付费意愿,Q22_广告接受度_量表,Q23_运营顾虑_开放,Q24_从业时间,Q25_月收入,Q26_商户店铺类型,Q27_商户店址位置,Q28_骑手客源占比,Q29_目前骑手停留情况,Q30_参与合作意向,Q31_合作顾虑点_多选,Q32_激励方式偏好_多选,Q33_商户具体想法_开放,Q34_居民见骑手频率,Q35_对骑手露宿态度,Q36_对驿站总体态度,Q37_50米内距离敏感度,Q38_居民主要担忧_多选,Q39_驿站管理原则_多选,Q40_参与讨论意愿,Q41_居民建议建议_开放,Q42_社区居住时长
1,369,社区居民,18-24岁,,,,,,,,,,,,,,,,,,,,,暂无,,,,,,,,,,没想法,经常看到,不希望聚集,比较支持,是,充电消防隐患,"物业监督,禁止吸烟",无所谓,物业必须要尽到监管的责任，不能建完就不管了。,少于1年
2,365,社区周边商户,18-24岁,,,,,,,,,,,,,,,,,,,,,-,,,药店/诊所,是，在100米内,很少,偶尔有,非常愿意,安全责任问题,水电补贴,1,,,,,,,,跳过,
3,580,外卖骑手,25-30岁,众包,住宅区/社区为主,是，经常用,8-12小时,"上厕所不便,手机/电瓶车充电难","便利服务,基础休憩",社区便利店/超市内,B（综合保障型）,4.0,4.0,5.0,5.0,5.0,5.0,4.0,4.0,5.0,"完全由政府出资,广告收入",不太愿意,1.0,不要弄那些虚的，能充电能上厕所就是最实用的,3年以上,5000-8000元,,,,,,,,不知道,,,,,,,,1,
4,208,外卖骑手,18-24岁,众包,住宅区/社区为主,是，偶尔用,少于4小时,"找不到合适地方休息,饮水不便,手机/电瓶车充电难","应急庇护,基础休憩",闲置核酸亭/集装箱改造,A（高频便利型）,4.0,3.0,4.0,4.0,1.0,4.0,4.0,3.0,4.0,"完全由政府出资,广告收入",不太愿意,5.0,没,不到6个月,5000元以下,,,,,,,,暂无,,,,,,,,没啥,
5,596,外卖骑手,25-30岁,专送,住宅区/社区为主,知道，但从没用过,8-12小时,手机/电瓶车充电难,"基础休憩,应急庇护",社区便利店/超市内,C（弹性流动型）,4.0,5.0,5.0,5.0,1.0,5.0,5.0,4.0,4.0,"由外卖平台承担,向骑手收取少量费用",视情况而定,1.0,看情况,6个月-1年,12000元以上,,,,,,,,没啥,,,,,,,,没想法,
6,196,外卖骑手,25-30岁,众包,商业区/写字楼为主,是，经常用,8-12小时,"上厕所不便,饮水不便","便利服务,基础休憩",小区出入口/门卫室附近,A（高频便利型）,3.0,3.0,3.0,3.0,3.0,3.0,3.0,3.0,3.0,"由外卖平台承担,完全由政府出资",愿意支付,4.0,没想法,1-3年,5000-8000元,,,,,,,,跳过,,,,,,,,-,
7,936,社区周边商户,31-40岁,,,,,,,,,,,,,,,,,,,,,暂无,,,药店/诊所,是，在100米内,是，经常来,经常有,可以考虑,影响店面卫生,"平台流量曝光,水电补贴",公益是好事，但不能只让商户出钱出力吧。,,,,,,,,没,
8,429,外卖骑手,18-24岁,众包,混合区域,知道，但从没用过,超过12小时,上厕所不便,"便利服务,基础休憩",社区便利店/超市内,A（高频便利型）,2.0,3.0,4.0,4.0,1.0,5.0,4.0,4.0,4.0,"由外卖平台承担,广告收入",愿意支付,3.0,没有,1-3年,8000-12000元,,,,,,,,无,,,,,,,,没有,
9,361,社区周边商户,25-30岁,,,,,,,,,,,,,,,,,,,,,没,,,其他服务店,否,是，经常来,经常有,非常愿意,"安全责任问题,影响店面卫生","水电补贴,平台流量曝光",可以的,,,,,,,,没想法,
10,794,社区居民,18-24岁,,,,,,,,,,,,,,,,,,,,,没有,,,,,,,,,,跳过,很少看到,不希望聚集,非常支持,否,噪音/卫生问题,物业监督,愿意,1,少于1年
11,927,外卖骑手,18-24岁,众包,商业区/写字楼为主,知道，但从没用过,少于4小时,"身体疲劳无处缓解,饮水不便,手机/电瓶车充电难","应急庇护,便利服务",小区出入口/门卫室附近,A（高频便利型）,3.0,4.0,3.0,3.0,1.0,4.0,4.0,3.0,4.0,"由外卖平台承担,向骑手收取少量费用",不太愿意,4.0,。,不到6个月,5000元以下,,,,,,,,无,,,,,,,,不知道,
12,819,社区居民,25-30岁,,,,,,,,,,,,,,,,,,,,,没啥,,,,,,,,,,没有,偶尔看到,不希望聚集,比较支持,是,"噪音/卫生问题,充电消防隐患","禁止吸烟,物业监督",无所谓,看情况,5年以上
13,160,外卖骑手,41岁及以上,众包,商业区/写字楼为主,是，偶尔用,4-8小时,"饮水不便,找不到合适地方休息","便利服务,充电续航",社区便利店/超市内,B（综合保障型）,4.0,4.0,4.0,4.0,4.0,4.0,4.0,4.0,4.0,"向骑手收取少量费用,由外卖平台承担",完全不愿意,5.0,最好能有个急救箱，平时磕磕碰碰能处理一下。,6个月-1年,5000元以下,,,,,,,,-,,,,,,,,没有,
14,63,社区居民,41岁及以上,,,,,,,,,,,,,,,,,,,,,无意见,,,,,,,,,,跳过,很少看到,没感觉,比较支持,是,"充电消防隐患,噪音/卫生问题","禁止吸烟,物业监督",无所谓,无,1-5年
15,369,外卖骑手,18-24岁,众包,混合区域,是，偶尔用,4-8小时,"上厕所不便,找不到合适地方休息,饮水不便","应急庇护,基础休憩",闲置核酸亭/集装箱改造,A（高频便利型）,3.0,3.0,3.0,3.0,1.0,3.0,3.0,2.0,3.0,"由外卖平台承担,向骑手收取少量费用",完全不愿意,2.0,找个公共厕所太难了，经常憋着。,不到6个月,5000-8000元,,,,,,,,没啥,,,,,,,,无意见,
16,207,外卖骑手,25-30岁,专送,混合区域,知道，但从没用过,4-8小时,"饮水不便,身体疲劳无处缓解,找不到合适地方休息","基础休憩,应急庇护",小区出入口/门卫室附近,A（高频便利型）,4.0,4.0,5.0,4.0,1.0,4.0,5.0,4.0,4.0,"由外卖平台承担,广告收入",视情况而定,4.0,能有个躺椅稍微眯一会真的很需要。,6个月-1年,5000-8000元,,,,,,,,没,,,,,,,,。,
17,167,社区居民,18-24岁,,,,,,,,,,,,,,,,,,,,,没有,,,,,,,,,,不知道,很少看到,没感觉,中立,否,"充电消防隐患,噪音/卫生问题",物业监督,愿意,不知道,5年以上
18,133,社区居民,18-24岁,,,,,,,,,,,,,,,,,,,,,。,,,,,,,,,,没想法,偶尔看到,觉得辛苦,非常支持,是,充电消防隐患,"禁止吸烟,物业监督",愿意,-,1-5年
19,402,社区居民,25-30岁,,,,,,,,,,,,,,,,,,,,,没,,,,,,,,,,。,偶尔看到,影响美观,比较支持,否,"充电消防隐患,噪音/卫生问题",物业监督,愿意,最好建在便利店旁边,1-5年
20,323,外卖骑手,18-24岁,众包,商业区/写字楼为主,完全不知道,少于4小时,"找不到合适地方休息,身体疲劳无处缓解,饮水不便","充足的电瓶车停车位,便利服务",社区便利店/超市内,A（高频便利型）,3.0,4.0,4.0,3.0,1.0,3.0,4.0,4.0,4.0,"向骑手收取少量费用,广告收入",愿意支付,2.0,不需要搞得多高大上，实用最重要。,不到6个月,5000元以下,,,,,,,,无,,,,,,,,没想法,
21,172,社区居民,31-40岁,,,,,,,,,,,,,,,,,,,,,-,,,,,,,,,,1,很少看到,没感觉,中立,否,"充电消防隐患,噪音/卫生问题","物业监督,禁止吸烟",无所谓,-,少于1年
22,952,外卖骑手,18-24岁,众包,商业区/写字楼为主,是，经常用,超过12小时,"手机/电瓶车充电难,找不到合适地方休息","应急庇护,充电续航",社区便利店/超市内,A（高频便利型）,3.0,2.0,3.0,3.0,1.0,3.0,2.0,3.0,2.0,"广告收入,完全由政府出资",视情况而定,4.0,里面要是能卖点平价水就好了。,不到6个月,8000-12000元,,,,,,,,无意见,,,,,,,,暂无,
23,449,外卖骑手,18-24岁,专送,住宅区/社区为主,知道，但从没用过,8-12小时,"饮水不便,找不到合适地方休息","应急庇护,基础休憩",社区便利店/超市内,A（高频便利型）,3.0,4.0,4.0,3.0,1.0,3.0,4.0,4.0,3.0,"广告收入,向骑手收取少量费用",完全不愿意,3.0,没想法,不到6个月,8000-12000元,,,,,,,,没有,,,,,,,,没有,
24,353,外卖骑手,18-24岁,众包,住宅区/社区为主,完全不知道,4-8小时,找不到合适地方休息,"充电续航,充足的电瓶车停车位",小区出入口/门卫室附近,A（高频便利型）,3.0,3.0,3.0,4.0,1.0,4.0,4.0,4.0,3.0,"完全由政府出资,向骑手收取少量费用",不太愿意,4.0,支持,1-3年,5000-8000元,,,,,,,,。,,,,,,,,没,
25,393,外卖骑手,18-24岁,众包,混合区域,知道，但从没用过,8-12小时,身体疲劳无处缓解,"便利服务,应急庇护",社区便利店/超市内,B（综合保障型）,4.0,5.0,4.0,4.0,1.0,4.0,4.0,4.0,4.0,"由外卖平台承担,完全由政府出资",愿意支付,4.0,1,6个月-1年,8000-12000元,,,,,,,,。,,,,,,,,没,
26,286,社区周边商户,25-30岁,,,,,,,,,,,,,,,,,,,,,无意见,,,便利店/小超市,否,很少,经常有,非常愿意,"影响店面卫生,安全责任问题",平台流量曝光,没想法,,,,,,,,跳过,
28,559,社区周边商户,41岁及以上,,,,,,,,,,,,,,,,,,,,,暂无,,,便利店/小超市,是，在100米内,很少,从未有过,非常愿意,"影响店面卫生,安全责任问题",水电补贴,充电的安全问题一定要搞清楚，起火了谁负责？,,,,,,,,没啥,
30,904,社区居民,18-24岁,,,,,,,,,,,,,,,,,,,,,没啥,,,,,,,,,,暂无,偶尔看到,不希望聚集,不太支持,是,"噪音/卫生问题,充电消防隐患","物业监督,禁止吸烟",无所谓,可以的,少于1年
31,292,外卖骑手,41岁及以上,专送,商业区/写字楼为主,是，偶尔用,超过12小时,"身体疲劳无处缓解,找不到合适地方休息","充电续航,基础休憩",社区党群服务中心,A（高频便利型）,5.0,5.0,5.0,5.0,4.0,5.0,5.0,5.0,5.0,"向骑手收取少量费用,完全由政府出资",愿意支付,2.0,充电插座不够用，有时候还得排队。,不到6个月,8000-12000元,,,,,,,,不知道,,,,,,,,-,
32,184,外卖骑手,41岁及以上,专送,住宅区/社区为主,是，偶尔用,8-12小时,"找不到合适地方休息,手机/电瓶车充电难,饮水不便","应急庇护,便利服务",闲置核酸亭/集装箱改造,A（高频便利型）,4.0,4.0,3.0,5.0,1.0,4.0,5.0,5.0,4.0,"完全由政府出资,由外卖平台承担",不太愿意,4.0,。,不到6个月,12000元以上,,,,,,,,1,,,,,,,,没有,
33,163,外卖骑手,41岁及以上,专送,混合区域,是，经常用,超过12小时,上厕所不便,"便利服务,充电续航",社区便利店/超市内,A（高频便利型）,3.0,3.0,3.0,3.0,4.0,2.0,2.0,3.0,3.0,"完全由政府出资,向骑手收取少量费用",愿意支付,5.0,没有,6个月-1年,8000-12000元,,,,,,,,-,,,,,,,,无,
34,226,社区居民,18-24岁,,,,,,,,,,,,,,,,,,,,,没想法,,,,,,,,,,。,很少看到,不希望聚集,中立,是,噪音/卫生问题,禁止吸烟,无所谓,暂无,1-5年
35,101,外卖骑手,31-40岁,专送,商业区/写字楼为主,是，经常用,4-8小时,"上厕所不便,饮水不便","便利服务,应急庇护",社区党群服务中心,C（弹性流动型）,4.0,3.0,3.0,4.0,1.0,4.0,4.0,4.0,4.0,"广告收入,完全由政府出资",愿意支付,5.0,没啥,6个月-1年,5000元以下,,,,,,,,不知道,,,,,,,,无,
36,193,外卖骑手,25-30岁,专送,混合区域,完全不知道,4-8小时,"找不到合适地方休息,身体疲劳无处缓解","充电续航,应急庇护",社区便利店/超市内,A（高频便利型）,3.0,4.0,4.0,3.0,1.0,3.0,4.0,4.0,3.0,"由外卖平台承担,向骑手收取少量费用",不太愿意,3.0,无,不到6个月,5000-8000元,,,,,,,,-,,,,,,,,没有,
37,263,外卖骑手,18-24岁,众包,商业区/写字楼为主,是，经常用,4-8小时,"上厕所不便,饮水不便","便利服务,基础休憩",社区党群服务中心,B（综合保障型）,4.0,5.0,4.0,5.0,1.0,5.0,5.0,5.0,4.0,"由外卖平台承担,广告收入",视情况而定,4.0,无意见,不到6个月,12000元以上,,,,,,,,不知道,,,,,,,,1,
38,66,外卖骑手,41岁及以上,众包,商业区/写字楼为主,是，偶尔用,8-12小时,"找不到合适地方休息,饮水不便,手机/电瓶车充电难","充电续航,应急庇护",小区出入口/门卫室附近,B（综合保障型）,4.0,4.0,4.0,5.0,1.0,5.0,5.0,5.0,5.0,"完全由政府出资,由外卖平台承担",愿意支付,1.0,没,不到6个月,5000-8000元,,,,,,,,没啥,,,,,,,,没想法,
39,375,外卖骑手,25-30岁,众包,混合区域,是，经常用,4-8小时,"手机/电瓶车充电难,身体疲劳无处缓解,饮水不便","基础休憩,应急庇护",社区便利店/超市内,A（高频便利型）,3.0,3.0,4.0,3.0,1.0,3.0,4.0,3.0,3.0,"完全由政府出资,向骑手收取少量费用",不太愿意,1.0,没遇到,1-3年,5000-8000元,,,,,,,,1,,,,,,,,跳过,
40,116,社区居民,25-30岁,,,,,,,,,,,,,,,,,,,,,暂无,,,,,,,,,,没有,很少看到,不希望聚集,中立,是,"充电消防隐患,噪音/卫生问题","物业监督,禁止吸烟",无所谓,跳过,5年以上
41,1576,外卖骑手,25-30岁,众包,住宅区/社区为主,知道，但从没用过,8-12小时,"手机/电瓶车充电难,身体疲劳无处缓解,饮水不便","应急庇护,充足的电瓶车停车位",闲置核酸亭/集装箱改造,B（综合保障型）,5.0,5.0,5.0,5.0,5.0,5.0,5.0,5.0,5.0,"向骑手收取少量费用,广告收入",不太愿意,3.0,跳过,1-3年,8000-12000元,,,,,,,,1,,,,,,,,没啥,
42,1336,外卖骑手,25-30岁,众包,商业区/写字楼为主,知道，但从没用过,少于4小时,"上厕所不便,手机/电瓶车充电难","基础休憩,应急庇护",闲置核酸亭/集装箱改造,B（综合保障型）,3.0,3.0,3.0,4.0,1.0,4.0,4.0,3.0,3.0,"广告收入,由外卖平台承担",愿意支付,3.0,不知道,不到6个月,5000元以下,,,,,,,,不知道,,,,,,,,没有,
43,410,外卖骑手,18-24岁,众包,住宅区/社区为主,是，偶尔用,超过12小时,"饮水不便,找不到合适地方休息,上厕所不便","应急庇护,充足的电瓶车停车位",社区便利店/超市内,A（高频便利型）,4.0,4.0,4.0,5.0,1.0,4.0,4.0,4.0,4.0,"由外卖平台承担,向骑手收取少量费用",视情况而定,4.0,没啥,1-3年,12000元以上,,,,,,,,-,,,,,,,,没有,
44,620,外卖骑手,18-24岁,众包,住宅区/社区为主,完全不知道,8-12小时,"饮水不便,身体疲劳无处缓解,找不到合适地方休息","基础休憩,充足的电瓶车停车位",社区便利店/超市内,A（高频便利型）,4.0,4.0,4.0,4.0,2.0,4.0,4.0,4.0,4.0,"向骑手收取少量费用,广告收入",视情况而定,3.0,暂无,6个月-1年,8000-12000元,,,,,,,,。,,,,,,,,1,
45,262,社区周边商户,31-40岁,,,,,,,,,,,,,,,,,,,,,没,,,药店/诊所,是，在100米内,是，经常来,经常有,非常愿意,"安全责任问题,影响店面卫生","平台流量曝光,水电补贴",无意见,,,,,,,,1,
46,609,社区周边商户,25-30岁,,,,,,,,,,,,,,,,,,,,,暂无,,,其他服务店,否,是，经常来,很少有,可以考虑,安全责任问题,"水电补贴,平台流量曝光",希望平台能给我们这些合作商家减免点抽成。,,,,,,,,没有,
47,396,社区居民,25-30岁,,,,,,,,,,,,,,,,,,,,,1,,,,,,,,,,。,很少看到,觉得辛苦,中立,是,充电消防隐患,物业监督,无所谓,不知道,少于1年
48,400,社区周边商户,18-24岁,,,,,,,,,,,,,,,,,,,,,。,,,餐饮店,是，在100米内,是，经常来,很少有,可以考虑,"影响店面卫生,安全责任问题","平台流量曝光,水电补贴",怕就怕到时候一堆电瓶车把门面堵死了。,,,,,,,,没有,
49,395,外卖骑手,25-30岁,众包,混合区域,是，偶尔用,8-12小时,"上厕所不便,手机/电瓶车充电难","充足的电瓶车停车位,充电续航",社区便利店/超市内,A（高频便利型）,4.0,5.0,4.0,4.0,1.0,4.0,4.0,5.0,5.0,"完全由政府出资,由外卖平台承担",完全不愿意,2.0,别建在小区里面，保安大叔不让进的。,1-3年,8000-12000元,,,,,,,,暂无,,,,,,,,没,
50,376,外卖骑手,25-30岁,专送,商业区/写字楼为主,是，经常用,超过12小时,"手机/电瓶车充电难,找不到合适地方休息,饮水不便","充足的电瓶车停车位,充电续航",社区便利店/超市内,B（综合保障型）,5.0,5.0,5.0,5.0,1.0,4.0,5.0,5.0,4.0,"完全由政府出资,向骑手收取少量费用",不太愿意,1.0,1,3年以上,8000-12000元,,,,,,,,暂无,,,,,,,,跳过,
51,199,社区周边商户,41岁及以上,,,,,,,,,,,,,,,,,,,,,无,,,便利店/小超市,是，就在小区门口,偶尔来,经常有,可以考虑,"影响店面卫生,安全责任问题",水电补贴,无,,,,,,,,跳过,
52,253,社区周边商户,31-40岁,,,,,,,,,,,,,,,,,,,,,无意见,,,便利店/小超市,是，就在小区门口,是，经常来,经常有,不愿意,影响店面卫生,"水电补贴,平台流量曝光",但是别大吵大闹影响别的顾客堂食,,,,,,,,1,
54,370,社区居民,18-24岁,,,,,,,,,,,,,,,,,,,,,无意见,,,,,,,,,,跳过,经常看到,不希望聚集,不太支持,是,"充电消防隐患,噪音/卫生问题","禁止吸烟,物业监督",愿意,同意,1-5年
55,263,社区居民,25-30岁,,,,,,,,,,,,,,,,,,,,,没,,,,,,,,,,暂无,经常看到,影响美观,非常支持,是,充电消防隐患,物业监督,愿意,无,5年以上
56,159,社区居民,25-30岁,,,,,,,,,,,,,,,,,,,,,没想法,,,,,,,,,,没啥,经常看到,不希望聚集,不太支持,否,"充电消防隐患,噪音/卫生问题","禁止吸烟,物业监督",无所谓,没啥,1-5年
57,140,外卖骑手,25-30岁,众包,商业区/写字楼为主,是，经常用,少于4小时,饮水不便,"充足的电瓶车停车位,充电续航",小区出入口/门卫室附近,A（高频便利型）,4.0,4.0,4.0,3.0,4.0,4.0,4.0,4.0,3.0,"广告收入,由外卖平台承担",完全不愿意,1.0,无,6个月-1年,8000-12000元,,,,,,,,没想法,,,,,,,,1,
58,401,外卖骑手,18-24岁,专送,商业区/写字楼为主,是，偶尔用,8-12小时,"身体疲劳无处缓解,手机/电瓶车充电难,饮水不便","应急庇护,充电续航",小区出入口/门卫室附近,B（综合保障型）,3.0,4.0,4.0,3.0,1.0,4.0,3.0,4.0,3.0,"向骑手收取少量费用,由外卖平台承担",视情况而定,3.0,。,6个月-1年,8000-12000元,,,,,,,,没,,,,,,,,无,
59,361,外卖骑手,18-24岁,众包,混合区域,是，偶尔用,8-12小时,"手机/电瓶车充电难,身体疲劳无处缓解,上厕所不便","应急庇护,充电续航",社区便利店/超市内,B（综合保障型）,3.0,3.0,2.0,3.0,1.0,2.0,2.0,3.0,2.0,"完全由政府出资,由外卖平台承担",视情况而定,1.0,希望能多一些能趴着睡会的桌子。,6个月-1年,5000-8000元,,,,,,,,没有,,,,,,,,没,
60,288,社区周边商户,41岁及以上,,,,,,,,,,,,,,,,,,,,,没有,,,餐饮店,是，在100米内,很少,从未有过,可以考虑,"安全责任问题,影响店面卫生","水电补贴,平台流量曝光",没遇到,,,,,,,,跳过,
61,1455,外卖骑手,31-40岁,众包,住宅区/社区为主,是，偶尔用,8-12小时,饮水不便,"基础休憩,充足的电瓶车停车位",社区便利店/超市内,C（弹性流动型）,4.0,5.0,4.0,5.0,1.0,5.0,5.0,5.0,5.0,"向骑手收取少量费用,由外卖平台承担",完全不愿意,1.0,没想法,6个月-1年,12000元以上,,,,,,,,暂无,,,,,,,,没想法,
62,238,社区居民,25-30岁,,,,,,,,,,,,,,,,,,,,,没想法,,,,,,,,,,无,很少看到,没感觉,非常支持,否,充电消防隐患,"禁止吸烟,物业监督",愿意,可以的,1-5年
63,354,外卖骑手,25-30岁,众包,住宅区/社区为主,知道，但从没用过,4-8小时,上厕所不便,"基础休憩,充电续航",小区出入口/门卫室附近,A（高频便利型）,4.0,4.0,4.0,4.0,1.0,5.0,5.0,4.0,3.0,"向骑手收取少量费用,广告收入",不太愿意,2.0,还行,1-3年,8000-12000元,,,,,,,,无意见,,,,,,,,暂无,
64,1173,外卖骑手,18-24岁,专送,住宅区/社区为主,是，经常用,少于4小时,"饮水不便,手机/电瓶车充电难","便利服务,应急庇护",社区便利店/超市内,A（高频便利型）,4.0,4.0,4.0,3.0,1.0,3.0,4.0,3.0,3.0,"由外卖平台承担,完全由政府出资",不太愿意,4.0,还行,不到6个月,5000-8000元,,,,,,,,暂无,,,,,,,,无意见,
65,157,外卖骑手,25-30岁,众包,商业区/写字楼为主,是，偶尔用,8-12小时,"身体疲劳无处缓解,上厕所不便","充电续航,便利服务",小区出入口/门卫室附近,A（高频便利型）,4.0,4.0,4.0,4.0,1.0,5.0,5.0,4.0,5.0,"由外卖平台承担,向骑手收取少量费用",完全不愿意,1.0,不知道,6个月-1年,5000-8000元,,,,,,,,不知道,,,,,,,,无意见,
66,338,外卖骑手,25-30岁,专送,混合区域,知道，但从没用过,4-8小时,饮水不便,"充足的电瓶车停车位,便利服务",闲置核酸亭/集装箱改造,A（高频便利型）,3.0,2.0,3.0,3.0,1.0,2.0,4.0,3.0,3.0,"广告收入,由外卖平台承担",愿意支付,3.0,没有,6个月-1年,5000元以下,,,,,,,,无,,,,,,,,1,
67,495,社区周边商户,31-40岁,,,,,,,,,,,,,,,,,,,,,没想法,,,药店/诊所,是，就在小区门口,偶尔来,很少有,可以考虑,"影响店面卫生,安全责任问题","平台流量曝光,水电补贴",我们店面积太小了，实在腾不出地方搞这个。,,,,,,,,没有,
68,443,社区居民,18-24岁,,,,,,,,,,,,,,,,,,,,,没有,,,,,,,,,,。,很少看到,觉得辛苦,比较支持,是,充电消防隐患,"禁止吸烟,物业监督",不太愿意,无意见,5年以上
69,408,外卖骑手,31-40岁,众包,混合区域,知道，但从没用过,8-12小时,"饮水不便,身体疲劳无处缓解","应急庇护,充电续航",社区便利店/超市内,B（综合保障型）,5.0,4.0,4.0,5.0,3.0,5.0,5.0,3.0,3.0,"广告收入,由外卖平台承担",视情况而定,5.0,-,不到6个月,5000元以下,,,,,,,,没有,,,,,,,,暂无,
70,732,社区居民,25-30岁,,,,,,,,,,,,,,,,,,,,,-,,,,,,,,,,无意见,经常看到,没感觉,非常支持,否,充电消防隐患,禁止吸烟,无所谓,。,5年以上
71,474,外卖骑手,25-30岁,众包,商业区/写字楼为主,是，经常用,4-8小时,"手机/电瓶车充电难,找不到合适地方休息","充电续航,充足的电瓶车停车位",闲置核酸亭/集装箱改造,A（高频便利型）,4.0,4.0,4.0,4.0,2.0,3.0,4.0,3.0,5.0,"由外卖平台承担,广告收入",完全不愿意,1.0,挺好的,1-3年,12000元以上,,,,,,,,不知道,,,,,,,,。,
72,666,社区居民,25-30岁,,,,,,,,,,,,,,,,,,,,,无意见,,,,,,,,,,不知道,经常看到,没感觉,非常支持,是,充电消防隐患,禁止吸烟,愿意,没,少于1年
73,296,社区居民,41岁及以上,,,,,,,,,,,,,,,,,,,,,无意见,,,,,,,,,,没有,经常看到,影响美观,不太支持,否,充电消防隐患,"禁止吸烟,物业监督",不太愿意,最好弄成独立的集装箱那种，和其他区域隔开。,5年以上
74,369,社区周边商户,25-30岁,,,,,,,,,,,,,,,,,,,,,没啥,,,药店/诊所,是，在100米内,是，经常来,很少有,不愿意,影响店面卫生,水电补贴,看情况,,,,,,,,无意见,
75,227,外卖骑手,25-30岁,众包,混合区域,是，偶尔用,4-8小时,"身体疲劳无处缓解,上厕所不便","充足的电瓶车停车位,应急庇护",小区出入口/门卫室附近,B（综合保障型）,4.0,3.0,3.0,4.0,1.0,4.0,3.0,3.0,4.0,"向骑手收取少量费用,完全由政府出资",视情况而定,3.0,还行,6个月-1年,12000元以上,,,,,,,,暂无,,,,,,,,不知道,
76,617,外卖骑手,25-30岁,众包,商业区/写字楼为主,知道，但从没用过,少于4小时,饮水不便,"应急庇护,便利服务",社区便利店/超市内,A（高频便利型）,3.0,3.0,4.0,3.0,1.0,4.0,4.0,3.0,4.0,"由外卖平台承担,向骑手收取少量费用",视情况而定,3.0,看情况,1-3年,5000-8000元,,,,,,,,。,,,,,,,,1,
77,1155,外卖骑手,25-30岁,众包,住宅区/社区为主,完全不知道,8-12小时,找不到合适地方休息,"便利服务,应急庇护",社区便利店/超市内,A（高频便利型）,2.0,2.0,2.0,2.0,5.0,2.0,2.0,2.0,2.0,"广告收入,完全由政府出资",视情况而定,3.0,无,不到6个月,5000-8000元,,,,,,,,没有,,,,,,,,不知道,
78,633,外卖骑手,41岁及以上,众包,住宅区/社区为主,是，偶尔用,4-8小时,"饮水不便,身体疲劳无处缓解,上厕所不便","充足的电瓶车停车位,便利服务",社区便利店/超市内,C（弹性流动型）,3.0,3.0,2.0,2.0,1.0,2.0,3.0,3.0,4.0,"完全由政府出资,由外卖平台承担",完全不愿意,5.0,无意见,不到6个月,5000元以下,,,,,,,,无,,,,,,,,无,
79,540,外卖骑手,25-30岁,众包,混合区域,知道，但从没用过,8-12小时,"身体疲劳无处缓解,找不到合适地方休息","基础休憩,便利服务",社区便利店/超市内,A（高频便利型）,4.0,4.0,4.0,4.0,1.0,4.0,4.0,3.0,4.0,"广告收入,向骑手收取少量费用",愿意支付,1.0,没,不到6个月,5000-8000元,,,,,,,,不知道,,,,,,,,无意见,
80,501,社区周边商户,41岁及以上,,,,,,,,,,,,,,,,,,,,,没,,,餐饮店,否,很少,从未有过,非常愿意,"安全责任问题,影响店面卫生","平台流量曝光,水电补贴",可以的,,,,,,,,。,
81,267,外卖骑手,25-30岁,众包,商业区/写字楼为主,知道，但从没用过,8-12小时,"上厕所不便,找不到合适地方休息,饮水不便","便利服务,充电续航",闲置核酸亭/集装箱改造,A（高频便利型）,5.0,4.0,5.0,4.0,1.0,5.0,4.0,4.0,5.0,"由外卖平台承担,向骑手收取少量费用",视情况而定,5.0,没有,不到6个月,12000元以上,,,,,,,,没啥,,,,,,,,没,
82,478,外卖骑手,25-30岁,众包,商业区/写字楼为主,是，经常用,8-12小时,手机/电瓶车充电难,"便利服务,应急庇护",社区便利店/超市内,B（综合保障型）,4.0,4.0,4.0,4.0,4.0,4.0,4.0,4.0,4.0,"广告收入,由外卖平台承担",不太愿意,3.0,-,不到6个月,8000-12000元,,,,,,,,没想法,,,,,,,,。,
83,126,外卖骑手,25-30岁,众包,混合区域,知道，但从没用过,8-12小时,找不到合适地方休息,"充足的电瓶车停车位,应急庇护",社区便利店/超市内,A（高频便利型）,4.0,3.0,3.0,3.0,2.0,4.0,3.0,4.0,3.0,"由外卖平台承担,完全由政府出资",愿意支付,1.0,没,6个月-1年,5000元以下,,,,,,,,无,,,,,,,,无意见,
84,242,社区居民,31-40岁,,,,,,,,,,,,,,,,,,,,,-,,,,,,,,,,无,经常看到,没感觉,中立,是,"充电消防隐患,噪音/卫生问题",禁止吸烟,不太愿意,别弄个烂摊子最后没人管,1-5年
85,553,外卖骑手,18-24岁,众包,混合区域,是，偶尔用,少于4小时,"饮水不便,手机/电瓶车充电难,身体疲劳无处缓解","应急庇护,充电续航",社区便利店/超市内,C（弹性流动型）,5.0,4.0,4.0,3.0,1.0,3.0,3.0,3.0,4.0,"由外卖平台承担,广告收入",完全不愿意,2.0,暂无,1-3年,5000-8000元,,,,,,,,不知道,,,,,,,,没有,
86,429,社区居民,31-40岁,,,,,,,,,,,,,,,,,,,,,-,,,,,,,,,,。,很少看到,没感觉,中立,是,噪音/卫生问题,禁止吸烟,不太愿意,只要不占用小区的公共绿化和车位就行。,1-5年
87,365,社区周边商户,41岁及以上,,,,,,,,,,,,,,,,,,,,,跳过,,,药店/诊所,否,偶尔来,从未有过,非常愿意,"影响店面卫生,安全责任问题","平台流量曝光,水电补贴",支持是支持，但最好别把垃圾扔的到处都是。,,,,,,,,没啥,
88,175,外卖骑手,18-24岁,众包,混合区域,完全不知道,超过12小时,"手机/电瓶车充电难,身体疲劳无处缓解","充电续航,基础休憩",小区出入口/门卫室附近,A（高频便利型）,3.0,3.0,3.0,3.0,1.0,3.0,3.0,2.0,3.0,"向骑手收取少量费用,完全由政府出资",完全不愿意,3.0,暂无,6个月-1年,8000-12000元,,,,,,,,没,,,,,,,,没,
89,679,社区居民,31-40岁,,,,,,,,,,,,,,,,,,,,,跳过,,,,,,,,,,无,偶尔看到,影响美观,不太支持,是,"噪音/卫生问题,充电消防隐患","禁止吸烟,物业监督",无所谓,-,少于1年
90,732,社区周边商户,31-40岁,,,,,,,,,,,,,,,,,,,,,跳过,,,药店/诊所,是，就在小区门口,是，经常来,很少有,非常愿意,"影响店面卫生,安全责任问题",水电补贴,别在店里大声说话或者抽烟就行，影响其他客人。,,,,,,,,没啥,
91,597,外卖骑手,25-30岁,专送,混合区域,知道，但从没用过,4-8小时,"身体疲劳无处缓解,找不到合适地方休息","应急庇护,便利服务",社区党群服务中心,A（高频便利型）,4.0,5.0,4.0,4.0,1.0,3.0,3.0,3.0,4.0,"向骑手收取少量费用,完全由政府出资",完全不愿意,3.0,有些驿站太偏僻了，送单根本不顺路。,不到6个月,5000元以下,,,,,,,,无意见,,,,,,,,没,
92,471,外卖骑手,18-24岁,众包,商业区/写字楼为主,是，经常用,超过12小时,上厕所不便,"充电续航,应急庇护",闲置核酸亭/集装箱改造,A（高频便利型）,2.0,3.0,3.0,3.0,1.0,3.0,4.0,2.0,2.0,"广告收入,完全由政府出资",完全不愿意,2.0,能不能在商场附近多搞几个？那边最累。,不到6个月,8000-12000元,,,,,,,,没有,,,,,,,,跳过,
93,647,社区周边商户,31-40岁,,,,,,,,,,,,,,,,,,,,,无,,,便利店/小超市,是，在100米内,偶尔来,很少有,可以考虑,"安全责任问题,影响店面卫生",平台流量曝光,如果美团能给点线上流量我就干,,,,,,,,暂无,
94,674,外卖骑手,18-24岁,众包,混合区域,知道，但从没用过,超过12小时,"手机/电瓶车充电难,饮水不便","应急庇护,充电续航",社区便利店/超市内,A（高频便利型）,4.0,4.0,5.0,3.0,1.0,4.0,4.0,5.0,5.0,"完全由政府出资,由外卖平台承担",完全不愿意,3.0,1,6个月-1年,8000-12000元,,,,,,,,-,,,,,,,,无意见,
95,312,外卖骑手,18-24岁,众包,住宅区/社区为主,是，偶尔用,8-12小时,手机/电瓶车充电难,"应急庇护,充足的电瓶车停车位",社区便利店/超市内,A（高频便利型）,4.0,4.0,4.0,4.0,1.0,4.0,5.0,4.0,4.0,"由外卖平台承担,广告收入",不太愿意,2.0,如果能在这个地方拿到商家的单子就好了。,不到6个月,8000-12000元,,,,,,,,暂无,,,,,,,,暂无,
96,194,外卖骑手,25-30岁,众包,混合区域,是，偶尔用,8-12小时,"饮水不便,身体疲劳无处缓解,找不到合适地方休息","充电续航,应急庇护",闲置核酸亭/集装箱改造,C（弹性流动型）,3.0,4.0,4.0,3.0,1.0,4.0,3.0,4.0,3.0,"完全由政府出资,由外卖平台承担",不太愿意,4.0,暂无,不到6个月,8000-12000元,,,,,,,,跳过,,,,,,,,-,
97,234,外卖骑手,25-30岁,众包,商业区/写字楼为主,知道，但从没用过,少于4小时,"找不到合适地方休息,上厕所不便,手机/电瓶车充电难","便利服务,充电续航",闲置核酸亭/集装箱改造,A（高频便利型）,4.0,4.0,3.0,4.0,1.0,4.0,4.0,4.0,5.0,"广告收入,完全由政府出资",视情况而定,2.0,没有,不到6个月,5000-8000元,,,,,,,,无意见,,,,,,,,-,
98,270,社区周边商户,18-24岁,,,,,,,,,,,,,,,,,,,,,不知道,,,其他服务店,是，就在小区门口,是，经常来,很少有,非常愿意,"影响店面卫生,安全责任问题","水电补贴,平台流量曝光",不知道,,,,,,,,。,
100,539,社区周边商户,41岁及以上,,,,,,,,,,,,,,,,,,,,,-,,,便利店/小超市,否,是，经常来,偶尔有,可以考虑,"安全责任问题,影响店面卫生",平台流量曝光,只要不影响我们正常做生意，其实我是支持的。,,,,,,,,没有,
101,567,社区居民,18-24岁,,,,,,,,,,,,,,,,,,,,,无意见,,,,,,,,,,没,偶尔看到,觉得辛苦,中立,是,噪音/卫生问题,禁止吸烟,不太愿意,看情况,少于1年
102,743,社区居民,18-24岁,,,,,,,,,,,,,,,,,,,,,无,,,,,,,,,,没有,经常看到,觉得辛苦,非常支持,是,"噪音/卫生问题,充电消防隐患",物业监督,无所谓,还行,5年以上
103,766,社区周边商户,41岁及以上,,,,,,,,,,,,,,,,,,,,,没啥,,,便利店/小超市,是，就在小区门口,很少,从未有过,非常愿意,"安全责任问题,影响店面卫生",平台流量曝光,最好能有个统一的标识，也算帮我们做宣传了。,,,,,,,,跳过,
104,469,外卖骑手,25-30岁,众包,混合区域,是，偶尔用,8-12小时,身体疲劳无处缓解,"充电续航,应急庇护",社区便利店/超市内,B（综合保障型）,4.0,4.0,3.0,4.0,1.0,5.0,4.0,4.0,3.0,"广告收入,完全由政府出资",视情况而定,2.0,支持,不到6个月,5000-8000元,,,,,,,,跳过,,,,,,,,没想法,
105,413,外卖骑手,31-40岁,众包,住宅区/社区为主,是，经常用,超过12小时,"手机/电瓶车充电难,身体疲劳无处缓解","应急庇护,充足的电瓶车停车位",社区便利店/超市内,A（高频便利型）,4.0,4.0,4.0,5.0,1.0,5.0,5.0,5.0,4.0,"向骑手收取少量费用,完全由政府出资",视情况而定,2.0,无,6个月-1年,12000元以上,,,,,,,,没啥,,,,,,,,跳过,
106,45,外卖骑手,18-24岁,众包,混合区域,完全不知道,8-12小时,"找不到合适地方休息,饮水不便,手机/电瓶车充电难","充足的电瓶车停车位,应急庇护",闲置核酸亭/集装箱改造,A（高频便利型）,3.0,4.0,4.0,4.0,5.0,4.0,4.0,5.0,5.0,"广告收入,由外卖平台承担",视情况而定,4.0,。,6个月-1年,8000-12000元,,,,,,,,不知道,,,,,,,,没啥,
107,318,社区居民,31-40岁,,,,,,,,,,,,,,,,,,,,,没啥,,,,,,,,,,没啥,经常看到,觉得辛苦,中立,否,"噪音/卫生问题,充电消防隐患",物业监督,不太愿意,还行,1-5年
108,290,外卖骑手,31-40岁,众包,住宅区/社区为主,知道，但从没用过,8-12小时,"身体疲劳无处缓解,找不到合适地方休息,手机/电瓶车充电难","充电续航,便利服务",社区便利店/超市内,B（综合保障型）,2.0,3.0,2.0,2.0,1.0,3.0,3.0,4.0,3.0,"向骑手收取少量费用,完全由政府出资",不太愿意,2.0,不知道,1-3年,5000-8000元,,,,,,,,-,,,,,,,,没想法,
109,793,社区周边商户,41岁及以上,,,,,,,,,,,,,,,,,,,,,-,,,便利店/小超市,是，在100米内,是，经常来,偶尔有,不愿意,"安全责任问题,影响店面卫生",平台流量曝光,支持,,,,,,,,没啥,
110,225,外卖骑手,31-40岁,众包,混合区域,完全不知道,8-12小时,"饮水不便,身体疲劳无处缓解","充足的电瓶车停车位,应急庇护",社区便利店/超市内,A（高频便利型）,2.0,2.0,2.0,2.0,5.0,2.0,2.0,2.0,2.0,"由外卖平台承担,广告收入",愿意支付,4.0,冬天太冷，能有个地方喝口热水就行。,1-3年,5000-8000元,,,,,,,,。,,,,,,,,无意见,
111,184,社区居民,31-40岁,,,,,,,,,,,,,,,,,,,,,不知道,,,,,,,,,,跳过,经常看到,没感觉,非常支持,是,"噪音/卫生问题,充电消防隐患",物业监督,不太愿意,没啥,少于1年
112,491,外卖骑手,25-30岁,众包,商业区/写字楼为主,是，经常用,8-12小时,"手机/电瓶车充电难,身体疲劳无处缓解,上厕所不便","应急庇护,便利服务",社区便利店/超市内,B（综合保障型）,4.0,3.0,4.0,4.0,1.0,3.0,4.0,4.0,3.0,"向骑手收取少量费用,广告收入",愿意支付,4.0,没,3年以上,5000-8000元,,,,,,,,暂无,,,,,,,,跳过,
115,216,外卖骑手,31-40岁,众包,混合区域,完全不知道,少于4小时,"找不到合适地方休息,上厕所不便,身体疲劳无处缓解","充电续航,便利服务",闲置核酸亭/集装箱改造,A（高频便利型）,2.0,2.0,2.0,2.0,4.0,2.0,2.0,2.0,2.0,"广告收入,完全由政府出资",不太愿意,1.0,可以的,6个月-1年,5000元以下,,,,,,,,不知道,,,,,,,,没啥,
116,264,外卖骑手,31-40岁,众包,住宅区/社区为主,完全不知道,4-8小时,"手机/电瓶车充电难,身体疲劳无处缓解,上厕所不便","充足的电瓶车停车位,基础休憩",社区便利店/超市内,C（弹性流动型）,3.0,3.0,4.0,5.0,2.0,4.0,4.0,4.0,4.0,"完全由政府出资,由外卖平台承担",视情况而定,1.0,希望里面的插座是那种快充的,不到6个月,5000元以下,,,,,,,,没想法,,,,,,,,没想法,
117,72,社区居民,25-30岁,,,,,,,,,,,,,,,,,,,,,无意见,,,,,,,,,,跳过,偶尔看到,没感觉,非常支持,否,噪音/卫生问题,物业监督,不太愿意,无,5年以上
118,316,社区居民,41岁及以上,,,,,,,,,,,,,,,,,,,,,无意见,,,,,,,,,,无意见,偶尔看到,没感觉,中立,否,"充电消防隐患,噪音/卫生问题","物业监督,禁止吸烟",不太愿意,没想法,少于1年
119,429,社区居民,31-40岁,,,,,,,,,,,,,,,,,,,,,没想法,,,,,,,,,,不知道,很少看到,不希望聚集,比较支持,是,充电消防隐患,禁止吸烟,无所谓,1,1-5年
120,808,外卖骑手,25-30岁,专送,住宅区/社区为主,完全不知道,4-8小时,"找不到合适地方休息,身体疲劳无处缓解,饮水不便","应急庇护,充电续航",社区便利店/超市内,A（高频便利型）,4.0,4.0,5.0,4.0,1.0,4.0,5.0,4.0,4.0,"广告收入,向骑手收取少量费用",愿意支付,1.0,暂无,不到6个月,5000-8000元,,,,,,,,。,,,,,,,,1,
121,927,外卖骑手,25-30岁,专送,住宅区/社区为主,是，经常用,4-8小时,"找不到合适地方休息,饮水不便,身体疲劳无处缓解","便利服务,应急庇护",社区便利店/超市内,A（高频便利型）,4.0,5.0,3.0,4.0,1.0,4.0,4.0,4.0,4.0,"向骑手收取少量费用,由外卖平台承担",愿意支付,4.0,希望能有个微波炉,不到6个月,5000-8000元,,,,,,,,没啥,,,,,,,,没,
122,233,外卖骑手,31-40岁,众包,商业区/写字楼为主,是，经常用,少于4小时,手机/电瓶车充电难,"充电续航,应急庇护",社区便利店/超市内,A（高频便利型）,3.0,3.0,3.0,3.0,1.0,3.0,3.0,3.0,4.0,"完全由政府出资,广告收入",完全不愿意,2.0,看情况,1-3年,5000元以下,,,,,,,,。,,,,,,,,不知道,
123,262,外卖骑手,25-30岁,众包,住宅区/社区为主,知道，但从没用过,超过12小时,"身体疲劳无处缓解,找不到合适地方休息,饮水不便","充电续航,基础休憩",小区出入口/门卫室附近,A（高频便利型）,4.0,4.0,4.0,4.0,5.0,4.0,4.0,4.0,4.0,"完全由政府出资,由外卖平台承担",完全不愿意,5.0,还行,3年以上,5000元以下,,,,,,,,没有,,,,,,,,暂无,
124,427,外卖骑手,18-24岁,专送,住宅区/社区为主,完全不知道,4-8小时,身体疲劳无处缓解,"充电续航,应急庇护",小区出入口/门卫室附近,A（高频便利型）,4.0,4.0,4.0,3.0,1.0,4.0,4.0,4.0,3.0,"向骑手收取少量费用,广告收入",完全不愿意,4.0,没遇到,6个月-1年,8000-12000元,,,,,,,,暂无,,,,,,,,没,
125,193,外卖骑手,25-30岁,专送,商业区/写字楼为主,完全不知道,少于4小时,找不到合适地方休息,"基础休憩,应急庇护",小区出入口/门卫室附近,A（高频便利型）,4.0,5.0,4.0,4.0,4.0,4.0,4.0,4.0,4.0,"由外卖平台承担,向骑手收取少量费用",视情况而定,5.0,暂无,6个月-1年,8000-12000元,,,,,,,,1,,,,,,,,没想法,
126,289,外卖骑手,25-30岁,众包,住宅区/社区为主,是，偶尔用,超过12小时,手机/电瓶车充电难,"应急庇护,便利服务",社区便利店/超市内,A（高频便利型）,4.0,3.0,3.0,3.0,4.0,3.0,3.0,3.0,4.0,"完全由政府出资,向骑手收取少量费用",不太愿意,5.0,希望能多建一点，现在覆盖率太低了。,6个月-1年,5000元以下,,,,,,,,没有,,,,,,,,1,
127,394,外卖骑手,25-30岁,专送,商业区/写字楼为主,是，经常用,超过12小时,"手机/电瓶车充电难,饮水不便","便利服务,充足的电瓶车停车位",社区便利店/超市内,A（高频便利型）,3.0,3.0,3.0,3.0,3.0,3.0,3.0,3.0,3.0,"由外卖平台承担,广告收入",完全不愿意,5.0,不知道,不到6个月,8000-12000元,,,,,,,,没想法,,,,,,,,暂无,
128,383,社区居民,25-30岁,,,,,,,,,,,,,,,,,,,,,没啥,,,,,,,,,,没啥,偶尔看到,影响美观,比较支持,否,"噪音/卫生问题,充电消防隐患",禁止吸烟,不太愿意,跳过,少于1年
129,176,外卖骑手,25-30岁,众包,住宅区/社区为主,完全不知道,8-12小时,找不到合适地方休息,"基础休憩,应急庇护",社区便利店/超市内,B（综合保障型）,4.0,3.0,4.0,5.0,1.0,4.0,4.0,4.0,4.0,"向骑手收取少量费用,广告收入",愿意支付,1.0,不知道,6个月-1年,8000-12000元,,,,,,,,没啥,,,,,,,,无,
130,485,外卖骑手,18-24岁,众包,商业区/写字楼为主,是，经常用,8-12小时,身体疲劳无处缓解,"基础休憩,充足的电瓶车停车位",小区出入口/门卫室附近,A（高频便利型）,4.0,4.0,4.0,4.0,1.0,4.0,5.0,5.0,4.0,"完全由政府出资,广告收入",视情况而定,3.0,里面能弄点免费的茶水吗，渴死,6个月-1年,8000-12000元,,,,,,,,没有,,,,,,,,跳过,
131,259,外卖骑手,41岁及以上,专送,商业区/写字楼为主,是，偶尔用,少于4小时,"找不到合适地方休息,身体疲劳无处缓解,饮水不便","便利服务,基础休憩",小区出入口/门卫室附近,A（高频便利型）,4.0,4.0,5.0,3.0,1.0,4.0,5.0,3.0,4.0,"广告收入,向骑手收取少量费用",完全不愿意,5.0,没啥,不到6个月,5000-8000元,,,,,,,,。,,,,,,,,1,
132,665,外卖骑手,18-24岁,众包,混合区域,是，经常用,4-8小时,手机/电瓶车充电难,"便利服务,充电续航",社区便利店/超市内,A（高频便利型）,3.0,4.0,3.0,3.0,5.0,3.0,2.0,3.0,3.0,"向骑手收取少量费用,完全由政府出资",完全不愿意,5.0,暂无,不到6个月,5000元以下,,,,,,,,没有,,,,,,,,1,
133,331,外卖骑手,41岁及以上,众包,混合区域,完全不知道,超过12小时,饮水不便,"充足的电瓶车停车位,便利服务",社区便利店/超市内,A（高频便利型）,4.0,4.0,4.0,4.0,2.0,4.0,4.0,4.0,5.0,"向骑手收取少量费用,广告收入",不太愿意,5.0,1,不到6个月,8000-12000元,,,,,,,,不知道,,,,,,,,。,
135,302,社区居民,18-24岁,,,,,,,,,,,,,,,,,,,,,。,,,,,,,,,,没想法,经常看到,不希望聚集,非常支持,否,"充电消防隐患,噪音/卫生问题","禁止吸烟,物业监督",愿意,1,少于1年
136,402,社区居民,25-30岁,,,,,,,,,,,,,,,,,,,,,没想法,,,,,,,,,,没啥,经常看到,影响美观,不太支持,是,噪音/卫生问题,物业监督,无所谓,支持便民设施，但最好建在小区大门外面。,1-5年
137,186,社区周边商户,18-24岁,,,,,,,,,,,,,,,,,,,,,跳过,,,药店/诊所,是，在100米内,偶尔来,从未有过,可以考虑,影响店面卫生,"水电补贴,平台流量曝光",大家都不容易，能提供个歇脚的地方挺好,,,,,,,,。,
138,363,外卖骑手,18-24岁,众包,混合区域,是，偶尔用,少于4小时,"身体疲劳无处缓解,饮水不便","充足的电瓶车停车位,充电续航",社区便利店/超市内,A（高频便利型）,4.0,4.0,4.0,4.0,2.0,5.0,4.0,3.0,4.0,"广告收入,由外卖平台承担",不太愿意,2.0,没,6个月-1年,8000-12000元,,,,,,,,没啥,,,,,,,,1,
139,547,外卖骑手,31-40岁,众包,混合区域,是，经常用,4-8小时,"饮水不便,手机/电瓶车充电难,找不到合适地方休息","充电续航,便利服务",社区便利店/超市内,B（综合保障型）,5.0,5.0,5.0,5.0,1.0,5.0,5.0,4.0,4.0,"广告收入,完全由政府出资",不太愿意,1.0,暂无,6个月-1年,12000元以上,,,,,,,,不知道,,,,,,,,无意见,
140,519,外卖骑手,25-30岁,众包,混合区域,知道，但从没用过,超过12小时,"找不到合适地方休息,手机/电瓶车充电难,上厕所不便","充足的电瓶车停车位,充电续航",社区便利店/超市内,A（高频便利型）,4.0,4.0,3.0,3.0,1.0,4.0,4.0,3.0,3.0,"完全由政府出资,由外卖平台承担",完全不愿意,2.0,希望对所有平台的小哥都开放，别搞歧视。,1-3年,5000-8000元,,,,,,,,。,,,,,,,,1,
141,926,外卖骑手,25-30岁,众包,商业区/写字楼为主,知道，但从没用过,8-12小时,"上厕所不便,找不到合适地方休息","基础休憩,充足的电瓶车停车位",社区便利店/超市内,A（高频便利型）,4.0,4.0,4.0,4.0,1.0,4.0,4.0,3.0,4.0,"由外卖平台承担,完全由政府出资",视情况而定,3.0,看情况,1-3年,5000-8000元,,,,,,,,1,,,,,,,,没有,
142,233,社区周边商户,25-30岁,,,,,,,,,,,,,,,,,,,,,没啥,,,便利店/小超市,是，就在小区门口,很少,偶尔有,可以考虑,影响店面卫生,"水电补贴,平台流量曝光",无意见,,,,,,,,-,
143,708,社区周边商户,41岁及以上,,,,,,,,,,,,,,,,,,,,,-,,,餐饮店,否,偶尔来,偶尔有,非常愿意,"安全责任问题,影响店面卫生",水电补贴,如果能顺便给我们店带点客流，那我非常愿意。,,,,,,,,没有,
144,342,外卖骑手,25-30岁,众包,住宅区/社区为主,是，经常用,8-12小时,手机/电瓶车充电难,"便利服务,充足的电瓶车停车位",社区便利店/超市内,A（高频便利型）,3.0,3.0,4.0,2.0,1.0,3.0,3.0,3.0,3.0,"由外卖平台承担,广告收入",完全不愿意,2.0,暂无,6个月-1年,5000-8000元,,,,,,,,跳过,,,,,,,,没啥,
145,666,社区周边商户,41岁及以上,,,,,,,,,,,,,,,,,,,,,没,,,药店/诊所,是，在100米内,很少,偶尔有,非常愿意,影响店面卫生,水电补贴,支持,,,,,,,,跳过,
146,318,外卖骑手,41岁及以上,众包,住宅区/社区为主,完全不知道,4-8小时,手机/电瓶车充电难,"应急庇护,充足的电瓶车停车位",社区便利店/超市内,A（高频便利型）,4.0,4.0,4.0,4.0,1.0,4.0,5.0,3.0,4.0,"由外卖平台承担,向骑手收取少量费用",完全不愿意,4.0,。,不到6个月,5000元以下,,,,,,,,1,,,,,,,,跳过,
147,662,社区周边商户,31-40岁,,,,,,,,,,,,,,,,,,,,,无,,,餐饮店,否,是，经常来,偶尔有,不愿意,影响店面卫生,水电补贴,跳过,,,,,,,,跳过,
148,268,社区居民,25-30岁,,,,,,,,,,,,,,,,,,,,,没想法,,,,,,,,,,没啥,偶尔看到,影响美观,不太支持,否,"噪音/卫生问题,充电消防隐患",禁止吸烟,无所谓,没想法,1-5年
149,670,社区居民,31-40岁,,,,,,,,,,,,,,,,,,,,,跳过,,,,,,,,,,1,偶尔看到,影响美观,比较支持,是,噪音/卫生问题,物业监督,无所谓,-,5年以上
150,267,外卖骑手,41岁及以上,众包,住宅区/社区为主,完全不知道,8-12小时,"上厕所不便,身体疲劳无处缓解,找不到合适地方休息","基础休憩,便利服务",社区便利店/超市内,B（综合保障型）,3.0,4.0,4.0,4.0,1.0,4.0,4.0,3.0,4.0,"由外卖平台承担,向骑手收取少量费用",完全不愿意,4.0,跳过,不到6个月,12000元以上,,,,,,,,跳过,,,,,,,,。,
151,680,社区周边商户,18-24岁,,,,,,,,,,,,,,,,,,,,,没啥,,,餐饮店,是，就在小区门口,是，经常来,从未有过,非常愿意,"安全责任问题,影响店面卫生",平台流量曝光,没遇到,,,,,,,,1,
152,451,社区居民,31-40岁,,,,,,,,,,,,,,,,,,,,,暂无,,,,,,,,,,无意见,很少看到,没感觉,非常支持,否,"噪音/卫生问题,充电消防隐患",禁止吸烟,无所谓,无,少于1年
153,348,外卖骑手,31-40岁,众包,住宅区/社区为主,完全不知道,超过12小时,手机/电瓶车充电难,"应急庇护,充足的电瓶车停车位",小区出入口/门卫室附近,B（综合保障型）,5.0,5.0,5.0,5.0,4.0,5.0,5.0,5.0,5.0,"向骑手收取少量费用,广告收入",完全不愿意,5.0,不知道,不到6个月,12000元以上,,,,,,,,不知道,,,,,,,,跳过,
154,503,社区居民,41岁及以上,,,,,,,,,,,,,,,,,,,,,没啥,,,,,,,,,,没,经常看到,觉得辛苦,中立,是,噪音/卫生问题,"禁止吸烟,物业监督",不太愿意,只要不扰民，我个人是非常赞成这种做法的。,1-5年
155,413,外卖骑手,25-30岁,众包,住宅区/社区为主,是，经常用,超过12小时,"身体疲劳无处缓解,饮水不便","充电续航,便利服务",社区便利店/超市内,A（高频便利型）,3.0,3.0,3.0,4.0,1.0,3.0,4.0,3.0,4.0,"广告收入,向骑手收取少量费用",完全不愿意,3.0,不想去是因为里面总是挤满了人。,不到6个月,5000元以下,,,,,,,,没想法,,,,,,,,。,
156,387,外卖骑手,25-30岁,众包,住宅区/社区为主,知道，但从没用过,超过12小时,找不到合适地方休息,"应急庇护,便利服务",社区便利店/超市内,C（弹性流动型）,4.0,4.0,4.0,4.0,5.0,4.0,4.0,4.0,4.0,"向骑手收取少量费用,完全由政府出资",视情况而定,1.0,跳过,不到6个月,8000-12000元,,,,,,,,没想法,,,,,,,,没想法,
157,380,社区居民,18-24岁,,,,,,,,,,,,,,,,,,,,,不知道,,,,,,,,,,无,经常看到,没感觉,比较支持,是,"噪音/卫生问题,充电消防隐患","禁止吸烟,物业监督",愿意,跳过,5年以上
158,185,社区居民,31-40岁,,,,,,,,,,,,,,,,,,,,,没,,,,,,,,,,1,很少看到,没感觉,不太支持,是,"噪音/卫生问题,充电消防隐患","禁止吸烟,物业监督",无所谓,无意见,少于1年
159,249,外卖骑手,41岁及以上,众包,商业区/写字楼为主,是，偶尔用,超过12小时,"手机/电瓶车充电难,身体疲劳无处缓解,饮水不便","基础休憩,应急庇护",社区便利店/超市内,A（高频便利型）,4.0,4.0,4.0,4.0,1.0,4.0,4.0,4.0,3.0,"完全由政府出资,由外卖平台承担",不太愿意,3.0,暂无,6个月-1年,5000-8000元,,,,,,,,1,,,,,,,,-,
160,197,外卖骑手,31-40岁,众包,住宅区/社区为主,知道，但从没用过,超过12小时,饮水不便,"便利服务,充电续航",社区便利店/超市内,A（高频便利型）,5.0,5.0,4.0,5.0,1.0,5.0,4.0,4.0,4.0,"由外卖平台承担,完全由政府出资",视情况而定,3.0,跳过,6个月-1年,8000-12000元,,,,,,,,无意见,,,,,,,,跳过,
161,186,外卖骑手,18-24岁,专送,混合区域,完全不知道,超过12小时,"找不到合适地方休息,手机/电瓶车充电难","充足的电瓶车停车位,便利服务",小区出入口/门卫室附近,A（高频便利型）,4.0,3.0,4.0,4.0,3.0,4.0,4.0,3.0,4.0,"由外卖平台承担,完全由政府出资",完全不愿意,1.0,没有,不到6个月,5000元以下,,,,,,,,1,,,,,,,,无,
162,359,社区周边商户,31-40岁,,,,,,,,,,,,,,,,,,,,,没啥,,,便利店/小超市,否,偶尔来,从未有过,不愿意,"安全责任问题,影响店面卫生","水电补贴,平台流量曝光",-,,,,,,,,暂无,
163,572,社区居民,41岁及以上,,,,,,,,,,,,,,,,,,,,,不知道,,,,,,,,,,没有,很少看到,没感觉,中立,是,充电消防隐患,"物业监督,禁止吸烟",无所谓,有些外卖车在小区里开得太快了，这点要注意。,5年以上
164,734,社区周边商户,18-24岁,,,,,,,,,,,,,,,,,,,,,不知道,,,药店/诊所,否,很少,从未有过,可以考虑,"影响店面卫生,安全责任问题",平台流量曝光,无,,,,,,,,暂无,
165,297,社区居民,18-24岁,,,,,,,,,,,,,,,,,,,,,暂无,,,,,,,,,,无,很少看到,觉得辛苦,非常支持,是,噪音/卫生问题,物业监督,不太愿意,没遇到,1-5年
166,518,社区居民,41岁及以上,,,,,,,,,,,,,,,,,,,,,没,,,,,,,,,,1,经常看到,觉得辛苦,非常支持,否,"充电消防隐患,噪音/卫生问题","禁止吸烟,物业监督",无所谓,没遇到,1-5年
167,207,外卖骑手,25-30岁,众包,住宅区/社区为主,知道，但从没用过,8-12小时,"身体疲劳无处缓解,找不到合适地方休息,上厕所不便","便利服务,充足的电瓶车停车位",社区便利店/超市内,A（高频便利型）,4.0,3.0,4.0,3.0,1.0,3.0,3.0,3.0,4.0,"完全由政府出资,向骑手收取少量费用",视情况而定,4.0,无意见,1-3年,12000元以上,,,,,,,,-,,,,,,,,没,
168,156,外卖骑手,25-30岁,专送,混合区域,是，经常用,超过12小时,身体疲劳无处缓解,"充电续航,基础休憩",社区便利店/超市内,A（高频便利型）,5.0,5.0,5.0,5.0,5.0,4.0,5.0,5.0,4.0,"由外卖平台承担,完全由政府出资",愿意支付,2.0,支持,不到6个月,12000元以上,,,,,,,,没,,,,,,,,无意见,
169,998,外卖骑手,25-30岁,众包,混合区域,完全不知道,超过12小时,"饮水不便,身体疲劳无处缓解","充电续航,基础休憩",社区便利店/超市内,A（高频便利型）,3.0,4.0,4.0,2.0,2.0,3.0,4.0,4.0,4.0,"由外卖平台承担,向骑手收取少量费用",完全不愿意,3.0,无,不到6个月,5000元以下,,,,,,,,无意见,,,,,,,,没想法,
170,516,外卖骑手,18-24岁,众包,住宅区/社区为主,知道，但从没用过,超过12小时,"上厕所不便,手机/电瓶车充电难","充足的电瓶车停车位,便利服务",小区出入口/门卫室附近,A（高频便利型）,4.0,5.0,4.0,4.0,2.0,5.0,5.0,4.0,3.0,"由外卖平台承担,向骑手收取少量费用",完全不愿意,5.0,可以的,不到6个月,5000元以下,,,,,,,,跳过,,,,,,,,没啥,
171,369,外卖骑手,41岁及以上,众包,住宅区/社区为主,知道，但从没用过,4-8小时,"上厕所不便,身体疲劳无处缓解","便利服务,基础休憩",社区便利店/超市内,A（高频便利型）,4.0,4.0,3.0,4.0,1.0,4.0,5.0,5.0,5.0,"完全由政府出资,广告收入",愿意支付,5.0,没想法,6个月-1年,8000-12000元,,,,,,,,没啥,,,,,,,,不知道,
173,360,社区周边商户,18-24岁,,,,,,,,,,,,,,,,,,,,,暂无,,,药店/诊所,是，就在小区门口,是，经常来,很少有,可以考虑,影响店面卫生,水电补贴,无意见,,,,,,,,不知道,
174,606,社区周边商户,25-30岁,,,,,,,,,,,,,,,,,,,,,没想法,,,药店/诊所,是，就在小区门口,很少,很少有,不愿意,"安全责任问题,影响店面卫生","水电补贴,平台流量曝光",外卖员确实很辛苦，能帮一点是一点。,,,,,,,,没想法,
175,320,外卖骑手,31-40岁,众包,混合区域,完全不知道,少于4小时,"手机/电瓶车充电难,上厕所不便","基础休憩,充电续航",社区便利店/超市内,A（高频便利型）,4.0,4.0,4.0,4.0,1.0,3.0,4.0,3.0,4.0,"向骑手收取少量费用,广告收入",完全不愿意,5.0,最怕的就是里面卫生没人搞，脏得很,3年以上,5000元以下,,,,,,,,-,,,,,,,,。,
176,154,社区周边商户,41岁及以上,,,,,,,,,,,,,,,,,,,,,跳过,,,餐饮店,是，就在小区门口,偶尔来,从未有过,非常愿意,安全责任问题,"水电补贴,平台流量曝光",支持,,,,,,,,。,
177,226,外卖骑手,25-30岁,众包,商业区/写字楼为主,完全不知道,8-12小时,"找不到合适地方休息,身体疲劳无处缓解,饮水不便","应急庇护,基础休憩",社区党群服务中心,B（综合保障型）,4.0,4.0,5.0,5.0,1.0,5.0,5.0,5.0,5.0,"完全由政府出资,广告收入",愿意支付,3.0,挺好的,1-3年,8000-12000元,,,,,,,,跳过,,,,,,,,1,
178,545,外卖骑手,25-30岁,专送,商业区/写字楼为主,是，经常用,超过12小时,"找不到合适地方休息,手机/电瓶车充电难,身体疲劳无处缓解","充足的电瓶车停车位,基础休憩",闲置核酸亭/集装箱改造,B（综合保障型）,2.0,2.0,2.0,2.0,1.0,3.0,2.0,3.0,2.0,"完全由政府出资,广告收入",不太愿意,3.0,-,3年以上,5000-8000元,,,,,,,,不知道,,,,,,,,1,
179,275,社区居民,25-30岁,,,,,,,,,,,,,,,,,,,,,没啥,,,,,,,,,,没,经常看到,没感觉,比较支持,否,"充电消防隐患,噪音/卫生问题",物业监督,愿意,没啥,少于1年
180,200,外卖骑手,31-40岁,专送,住宅区/社区为主,完全不知道,4-8小时,"上厕所不便,找不到合适地方休息,身体疲劳无处缓解","充电续航,便利服务",社区便利店/超市内,B（综合保障型）,4.0,4.0,5.0,5.0,1.0,4.0,5.0,4.0,4.0,"向骑手收取少量费用,由外卖平台承担",完全不愿意,3.0,不知道,1-3年,5000元以下,,,,,,,,无意见,,,,,,,,没想法,
181,258,社区居民,31-40岁,,,,,,,,,,,,,,,,,,,,,。,,,,,,,,,,1,经常看到,影响美观,比较支持,是,"噪音/卫生问题,充电消防隐患",物业监督,无所谓,没啥,1-5年
182,246,外卖骑手,31-40岁,专送,商业区/写字楼为主,知道，但从没用过,8-12小时,身体疲劳无处缓解,"基础休憩,应急庇护",社区便利店/超市内,A（高频便利型）,5.0,4.0,4.0,5.0,1.0,5.0,5.0,3.0,4.0,"完全由政府出资,由外卖平台承担",愿意支付,2.0,还行,不到6个月,8000-12000元,,,,,,,,暂无,,,,,,,,没有,
183,565,社区周边商户,31-40岁,,,,,,,,,,,,,,,,,,,,,无意见,,,其他服务店,是，在100米内,是，经常来,经常有,可以考虑,安全责任问题,"平台流量曝光,水电补贴",主要是怕出事，电瓶车起火那可不是闹着玩的,,,,,,,,暂无,
184,474,社区周边商户,18-24岁,,,,,,,,,,,,,,,,,,,,,1,,,其他服务店,是，在100米内,偶尔来,经常有,不愿意,"安全责任问题,影响店面卫生","平台流量曝光,水电补贴",可以的,,,,,,,,-,
185,302,外卖骑手,18-24岁,专送,商业区/写字楼为主,是，经常用,4-8小时,"饮水不便,上厕所不便","充足的电瓶车停车位,基础休憩",社区便利店/超市内,B（综合保障型）,4.0,5.0,5.0,5.0,1.0,5.0,4.0,5.0,4.0,"向骑手收取少量费用,完全由政府出资",不太愿意,1.0,-,1-3年,5000-8000元,,,,,,,,没,,,,,,,,1,
186,192,社区周边商户,31-40岁,,,,,,,,,,,,,,,,,,,,,暂无,,,餐饮店,否,偶尔来,很少有,不愿意,安全责任问题,水电补贴,无意见,,,,,,,,-,
188,239,社区周边商户,25-30岁,,,,,,,,,,,,,,,,,,,,,无意见,,,餐饮店,是，在100米内,很少,很少有,不愿意,影响店面卫生,"水电补贴,平台流量曝光",外卖小哥也是潜在客户，互惠互利挺好。,,,,,,,,没啥,
189,605,外卖骑手,41岁及以上,众包,商业区/写字楼为主,是，经常用,少于4小时,饮水不便,"应急庇护,便利服务",社区便利店/超市内,A（高频便利型）,3.0,3.0,3.0,3.0,4.0,3.0,3.0,3.0,3.0,"向骑手收取少量费用,广告收入",不太愿意,2.0,有时候为了抢个充电头还能吵起来,1-3年,12000元以上,,,,,,,,。,,,,,,,,无,
190,367,社区居民,25-30岁,,,,,,,,,,,,,,,,,,,,,。,,,,,,,,,,暂无,很少看到,没感觉,不太支持,是,"充电消防隐患,噪音/卫生问题",禁止吸烟,不太愿意,没啥,少于1年
191,228,外卖骑手,18-24岁,众包,混合区域,是，偶尔用,4-8小时,"身体疲劳无处缓解,上厕所不便,饮水不便","便利服务,充足的电瓶车停车位",社区便利店/超市内,A（高频便利型）,3.0,3.0,4.0,4.0,1.0,3.0,3.0,3.0,3.0,"由外卖平台承担,广告收入",愿意支付,3.0,。,不到6个月,12000元以上,,,,,,,,暂无,,,,,,,,没啥,
192,442,外卖骑手,18-24岁,众包,住宅区/社区为主,知道，但从没用过,超过12小时,手机/电瓶车充电难,"充电续航,基础休憩",小区出入口/门卫室附近,C（弹性流动型）,5.0,4.0,4.0,5.0,1.0,5.0,4.0,5.0,5.0,"向骑手收取少量费用,广告收入",不太愿意,5.0,没啥,不到6个月,8000-12000元,,,,,,,,1,,,,,,,,1,
193,440,外卖骑手,18-24岁,众包,住宅区/社区为主,完全不知道,4-8小时,"身体疲劳无处缓解,上厕所不便","应急庇护,充电续航",小区出入口/门卫室附近,A（高频便利型）,4.0,4.0,4.0,3.0,1.0,3.0,4.0,3.0,4.0,"完全由政府出资,向骑手收取少量费用",视情况而定,4.0,希望平台能多出点钱支持一下。,不到6个月,5000元以下,,,,,,,,没有,,,,,,,,无意见,
194,592,社区居民,41岁及以上,,,,,,,,,,,,,,,,,,,,,暂无,,,,,,,,,,跳过,偶尔看到,没感觉,中立,否,"充电消防隐患,噪音/卫生问题",禁止吸烟,不太愿意,看情况,1-5年
195,69,社区周边商户,25-30岁,,,,,,,,,,,,,,,,,,,,,不知道,,,便利店/小超市,否,偶尔来,经常有,可以考虑,"安全责任问题,影响店面卫生",平台流量曝光,同意,,,,,,,,。,
196,304,外卖骑手,41岁及以上,专送,住宅区/社区为主,知道，但从没用过,少于4小时,"找不到合适地方休息,饮水不便,身体疲劳无处缓解","充足的电瓶车停车位,基础休憩",闲置核酸亭/集装箱改造,A（高频便利型）,4.0,4.0,4.0,4.0,3.0,4.0,4.0,3.0,4.0,"向骑手收取少量费用,完全由政府出资",不太愿意,5.0,跳过,3年以上,5000-8000元,,,,,,,,没啥,,,,,,,,。,
197,111,社区周边商户,31-40岁,,,,,,,,,,,,,,,,,,,,,-,,,其他服务店,是，就在小区门口,很少,偶尔有,非常愿意,"影响店面卫生,安全责任问题",平台流量曝光,1,,,,,,,,无意见,
198,112,外卖骑手,41岁及以上,众包,混合区域,是，经常用,8-12小时,"找不到合适地方休息,饮水不便,身体疲劳无处缓解","应急庇护,充电续航",社区便利店/超市内,A（高频便利型）,4.0,4.0,4.0,4.0,2.0,4.0,4.0,4.0,4.0,"向骑手收取少量费用,广告收入",愿意支付,1.0,暂无,6个月-1年,5000元以下,,,,,,,,没有,,,,,,,,没啥,
199,349,社区居民,25-30岁,,,,,,,,,,,,,,,,,,,,,暂无,,,,,,,,,,-,经常看到,没感觉,比较支持,是,"充电消防隐患,噪音/卫生问题","物业监督,禁止吸烟",不太愿意,。,5年以上
200,224,社区居民,31-40岁,,,,,,,,,,,,,,,,,,,,,没啥,,,,,,,,,,没,经常看到,影响美观,中立,是,充电消防隐患,"物业监督,禁止吸烟",愿意,没啥,5年以上
201,118,外卖骑手,18-24岁,专送,住宅区/社区为主,知道，但从没用过,8-12小时,身体疲劳无处缓解,"基础休憩,充足的电瓶车停车位",社区便利店/超市内,C（弹性流动型）,5.0,5.0,5.0,5.0,2.0,5.0,5.0,5.0,5.0,"完全由政府出资,广告收入",完全不愿意,4.0,没啥,6个月-1年,5000元以下,,,,,,,,没想法,,,,,,,,。,
202,922,社区周边商户,25-30岁,,,,,,,,,,,,,,,,,,,,,没想法,,,药店/诊所,否,是，经常来,从未有过,可以考虑,"安全责任问题,影响店面卫生","平台流量曝光,水电补贴",没有,,,,,,,,暂无,
203,274,外卖骑手,18-24岁,众包,混合区域,是，经常用,8-12小时,"找不到合适地方休息,身体疲劳无处缓解,手机/电瓶车充电难","便利服务,充足的电瓶车停车位",小区出入口/门卫室附近,A（高频便利型）,4.0,3.0,3.0,3.0,1.0,3.0,3.0,4.0,4.0,"由外卖平台承担,广告收入",完全不愿意,3.0,-,不到6个月,5000-8000元,,,,,,,,没,,,,,,,,无意见,
204,257,社区周边商户,18-24岁,,,,,,,,,,,,,,,,,,,,,无,,,其他服务店,否,偶尔来,经常有,不愿意,安全责任问题,平台流量曝光,不错,,,,,,,,无意见,
205,643,外卖骑手,31-40岁,专送,商业区/写字楼为主,知道，但从没用过,4-8小时,"手机/电瓶车充电难,找不到合适地方休息","便利服务,应急庇护",闲置核酸亭/集装箱改造,A（高频便利型）,3.0,3.0,3.0,3.0,1.0,3.0,4.0,3.0,4.0,"广告收入,向骑手收取少量费用",愿意支付,4.0,无,6个月-1年,5000元以下,,,,,,,,。,,,,,,,,无意见,
206,334,社区周边商户,25-30岁,,,,,,,,,,,,,,,,,,,,,没啥,,,其他服务店,是，在100米内,很少,经常有,非常愿意,影响店面卫生,水电补贴,有些小哥脾气不好，怕引起纠纷。,,,,,,,,不知道,
207,102,社区周边商户,25-30岁,,,,,,,,,,,,,,,,,,,,,1,,,药店/诊所,是，在100米内,偶尔来,从未有过,非常愿意,影响店面卫生,水电补贴,无,,,,,,,,没想法,
208,290,社区居民,25-30岁,,,,,,,,,,,,,,,,,,,,,无意见,,,,,,,,,,1,偶尔看到,觉得辛苦,比较支持,否,充电消防隐患,"禁止吸烟,物业监督",无所谓,-,少于1年
209,267,外卖骑手,18-24岁,众包,住宅区/社区为主,是，偶尔用,4-8小时,饮水不便,"应急庇护,充电续航",社区便利店/超市内,A（高频便利型）,4.0,3.0,4.0,4.0,1.0,4.0,4.0,4.0,4.0,"广告收入,完全由政府出资",不太愿意,5.0,无,1-3年,12000元以上,,,,,,,,无意见,,,,,,,,1,
210,289,外卖骑手,18-24岁,专送,商业区/写字楼为主,知道，但从没用过,8-12小时,上厕所不便,"便利服务,应急庇护",闲置核酸亭/集装箱改造,B（综合保障型）,3.0,2.0,1.0,3.0,5.0,3.0,3.0,2.0,3.0,"向骑手收取少量费用,完全由政府出资",不太愿意,3.0,没有,3年以上,5000元以下,,,,,,,,跳过,,,,,,,,1,
211,177,外卖骑手,25-30岁,专送,混合区域,知道，但从没用过,超过12小时,饮水不便,"便利服务,基础休憩",社区便利店/超市内,A（高频便利型）,4.0,4.0,4.0,3.0,1.0,3.0,5.0,3.0,4.0,"广告收入,向骑手收取少量费用",视情况而定,3.0,不知道,不到6个月,5000-8000元,,,,,,,,不知道,,,,,,,,无,
212,427,外卖骑手,18-24岁,众包,住宅区/社区为主,是，偶尔用,少于4小时,"饮水不便,手机/电瓶车充电难,上厕所不便","充足的电瓶车停车位,便利服务",社区便利店/超市内,A（高频便利型）,4.0,5.0,4.0,4.0,1.0,4.0,4.0,5.0,5.0,"广告收入,完全由政府出资",愿意支付,4.0,没想法,不到6个月,8000-12000元,,,,,,,,无意见,,,,,,,,没有,
213,335,社区周边商户,25-30岁,,,,,,,,,,,,,,,,,,,,,暂无,,,便利店/小超市,是，就在小区门口,很少,从未有过,可以考虑,安全责任问题,水电补贴,跳过,,,,,,,,没想法,
214,1303,外卖骑手,25-30岁,众包,住宅区/社区为主,知道，但从没用过,8-12小时,"找不到合适地方休息,手机/电瓶车充电难","便利服务,基础休憩",闲置核酸亭/集装箱改造,A（高频便利型）,3.0,3.0,2.0,4.0,2.0,3.0,4.0,4.0,3.0,"广告收入,向骑手收取少量费用",完全不愿意,3.0,没遇到,不到6个月,5000元以下,,,,,,,,。,,,,,,,,跳过,
215,331,社区周边商户,18-24岁,,,,,,,,,,,,,,,,,,,,,1,,,便利店/小超市,否,是，经常来,从未有过,非常愿意,"安全责任问题,影响店面卫生",平台流量曝光,千万别弄成治安死角，晚上也得有人看着。,,,,,,,,无意见,
216,223,外卖骑手,25-30岁,专送,混合区域,完全不知道,超过12小时,"手机/电瓶车充电难,上厕所不便","基础休憩,充足的电瓶车停车位",社区便利店/超市内,C（弹性流动型）,3.0,3.0,3.0,3.0,1.0,3.0,3.0,3.0,2.0,"完全由政府出资,向骑手收取少量费用",视情况而定,3.0,要是能有个打气筒和小扳手就更完美了。,6个月-1年,5000-8000元,,,,,,,,跳过,,,,,,,,无意见,
217,878,外卖骑手,25-30岁,专送,商业区/写字楼为主,是，经常用,4-8小时,"饮水不便,身体疲劳无处缓解","应急庇护,便利服务",小区出入口/门卫室附近,C（弹性流动型）,4.0,3.0,4.0,3.0,1.0,4.0,4.0,3.0,3.0,"由外卖平台承担,广告收入",愿意支付,1.0,挺好的,1-3年,12000元以上,,,,,,,,没想法,,,,,,,,没啥,
218,410,外卖骑手,18-24岁,众包,商业区/写字楼为主,是，经常用,超过12小时,"饮水不便,手机/电瓶车充电难,身体疲劳无处缓解","便利服务,应急庇护",社区便利店/超市内,A（高频便利型）,2.0,3.0,2.0,2.0,1.0,3.0,2.0,2.0,2.0,"向骑手收取少量费用,由外卖平台承担",完全不愿意,3.0,暂无,6个月-1年,5000-8000元,,,,,,,,不知道,,,,,,,,暂无,
219,387,外卖骑手,25-30岁,众包,商业区/写字楼为主,是，偶尔用,4-8小时,找不到合适地方休息,"基础休憩,充电续航",闲置核酸亭/集装箱改造,A（高频便利型）,4.0,5.0,4.0,4.0,1.0,4.0,4.0,3.0,3.0,"广告收入,向骑手收取少量费用",完全不愿意,4.0,没有,1-3年,5000元以下,,,,,,,,没,,,,,,,,暂无,
220,273,外卖骑手,31-40岁,众包,商业区/写字楼为主,是，偶尔用,4-8小时,"身体疲劳无处缓解,饮水不便,找不到合适地方休息","便利服务,基础休憩",社区便利店/超市内,A（高频便利型）,4.0,4.0,3.0,3.0,1.0,3.0,3.0,3.0,3.0,"向骑手收取少量费用,广告收入",完全不愿意,2.0,没有,3年以上,8000-12000元,,,,,,,,没,,,,,,,,无,
221,157,社区居民,25-30岁,,,,,,,,,,,,,,,,,,,,,跳过,,,,,,,,,,1,偶尔看到,不希望聚集,非常支持,是,"充电消防隐患,噪音/卫生问题",禁止吸烟,愿意,同意,1-5年
223,547,社区周边商户,18-24岁,,,,,,,,,,,,,,,,,,,,,无意见,,,其他服务店,是，就在小区门口,是，经常来,很少有,非常愿意,安全责任问题,"水电补贴,平台流量曝光",无意见,,,,,,,,没啥,
224,277,社区居民,25-30岁,,,,,,,,,,,,,,,,,,,,,无意见,,,,,,,,,,没啥,很少看到,觉得辛苦,不太支持,否,"噪音/卫生问题,充电消防隐患","禁止吸烟,物业监督",不太愿意,大家互相体谅吧，谁都有点外卖的时候。,5年以上
225,240,外卖骑手,25-30岁,专送,混合区域,是，偶尔用,8-12小时,身体疲劳无处缓解,"充电续航,基础休憩",闲置核酸亭/集装箱改造,A（高频便利型）,4.0,4.0,5.0,3.0,1.0,4.0,4.0,4.0,5.0,"完全由政府出资,由外卖平台承担",不太愿意,2.0,暂无,不到6个月,12000元以上,,,,,,,,无意见,,,,,,,,不知道,
226,307,外卖骑手,31-40岁,众包,住宅区/社区为主,完全不知道,超过12小时,"饮水不便,手机/电瓶车充电难","充电续航,充足的电瓶车停车位",社区便利店/超市内,B（综合保障型）,3.0,2.0,3.0,4.0,3.0,3.0,3.0,4.0,3.0,"由外卖平台承担,广告收入",愿意支付,5.0,没遇到,6个月-1年,5000-8000元,,,,,,,,跳过,,,,,,,,没有,
227,280,社区周边商户,25-30岁,,,,,,,,,,,,,,,,,,,,,。,,,便利店/小超市,否,是，经常来,偶尔有,非常愿意,"安全责任问题,影响店面卫生",水电补贴,没,,,,,,,,无意见,
228,283,社区居民,25-30岁,,,,,,,,,,,,,,,,,,,,,没,,,,,,,,,,没有,很少看到,没感觉,中立,否,噪音/卫生问题,"物业监督,禁止吸烟",不太愿意,无意见,5年以上
229,387,社区居民,18-24岁,,,,,,,,,,,,,,,,,,,,,没想法,,,,,,,,,,没啥,经常看到,影响美观,比较支持,是,"噪音/卫生问题,充电消防隐患",物业监督,愿意,门禁要严一点，别为了方便驿站让小区大门敞开。,5年以上
230,393,外卖骑手,18-24岁,众包,住宅区/社区为主,是，偶尔用,4-8小时,"找不到合适地方休息,手机/电瓶车充电难","基础休憩,应急庇护",社区党群服务中心,A（高频便利型）,4.0,5.0,5.0,4.0,1.0,5.0,4.0,5.0,4.0,"广告收入,完全由政府出资",不太愿意,3.0,充电速度太慢了，耽误时间。,不到6个月,8000-12000元,,,,,,,,1,,,,,,,,没有,
231,111,外卖骑手,18-24岁,众包,商业区/写字楼为主,知道，但从没用过,超过12小时,找不到合适地方休息,"充电续航,便利服务",闲置核酸亭/集装箱改造,B（综合保障型）,4.0,4.0,4.0,4.0,1.0,4.0,4.0,4.0,3.0,"由外卖平台承担,完全由政府出资",不太愿意,5.0,无意见,1-3年,8000-12000元,,,,,,,,没啥,,,,,,,,跳过,
232,808,外卖骑手,18-24岁,专送,混合区域,是，偶尔用,4-8小时,"手机/电瓶车充电难,身体疲劳无处缓解","应急庇护,充足的电瓶车停车位",社区便利店/超市内,C（弹性流动型）,3.0,2.0,3.0,4.0,1.0,4.0,3.0,3.0,3.0,"完全由政府出资,向骑手收取少量费用",不太愿意,3.0,里面有点异味，希望有人能定期打扫。,1-3年,8000-12000元,,,,,,,,。,,,,,,,,。,
233,765,社区居民,25-30岁,,,,,,,,,,,,,,,,,,,,,1,,,,,,,,,,1,很少看到,没感觉,非常支持,是,充电消防隐患,物业监督,无所谓,无,少于1年
234,220,外卖骑手,25-30岁,众包,商业区/写字楼为主,是，偶尔用,超过12小时,找不到合适地方休息,"充电续航,应急庇护",小区出入口/门卫室附近,C（弹性流动型）,3.0,2.0,2.0,2.0,1.0,3.0,2.0,2.0,2.0,"完全由政府出资,向骑手收取少量费用",视情况而定,3.0,希望能多加点充电口，每次去都没空位,1-3年,5000-8000元,,,,,,,,没啥,,,,,,,,-,
235,109,社区周边商户,41岁及以上,,,,,,,,,,,,,,,,,,,,,没想法,,,其他服务店,否,很少,偶尔有,非常愿意,影响店面卫生,平台流量曝光,没有,,,,,,,,暂无,
236,560,外卖骑手,18-24岁,众包,住宅区/社区为主,完全不知道,8-12小时,找不到合适地方休息,"便利服务,应急庇护",小区出入口/门卫室附近,A（高频便利型）,5.0,5.0,5.0,4.0,1.0,4.0,5.0,3.0,4.0,"完全由政府出资,广告收入",完全不愿意,2.0,如果可以免费修修车就好了,6个月-1年,5000-8000元,,,,,,,,没想法,,,,,,,,没想法,
237,564,社区居民,25-30岁,,,,,,,,,,,,,,,,,,,,,无,,,,,,,,,,不知道,经常看到,觉得辛苦,非常支持,否,噪音/卫生问题,"物业监督,禁止吸烟",不太愿意,多装几个监控，出了事好找人,5年以上
238,504,社区居民,25-30岁,,,,,,,,,,,,,,,,,,,,,没想法,,,,,,,,,,无,偶尔看到,影响美观,比较支持,否,"充电消防隐患,噪音/卫生问题","禁止吸烟,物业监督",愿意,别大半夜的还在那里大声聊天，影响我们睡觉。,5年以上
239,576,社区周边商户,41岁及以上,,,,,,,,,,,,,,,,,,,,,没,,,药店/诊所,是，就在小区门口,是，经常来,经常有,不愿意,"影响店面卫生,安全责任问题","水电补贴,平台流量曝光",不知道,,,,,,,,1,
240,740,外卖骑手,18-24岁,专送,商业区/写字楼为主,完全不知道,少于4小时,饮水不便,"应急庇护,便利服务",社区便利店/超市内,A（高频便利型）,3.0,4.0,4.0,4.0,2.0,3.0,4.0,3.0,3.0,"由外卖平台承担,完全由政府出资",愿意支付,2.0,停电瓶车的地方要稍微宽敞一点。,不到6个月,5000元以下,,,,,,,,没,,,,,,,,没想法,
241,520,外卖骑手,25-30岁,众包,混合区域,知道，但从没用过,超过12小时,"饮水不便,手机/电瓶车充电难","基础休憩,便利服务",闲置核酸亭/集装箱改造,A（高频便利型）,4.0,3.0,4.0,4.0,1.0,5.0,4.0,4.0,3.0,"由外卖平台承担,向骑手收取少量费用",不太愿意,4.0,1,不到6个月,12000元以上,,,,,,,,没有,,,,,,,,1,
242,256,社区居民,18-24岁,,,,,,,,,,,,,,,,,,,,,-,,,,,,,,,,跳过,很少看到,影响美观,非常支持,是,"噪音/卫生问题,充电消防隐患","禁止吸烟,物业监督",无所谓,不知道,少于1年
243,1277,社区周边商户,31-40岁,,,,,,,,,,,,,,,,,,,,,没有,,,其他服务店,否,是，经常来,很少有,可以考虑,"安全责任问题,影响店面卫生","水电补贴,平台流量曝光",我们平时也是把卖剩下的东西分给小哥的。,,,,,,,,-,
244,70,外卖骑手,25-30岁,众包,混合区域,是，偶尔用,超过12小时,"饮水不便,找不到合适地方休息,上厕所不便","基础休憩,便利服务",社区便利店/超市内,A（高频便利型）,3.0,2.0,2.0,2.0,2.0,3.0,4.0,3.0,3.0,"完全由政府出资,广告收入",完全不愿意,3.0,1,不到6个月,5000-8000元,,,,,,,,无意见,,,,,,,,不知道,
245,289,外卖骑手,31-40岁,专送,住宅区/社区为主,知道，但从没用过,8-12小时,"饮水不便,手机/电瓶车充电难","充电续航,便利服务",闲置核酸亭/集装箱改造,B（综合保障型）,4.0,4.0,4.0,5.0,1.0,4.0,4.0,4.0,4.0,"向骑手收取少量费用,广告收入",愿意支付,2.0,有些地方进去还要填表登记，太耽误时间了。,不到6个月,8000-12000元,,,,,,,,。,,,,,,,,无,
246,375,社区居民,25-30岁,,,,,,,,,,,,,,,,,,,,,1,,,,,,,,,,没有,经常看到,觉得辛苦,不太支持,否,充电消防隐患,"禁止吸烟,物业监督",无所谓,-,少于1年
247,205,外卖骑手,25-30岁,众包,住宅区/社区为主,是，经常用,少于4小时,"手机/电瓶车充电难,饮水不便","便利服务,应急庇护",社区便利店/超市内,A（高频便利型）,4.0,3.0,4.0,4.0,2.0,3.0,3.0,3.0,3.0,"完全由政府出资,由外卖平台承担",完全不愿意,5.0,跳过,不到6个月,12000元以上,,,,,,,,。,,,,,,,,无,
248,346,社区周边商户,18-24岁,,,,,,,,,,,,,,,,,,,,,不知道,,,便利店/小超市,否,偶尔来,从未有过,不愿意,安全责任问题,水电补贴,政府要是能补贴点电费，我这边肯定没问题。,,,,,,,,1,
249,546,外卖骑手,18-24岁,众包,混合区域,知道，但从没用过,8-12小时,"找不到合适地方休息,饮水不便,上厕所不便","充电续航,应急庇护",社区便利店/超市内,A（高频便利型）,5.0,5.0,5.0,4.0,1.0,4.0,4.0,4.0,5.0,"向骑手收取少量费用,由外卖平台承担",愿意支付,2.0,暂无,1-3年,8000-12000元,,,,,,,,。,,,,,,,,-,
250,683,社区居民,41岁及以上,,,,,,,,,,,,,,,,,,,,,没想法,,,,,,,,,,1,偶尔看到,影响美观,非常支持,是,充电消防隐患,"禁止吸烟,物业监督",愿意,挺好的,1-5年
251,687,外卖骑手,18-24岁,众包,混合区域,知道，但从没用过,4-8小时,"上厕所不便,身体疲劳无处缓解,手机/电瓶车充电难","充足的电瓶车停车位,应急庇护",社区便利店/超市内,B（综合保障型）,5.0,4.0,4.0,5.0,1.0,5.0,4.0,5.0,5.0,"由外卖平台承担,完全由政府出资",视情况而定,3.0,。,6个月-1年,5000元以下,,,,,,,,没,,,,,,,,无意见,
252,385,社区周边商户,31-40岁,,,,,,,,,,,,,,,,,,,,,1,,,其他服务店,是，就在小区门口,很少,从未有过,不愿意,安全责任问题,"平台流量曝光,水电补贴",关键是谁来管理？不能弄得乱七八糟的。,,,,,,,,1,
253,201,外卖骑手,25-30岁,专送,混合区域,是，经常用,少于4小时,"手机/电瓶车充电难,上厕所不便,找不到合适地方休息","便利服务,充电续航",社区便利店/超市内,A（高频便利型）,4.0,3.0,3.0,4.0,4.0,3.0,4.0,4.0,4.0,"向骑手收取少量费用,完全由政府出资",愿意支付,5.0,不知道,不到6个月,5000-8000元,,,,,,,,没想法,,,,,,,,暂无,
254,296,外卖骑手,18-24岁,众包,混合区域,知道，但从没用过,8-12小时,"身体疲劳无处缓解,手机/电瓶车充电难","充电续航,基础休憩",社区便利店/超市内,A（高频便利型）,3.0,3.0,3.0,3.0,1.0,3.0,3.0,4.0,3.0,"向骑手收取少量费用,完全由政府出资",愿意支付,5.0,看情况,6个月-1年,8000-12000元,,,,,,,,。,,,,,,,,无,
255,373,外卖骑手,25-30岁,专送,住宅区/社区为主,是，偶尔用,8-12小时,"上厕所不便,手机/电瓶车充电难,饮水不便","便利服务,应急庇护",闲置核酸亭/集装箱改造,A（高频便利型）,3.0,3.0,3.0,4.0,1.0,4.0,4.0,4.0,3.0,"向骑手收取少量费用,完全由政府出资",视情况而定,4.0,支持,6个月-1年,8000-12000元,,,,,,,,暂无,,,,,,,,没有,
256,533,社区周边商户,41岁及以上,,,,,,,,,,,,,,,,,,,,,1,,,餐饮店,是，就在小区门口,偶尔来,偶尔有,不愿意,"安全责任问题,影响店面卫生",水电补贴,可以给他们提供点热水，别的也帮不上什么。,,,,,,,,不知道,
257,917,外卖骑手,41岁及以上,专送,住宅区/社区为主,完全不知道,8-12小时,"上厕所不便,饮水不便,找不到合适地方休息","充足的电瓶车停车位,便利服务",小区出入口/门卫室附近,A（高频便利型）,4.0,3.0,4.0,2.0,2.0,3.0,3.0,3.0,2.0,"由外卖平台承担,广告收入",愿意支付,1.0,只要不收费什么都好说,6个月-1年,5000元以下,,,,,,,,1,,,,,,,,没啥,
258,564,外卖骑手,41岁及以上,众包,住宅区/社区为主,完全不知道,4-8小时,"身体疲劳无处缓解,饮水不便","充电续航,应急庇护",社区便利店/超市内,A（高频便利型）,3.0,3.0,3.0,4.0,1.0,4.0,3.0,3.0,3.0,"由外卖平台承担,广告收入",视情况而定,2.0,没啥,不到6个月,5000元以下,,,,,,,,无意见,,,,,,,,跳过,
259,247,社区周边商户,18-24岁,,,,,,,,,,,,,,,,,,,,,1,,,其他服务店,是，就在小区门口,是，经常来,从未有过,非常愿意,"影响店面卫生,安全责任问题",水电补贴,希望能有专人负责每天的卫生打扫。,,,,,,,,暂无,
260,340,社区居民,18-24岁,,,,,,,,,,,,,,,,,,,,,1,,,,,,,,,,。,偶尔看到,没感觉,中立,否,"噪音/卫生问题,充电消防隐患",禁止吸烟,愿意,暂无,1-5年
261,348,社区居民,18-24岁,,,,,,,,,,,,,,,,,,,,,没想法,,,,,,,,,,。,经常看到,影响美观,非常支持,否,噪音/卫生问题,"物业监督,禁止吸烟",不太愿意,不错,5年以上
262,220,社区居民,25-30岁,,,,,,,,,,,,,,,,,,,,,没有,,,,,,,,,,无意见,经常看到,影响美观,不太支持,是,噪音/卫生问题,"物业监督,禁止吸烟",不太愿意,一定要注意卫生，别到时候一地烟头和快餐盒。,少于1年
263,456,外卖骑手,25-30岁,专送,住宅区/社区为主,是，偶尔用,超过12小时,"上厕所不便,饮水不便","便利服务,基础休憩",社区便利店/超市内,A（高频便利型）,4.0,4.0,4.0,4.0,5.0,4.0,4.0,4.0,4.0,"由外卖平台承担,向骑手收取少量费用",不太愿意,4.0,电瓶车充电是最大的问题，希望能解决。,6个月-1年,5000元以下,,,,,,,,-,,,,,,,,。,
264,335,社区居民,41岁及以上,,,,,,,,,,,,,,,,,,,,,无意见,,,,,,,,,,无,偶尔看到,不希望聚集,中立,否,充电消防隐患,"物业监督,禁止吸烟",无所谓,无意见,5年以上
265,240,外卖骑手,25-30岁,众包,商业区/写字楼为主,知道，但从没用过,8-12小时,"身体疲劳无处缓解,手机/电瓶车充电难,饮水不便","应急庇护,便利服务",社区便利店/超市内,A（高频便利型）,5.0,4.0,5.0,4.0,1.0,5.0,5.0,4.0,5.0,"完全由政府出资,向骑手收取少量费用",视情况而定,1.0,有时候驿站关门太早了。,不到6个月,12000元以上,,,,,,,,没想法,,,,,,,,不知道,
266,240,外卖骑手,25-30岁,众包,商业区/写字楼为主,是，经常用,8-12小时,上厕所不便,"充足的电瓶车停车位,应急庇护",社区便利店/超市内,B（综合保障型）,4.0,4.0,4.0,4.0,1.0,5.0,4.0,4.0,4.0,"由外卖平台承担,向骑手收取少量费用",不太愿意,2.0,没,1-3年,12000元以上,,,,,,,,1,,,,,,,,。,
267,318,外卖骑手,18-24岁,众包,住宅区/社区为主,完全不知道,超过12小时,身体疲劳无处缓解,"充电续航,基础休憩",闲置核酸亭/集装箱改造,B（综合保障型）,4.0,4.0,4.0,3.0,5.0,4.0,3.0,4.0,3.0,"完全由政府出资,向骑手收取少量费用",完全不愿意,5.0,-,不到6个月,5000-8000元,,,,,,,,。,,,,,,,,。,
268,404,社区居民,31-40岁,,,,,,,,,,,,,,,,,,,,,跳过,,,,,,,,,,1,经常看到,没感觉,比较支持,否,"噪音/卫生问题,充电消防隐患",物业监督,不太愿意,电瓶车千万不能进楼道充电,少于1年
269,690,外卖骑手,25-30岁,众包,住宅区/社区为主,知道，但从没用过,超过12小时,"饮水不便,上厕所不便,找不到合适地方休息","便利服务,应急庇护",社区便利店/超市内,A（高频便利型）,3.0,3.0,3.0,3.0,3.0,4.0,4.0,3.0,4.0,"广告收入,完全由政府出资",不太愿意,5.0,里面能不能装个空调啊，夏天真的会中暑。,不到6个月,8000-12000元,,,,,,,,没啥,,,,,,,,暂无,
270,219,外卖骑手,18-24岁,众包,住宅区/社区为主,完全不知道,4-8小时,"饮水不便,手机/电瓶车充电难","充电续航,基础休憩",社区便利店/超市内,A（高频便利型）,3.0,4.0,3.0,3.0,1.0,3.0,3.0,3.0,3.0,"由外卖平台承担,广告收入",不太愿意,1.0,没遇到,不到6个月,8000-12000元,,,,,,,,跳过,,,,,,,,无,
271,451,外卖骑手,25-30岁,专送,住宅区/社区为主,完全不知道,8-12小时,找不到合适地方休息,"基础休憩,便利服务",小区出入口/门卫室附近,C（弹性流动型）,5.0,5.0,5.0,5.0,1.0,5.0,4.0,4.0,4.0,"向骑手收取少量费用,广告收入",完全不愿意,3.0,1,1-3年,8000-12000元,,,,,,,,没啥,,,,,,,,跳过,
272,458,社区居民,41岁及以上,,,,,,,,,,,,,,,,,,,,,跳过,,,,,,,,,,不知道,偶尔看到,没感觉,比较支持,是,充电消防隐患,"禁止吸烟,物业监督",愿意,消防隐患是大家最担心的，必须有正规的灭火设备。,少于1年
273,907,社区居民,41岁及以上,,,,,,,,,,,,,,,,,,,,,不知道,,,,,,,,,,没,经常看到,没感觉,非常支持,否,"噪音/卫生问题,充电消防隐患",物业监督,不太愿意,无,少于1年
274,126,外卖骑手,31-40岁,众包,住宅区/社区为主,知道，但从没用过,超过12小时,"找不到合适地方休息,手机/电瓶车充电难","充足的电瓶车停车位,基础休憩",小区出入口/门卫室附近,A（高频便利型）,5.0,4.0,5.0,5.0,5.0,5.0,4.0,5.0,4.0,"由外卖平台承担,向骑手收取少量费用",完全不愿意,2.0,没想法,1-3年,12000元以上,,,,,,,,-,,,,,,,,没有,
275,108,外卖骑手,18-24岁,众包,商业区/写字楼为主,知道，但从没用过,少于4小时,手机/电瓶车充电难,"应急庇护,便利服务",社区便利店/超市内,A（高频便利型）,3.0,3.0,3.0,4.0,4.0,3.0,3.0,3.0,3.0,"广告收入,向骑手收取少量费用",愿意支付,4.0,别搞收费，本来就赚点辛苦钱。,不到6个月,12000元以上,,,,,,,,1,,,,,,,,没有,
276,562,外卖骑手,31-40岁,专送,混合区域,知道，但从没用过,超过12小时,"手机/电瓶车充电难,找不到合适地方休息","充电续航,充足的电瓶车停车位",社区便利店/超市内,A（高频便利型）,5.0,5.0,5.0,4.0,1.0,5.0,5.0,5.0,5.0,"完全由政府出资,由外卖平台承担",不太愿意,2.0,1,不到6个月,12000元以上,,,,,,,,无,,,,,,,,没啥,
277,301,外卖骑手,31-40岁,专送,住宅区/社区为主,完全不知道,4-8小时,"找不到合适地方休息,身体疲劳无处缓解,上厕所不便","充电续航,便利服务",社区便利店/超市内,A（高频便利型）,5.0,4.0,5.0,4.0,1.0,5.0,4.0,4.0,4.0,"广告收入,由外卖平台承担",不太愿意,4.0,不知道,不到6个月,8000-12000元,,,,,,,,没,,,,,,,,没有,
278,276,外卖骑手,41岁及以上,众包,商业区/写字楼为主,是，经常用,4-8小时,"手机/电瓶车充电难,身体疲劳无处缓解,饮水不便","基础休憩,应急庇护",社区便利店/超市内,A（高频便利型）,4.0,4.0,4.0,4.0,3.0,4.0,4.0,2.0,4.0,"由外卖平台承担,广告收入",视情况而定,5.0,无意见,6个月-1年,5000元以下,,,,,,,,-,,,,,,,,没想法,
279,278,外卖骑手,25-30岁,众包,住宅区/社区为主,是，经常用,少于4小时,"饮水不便,身体疲劳无处缓解","基础休憩,充电续航",闲置核酸亭/集装箱改造,A（高频便利型）,2.0,3.0,3.0,4.0,1.0,4.0,3.0,3.0,4.0,"完全由政府出资,向骑手收取少量费用",视情况而定,3.0,支持,1-3年,5000-8000元,,,,,,,,-,,,,,,,,不知道,
280,254,社区居民,31-40岁,,,,,,,,,,,,,,,,,,,,,。,,,,,,,,,,跳过,偶尔看到,影响美观,非常支持,是,"噪音/卫生问题,充电消防隐患",物业监督,不太愿意,可以设在原先那些废弃的核酸亭里，废物利用。,1-5年
281,563,外卖骑手,18-24岁,众包,商业区/写字楼为主,是，偶尔用,8-12小时,"上厕所不便,手机/电瓶车充电难,找不到合适地方休息","充足的电瓶车停车位,充电续航",小区出入口/门卫室附近,A（高频便利型）,4.0,3.0,5.0,4.0,1.0,4.0,5.0,4.0,3.0,"由外卖平台承担,广告收入",完全不愿意,5.0,同意,不到6个月,12000元以上,,,,,,,,。,,,,,,,,无,
282,228,社区周边商户,18-24岁,,,,,,,,,,,,,,,,,,,,,没想法,,,药店/诊所,是，在100米内,偶尔来,从未有过,不愿意,"影响店面卫生,安全责任问题",水电补贴,不知道,,,,,,,,不知道,
283,870,社区周边商户,18-24岁,,,,,,,,,,,,,,,,,,,,,无意见,,,药店/诊所,是，就在小区门口,是，经常来,很少有,可以考虑,安全责任问题,平台流量曝光,如果是社区统一组织的，比较有公信力。,,,,,,,,没啥,
284,352,外卖骑手,25-30岁,众包,商业区/写字楼为主,完全不知道,超过12小时,手机/电瓶车充电难,"基础休憩,便利服务",闲置核酸亭/集装箱改造,C（弹性流动型）,5.0,5.0,4.0,5.0,1.0,4.0,5.0,4.0,3.0,"广告收入,由外卖平台承担",视情况而定,4.0,没有,不到6个月,12000元以上,,,,,,,,不知道,,,,,,,,没啥,
285,153,社区周边商户,25-30岁,,,,,,,,,,,,,,,,,,,,,没有,,,便利店/小超市,否,很少,从未有过,不愿意,影响店面卫生,"水电补贴,平台流量曝光",没啥,,,,,,,,无意见,
286,634,外卖骑手,31-40岁,专送,商业区/写字楼为主,知道，但从没用过,4-8小时,"找不到合适地方休息,饮水不便","应急庇护,充足的电瓶车停车位",闲置核酸亭/集装箱改造,B（综合保障型）,3.0,4.0,3.0,3.0,1.0,3.0,3.0,2.0,2.0,"广告收入,完全由政府出资",视情况而定,1.0,这种事确实挺好，就是感觉落实不到我们身上。,不到6个月,5000-8000元,,,,,,,,无,,,,,,,,-,
287,153,社区周边商户,25-30岁,,,,,,,,,,,,,,,,,,,,,无,,,药店/诊所,是，就在小区门口,偶尔来,经常有,非常愿意,"安全责任问题,影响店面卫生","平台流量曝光,水电补贴",-,,,,,,,,跳过,
288,270,社区周边商户,25-30岁,,,,,,,,,,,,,,,,,,,,,没,,,药店/诊所,是，在100米内,很少,偶尔有,可以考虑,"影响店面卫生,安全责任问题","水电补贴,平台流量曝光",跳过,,,,,,,,没想法,
289,773,外卖骑手,25-30岁,专送,商业区/写字楼为主,是，偶尔用,4-8小时,"找不到合适地方休息,身体疲劳无处缓解","应急庇护,充足的电瓶车停车位",小区出入口/门卫室附近,C（弹性流动型）,2.0,3.0,3.0,3.0,1.0,3.0,4.0,3.0,2.0,"向骑手收取少量费用,由外卖平台承担",不太愿意,2.0,不错,1-3年,8000-12000元,,,,,,,,没,,,,,,,,没,
290,355,外卖骑手,25-30岁,众包,混合区域,是，偶尔用,8-12小时,"上厕所不便,找不到合适地方休息","应急庇护,基础休憩",社区便利店/超市内,A（高频便利型）,4.0,4.0,4.0,4.0,4.0,4.0,4.0,4.0,4.0,"广告收入,向骑手收取少量费用",完全不愿意,2.0,跳过,1-3年,12000元以上,,,,,,,,没想法,,,,,,,,不知道,
291,476,社区居民,18-24岁,,,,,,,,,,,,,,,,,,,,,暂无,,,,,,,,,,1,很少看到,觉得辛苦,非常支持,是,充电消防隐患,"物业监督,禁止吸烟",愿意,坚决反对把充电站建在居民楼下面，太危险了！,少于1年
292,465,外卖骑手,31-40岁,专送,住宅区/社区为主,是，偶尔用,少于4小时,身体疲劳无处缓解,"应急庇护,充足的电瓶车停车位",社区便利店/超市内,A（高频便利型）,2.0,3.0,2.0,3.0,1.0,3.0,2.0,3.0,3.0,"由外卖平台承担,广告收入",不太愿意,5.0,1,6个月-1年,5000-8000元,,,,,,,,不知道,,,,,,,,无意见,
293,63,社区周边商户,18-24岁,,,,,,,,,,,,,,,,,,,,,1,,,药店/诊所,否,是，经常来,从未有过,可以考虑,影响店面卫生,平台流量曝光,无,,,,,,,,1,
294,776,社区居民,41岁及以上,,,,,,,,,,,,,,,,,,,,,无意见,,,,,,,,,,不知道,经常看到,觉得辛苦,比较支持,否,"充电消防隐患,噪音/卫生问题","物业监督,禁止吸烟",愿意,没有,少于1年
295,534,社区居民,25-30岁,,,,,,,,,,,,,,,,,,,,,1,,,,,,,,,,-,很少看到,没感觉,比较支持,否,"噪音/卫生问题,充电消防隐患",禁止吸烟,不太愿意,小哥们风里雨里不容易，小区里有个落脚点挺好的。,5年以上
296,338,外卖骑手,25-30岁,专送,商业区/写字楼为主,知道，但从没用过,8-12小时,"饮水不便,手机/电瓶车充电难,找不到合适地方休息","充电续航,基础休憩",社区便利店/超市内,A（高频便利型）,4.0,4.0,4.0,5.0,1.0,4.0,4.0,4.0,3.0,"由外卖平台承担,向骑手收取少量费用",完全不愿意,2.0,跳过,6个月-1年,12000元以上,,,,,,,,没啥,,,,,,,,无意见,
297,284,社区周边商户,18-24岁,,,,,,,,,,,,,,,,,,,,,1,,,药店/诊所,是，就在小区门口,偶尔来,偶尔有,非常愿意,影响店面卫生,平台流量曝光,没遇到,,,,,,,,跳过,
298,1014,外卖骑手,18-24岁,众包,商业区/写字楼为主,是，经常用,少于4小时,饮水不便,"便利服务,应急庇护",小区出入口/门卫室附近,A（高频便利型）,3.0,2.0,3.0,3.0,1.0,3.0,3.0,3.0,3.0,"由外卖平台承担,完全由政府出资",愿意支付,3.0,能有个地方给手机充充电最实在了。,不到6个月,5000-8000元,,,,,,,,没有,,,,,,,,暂无,
299,1671,外卖骑手,18-24岁,专送,商业区/写字楼为主,完全不知道,超过12小时,"手机/电瓶车充电难,身体疲劳无处缓解,饮水不便","便利服务,基础休憩",社区便利店/超市内,B（综合保障型）,4.0,5.0,4.0,4.0,4.0,4.0,4.0,4.0,4.0,"向骑手收取少量费用,由外卖平台承担",愿意支付,5.0,-,不到6个月,12000元以上,,,,,,,,没想法,,,,,,,,无意见,
300,239,社区周边商户,18-24岁,,,,,,,,,,,,,,,,,,,,,没啥,,,其他服务店,否,偶尔来,从未有过,非常愿意,安全责任问题,平台流量曝光,不知道,,,,,,,,跳过,
301,604,外卖骑手,25-30岁,众包,混合区域,是，经常用,少于4小时,"身体疲劳无处缓解,上厕所不便","应急庇护,充电续航",社区便利店/超市内,A（高频便利型）,4.0,4.0,4.0,3.0,1.0,4.0,4.0,3.0,4.0,"由外卖平台承担,向骑手收取少量费用",不太愿意,1.0,没想法,不到6个月,5000元以下,,,,,,,,不知道,,,,,,,,没啥,
303,384,社区居民,31-40岁,,,,,,,,,,,,,,,,,,,,,无,,,,,,,,,,没想法,很少看到,觉得辛苦,非常支持,否,"噪音/卫生问题,充电消防隐患","禁止吸烟,物业监督",无所谓,看情况,少于1年
304,249,社区周边商户,25-30岁,,,,,,,,,,,,,,,,,,,,,暂无,,,其他服务店,否,很少,偶尔有,不愿意,"影响店面卫生,安全责任问题",平台流量曝光,还行,,,,,,,,暂无,
305,265,社区居民,41岁及以上,,,,,,,,,,,,,,,,,,,,,不知道,,,,,,,,,,暂无,偶尔看到,没感觉,中立,否,噪音/卫生问题,禁止吸烟,愿意,不错,1-5年
306,310,外卖骑手,31-40岁,专送,住宅区/社区为主,是，经常用,8-12小时,"上厕所不便,找不到合适地方休息,饮水不便","充电续航,应急庇护",社区便利店/超市内,C（弹性流动型）,4.0,4.0,3.0,5.0,1.0,4.0,5.0,4.0,4.0,"广告收入,由外卖平台承担",视情况而定,2.0,挺好的,6个月-1年,5000-8000元,,,,,,,,无意见,,,,,,,,1,
307,187,社区居民,31-40岁,,,,,,,,,,,,,,,,,,,,,无,,,,,,,,,,没想法,经常看到,觉得辛苦,中立,是,噪音/卫生问题,"物业监督,禁止吸烟",不太愿意,没,1-5年
308,280,社区居民,18-24岁,,,,,,,,,,,,,,,,,,,,,没有,,,,,,,,,,无意见,经常看到,不希望聚集,比较支持,是,充电消防隐患,物业监督,不太愿意,跳过,5年以上
309,450,外卖骑手,25-30岁,众包,商业区/写字楼为主,完全不知道,8-12小时,"手机/电瓶车充电难,找不到合适地方休息,上厕所不便","充足的电瓶车停车位,基础休憩",闲置核酸亭/集装箱改造,A（高频便利型）,4.0,5.0,4.0,4.0,5.0,4.0,4.0,4.0,4.0,"由外卖平台承担,向骑手收取少量费用",完全不愿意,5.0,没,不到6个月,12000元以上,,,,,,,,。,,,,,,,,-,
310,367,外卖骑手,31-40岁,众包,商业区/写字楼为主,是，偶尔用,少于4小时,饮水不便,"充足的电瓶车停车位,充电续航",小区出入口/门卫室附近,A（高频便利型）,4.0,3.0,4.0,4.0,3.0,4.0,4.0,4.0,4.0,"向骑手收取少量费用,完全由政府出资",完全不愿意,3.0,无意见,6个月-1年,12000元以上,,,,,,,,没,,,,,,,,无意见,
311,658,外卖骑手,18-24岁,众包,商业区/写字楼为主,知道，但从没用过,8-12小时,饮水不便,"基础休憩,应急庇护",小区出入口/门卫室附近,A（高频便利型）,2.0,3.0,2.0,2.0,1.0,3.0,3.0,3.0,3.0,"完全由政府出资,向骑手收取少量费用",完全不愿意,5.0,夏天暴晒，有个能乘凉的地方最好。,3年以上,8000-12000元,,,,,,,,1,,,,,,,,无意见,
312,356,社区周边商户,31-40岁,,,,,,,,,,,,,,,,,,,,,没啥,,,药店/诊所,是，就在小区门口,很少,从未有过,非常愿意,"安全责任问题,影响店面卫生",平台流量曝光,支持,,,,,,,,1,
314,212,外卖骑手,31-40岁,众包,住宅区/社区为主,完全不知道,4-8小时,"饮水不便,找不到合适地方休息","便利服务,应急庇护",社区便利店/超市内,A（高频便利型）,3.0,3.0,3.0,3.0,4.0,3.0,3.0,3.0,3.0,"完全由政府出资,向骑手收取少量费用",完全不愿意,3.0,建议能把地图定位搞准确一点，别很难找。,不到6个月,5000元以下,,,,,,,,没,,,,,,,,暂无,
315,388,外卖骑手,18-24岁,众包,住宅区/社区为主,知道，但从没用过,少于4小时,饮水不便,"充电续航,应急庇护",社区便利店/超市内,A（高频便利型）,5.0,5.0,5.0,5.0,5.0,5.0,5.0,5.0,5.0,"向骑手收取少量费用,由外卖平台承担",视情况而定,4.0,遇到大暴雨有个躲雨的棚子也行啊。,6个月-1年,5000-8000元,,,,,,,,没啥,,,,,,,,不知道,
316,279,社区周边商户,18-24岁,,,,,,,,,,,,,,,,,,,,,跳过,,,餐饮店,否,很少,经常有,非常愿意,安全责任问题,水电补贴,还行,,,,,,,,没有,
317,207,外卖骑手,18-24岁,众包,住宅区/社区为主,是，偶尔用,超过12小时,"饮水不便,身体疲劳无处缓解,上厕所不便","基础休憩,充电续航",社区党群服务中心,B（综合保障型）,4.0,5.0,4.0,4.0,1.0,5.0,4.0,5.0,4.0,"广告收入,完全由政府出资",视情况而定,4.0,要是能免费发点防暑降温的药就好了。,不到6个月,8000-12000元,,,,,,,,无,,,,,,,,无意见,
319,302,社区居民,31-40岁,,,,,,,,,,,,,,,,,,,,,。,,,,,,,,,,没有,经常看到,没感觉,比较支持,否,充电消防隐患,禁止吸烟,无所谓,不知道,少于1年
320,346,外卖骑手,18-24岁,众包,混合区域,是，偶尔用,4-8小时,饮水不便,"基础休憩,充电续航",小区出入口/门卫室附近,C（弹性流动型）,5.0,5.0,4.0,4.0,2.0,4.0,4.0,4.0,4.0,"由外卖平台承担,广告收入",愿意支付,4.0,看情况,不到6个月,5000元以下,,,,,,,,没想法,,,,,,,,跳过,
321,475,外卖骑手,31-40岁,专送,商业区/写字楼为主,知道，但从没用过,超过12小时,身体疲劳无处缓解,"应急庇护,充足的电瓶车停车位",社区便利店/超市内,A（高频便利型）,3.0,4.0,4.0,4.0,1.0,5.0,4.0,4.0,4.0,"向骑手收取少量费用,广告收入",视情况而定,3.0,有时候车停在外面怕被偷，希望有监控。,6个月-1年,8000-12000元,,,,,,,,-,,,,,,,,没有,
322,1263,社区居民,18-24岁,,,,,,,,,,,,,,,,,,,,,不知道,,,,,,,,,,暂无,偶尔看到,没感觉,比较支持,否,"噪音/卫生问题,充电消防隐患","物业监督,禁止吸烟",不太愿意,没想法,5年以上
323,184,外卖骑手,18-24岁,专送,混合区域,是，偶尔用,8-12小时,"身体疲劳无处缓解,找不到合适地方休息","充电续航,应急庇护",社区便利店/超市内,A（高频便利型）,4.0,5.0,4.0,4.0,1.0,4.0,4.0,4.0,4.0,"广告收入,完全由政府出资",不太愿意,2.0,最好能有些雨衣雨鞋的应急借用。,不到6个月,5000-8000元,,,,,,,,。,,,,,,,,-,
324,302,社区居民,25-30岁,,,,,,,,,,,,,,,,,,,,,没想法,,,,,,,,,,暂无,很少看到,没感觉,中立,否,充电消防隐患,禁止吸烟,不太愿意,同意,5年以上
325,1098,社区周边商户,18-24岁,,,,,,,,,,,,,,,,,,,,,没啥,,,其他服务店,是，就在小区门口,很少,从未有过,可以考虑,"安全责任问题,影响店面卫生",水电补贴,跳过,,,,,,,,没有,
326,342,外卖骑手,41岁及以上,众包,混合区域,完全不知道,少于4小时,"找不到合适地方休息,上厕所不便","充电续航,充足的电瓶车停车位",社区党群服务中心,A（高频便利型）,3.0,4.0,4.0,3.0,2.0,4.0,4.0,4.0,4.0,"向骑手收取少量费用,完全由政府出资",视情况而定,5.0,无,1-3年,12000元以上,,,,,,,,无意见,,,,,,,,1,
327,332,外卖骑手,18-24岁,众包,商业区/写字楼为主,完全不知道,少于4小时,找不到合适地方休息,"基础休憩,充电续航",闲置核酸亭/集装箱改造,A（高频便利型）,4.0,4.0,4.0,4.0,5.0,5.0,5.0,5.0,5.0,"完全由政府出资,由外卖平台承担",完全不愿意,5.0,暂无,1-3年,12000元以上,,,,,,,,。,,,,,,,,没,
328,324,社区周边商户,31-40岁,,,,,,,,,,,,,,,,,,,,,跳过,,,其他服务店,是，就在小区门口,很少,很少有,不愿意,影响店面卫生,"平台流量曝光,水电补贴",不知道,,,,,,,,没啥,
329,632,社区居民,25-30岁,,,,,,,,,,,,,,,,,,,,,没啥,,,,,,,,,,。,偶尔看到,影响美观,比较支持,是,充电消防隐患,物业监督,无所谓,没啥,5年以上
330,712,社区居民,18-24岁,,,,,,,,,,,,,,,,,,,,,没啥,,,,,,,,,,没,很少看到,影响美观,不太支持,是,噪音/卫生问题,"禁止吸烟,物业监督",无所谓,别影响小区的整体美观和环境质量。,少于1年
331,355,社区居民,18-24岁,,,,,,,,,,,,,,,,,,,,,不知道,,,,,,,,,,没有,很少看到,影响美观,比较支持,否,充电消防隐患,"物业监督,禁止吸烟",不太愿意,安全第一，不管是充电还是治安，都要有保障。,5年以上
332,723,社区居民,18-24岁,,,,,,,,,,,,,,,,,,,,,没想法,,,,,,,,,,跳过,经常看到,没感觉,比较支持,是,噪音/卫生问题,"禁止吸烟,物业监督",不太愿意,其实这也是城市温度的体现，大家应该多理解。,1-5年
333,443,外卖骑手,25-30岁,众包,混合区域,是，偶尔用,4-8小时,找不到合适地方休息,"应急庇护,便利服务",社区便利店/超市内,B（综合保障型）,3.0,4.0,3.0,3.0,1.0,3.0,3.0,4.0,4.0,"广告收入,由外卖平台承担",不太愿意,2.0,没啥,不到6个月,5000元以下,,,,,,,,-,,,,,,,,暂无,
334,787,外卖骑手,31-40岁,众包,商业区/写字楼为主,是，偶尔用,少于4小时,饮水不便,"充电续航,基础休憩",小区出入口/门卫室附近,B（综合保障型）,2.0,3.0,3.0,3.0,1.0,3.0,3.0,2.0,2.0,"向骑手收取少量费用,由外卖平台承担",完全不愿意,4.0,暂无,6个月-1年,5000元以下,,,,,,,,-,,,,,,,,没有,
335,317,外卖骑手,18-24岁,众包,住宅区/社区为主,是，偶尔用,8-12小时,"上厕所不便,手机/电瓶车充电难","充足的电瓶车停车位,应急庇护",小区出入口/门卫室附近,A（高频便利型）,3.0,4.0,4.0,4.0,1.0,3.0,3.0,4.0,3.0,"向骑手收取少量费用,完全由政府出资",愿意支付,5.0,希望能24小时开放，晚上跑单也没个去处。,6个月-1年,8000-12000元,,,,,,,,-,,,,,,,,。,
336,858,社区周边商户,25-30岁,,,,,,,,,,,,,,,,,,,,,不知道,,,药店/诊所,是，在100米内,偶尔来,从未有过,不愿意,"安全责任问题,影响店面卫生","平台流量曝光,水电补贴",跳过,,,,,,,,无意见,
337,181,外卖骑手,18-24岁,众包,住宅区/社区为主,知道，但从没用过,4-8小时,"找不到合适地方休息,身体疲劳无处缓解","充电续航,便利服务",社区便利店/超市内,A（高频便利型）,3.0,4.0,4.0,4.0,1.0,3.0,3.0,3.0,3.0,"广告收入,由外卖平台承担",视情况而定,4.0,没有,6个月-1年,12000元以上,,,,,,,,1,,,,,,,,没有,
338,136,社区居民,41岁及以上,,,,,,,,,,,,,,,,,,,,,不知道,,,,,,,,,,暂无,偶尔看到,没感觉,非常支持,是,"充电消防隐患,噪音/卫生问题","物业监督,禁止吸烟",愿意,挺好的,1-5年
339,241,社区居民,18-24岁,,,,,,,,,,,,,,,,,,,,,无,,,,,,,,,,-,偶尔看到,没感觉,中立,是,充电消防隐患,物业监督,无所谓,没,1-5年
340,598,社区居民,25-30岁,,,,,,,,,,,,,,,,,,,,,没想法,,,,,,,,,,暂无,经常看到,不希望聚集,中立,否,噪音/卫生问题,"禁止吸烟,物业监督",不太愿意,。,1-5年
341,369,外卖骑手,41岁及以上,众包,商业区/写字楼为主,是，经常用,8-12小时,找不到合适地方休息,"应急庇护,充电续航",社区便利店/超市内,A（高频便利型）,3.0,2.0,4.0,3.0,1.0,3.0,3.0,3.0,3.0,"广告收入,完全由政府出资",视情况而定,4.0,暂无,不到6个月,5000-8000元,,,,,,,,暂无,,,,,,,,-,
342,257,外卖骑手,25-30岁,众包,混合区域,是，偶尔用,4-8小时,"身体疲劳无处缓解,上厕所不便,手机/电瓶车充电难","充电续航,便利服务",社区便利店/超市内,A（高频便利型）,2.0,2.0,3.0,3.0,1.0,3.0,2.0,3.0,3.0,"完全由政府出资,向骑手收取少量费用",愿意支付,3.0,主要是送单高峰期根本没时间去休息。,6个月-1年,8000-12000元,,,,,,,,没想法,,,,,,,,无,
343,741,外卖骑手,25-30岁,众包,商业区/写字楼为主,是，偶尔用,8-12小时,"上厕所不便,手机/电瓶车充电难,饮水不便","便利服务,充足的电瓶车停车位",闲置核酸亭/集装箱改造,A（高频便利型）,3.0,4.0,4.0,4.0,1.0,4.0,4.0,4.0,4.0,"向骑手收取少量费用,由外卖平台承担",完全不愿意,1.0,没,不到6个月,8000-12000元,,,,,,,,没,,,,,,,,。,
344,320,外卖骑手,31-40岁,众包,住宅区/社区为主,完全不知道,超过12小时,"身体疲劳无处缓解,饮水不便","充足的电瓶车停车位,充电续航",社区便利店/超市内,A（高频便利型）,4.0,4.0,5.0,4.0,1.0,4.0,4.0,4.0,4.0,"完全由政府出资,由外卖平台承担",愿意支付,4.0,没,6个月-1年,8000-12000元,,,,,,,,没有,,,,,,,,不知道,
345,195,社区居民,25-30岁,,,,,,,,,,,,,,,,,,,,,无,,,,,,,,,,没,经常看到,没感觉,非常支持,是,噪音/卫生问题,禁止吸烟,无所谓,暂无,5年以上
346,591,社区居民,18-24岁,,,,,,,,,,,,,,,,,,,,,没想法,,,,,,,,,,-,偶尔看到,不希望聚集,中立,否,"充电消防隐患,噪音/卫生问题","物业监督,禁止吸烟",无所谓,无意见,5年以上
347,313,社区居民,31-40岁,,,,,,,,,,,,,,,,,,,,,无,,,,,,,,,,没,偶尔看到,觉得辛苦,不太支持,否,充电消防隐患,禁止吸烟,愿意,支持,1-5年
348,938,外卖骑手,25-30岁,专送,住宅区/社区为主,是，偶尔用,4-8小时,"找不到合适地方休息,上厕所不便,身体疲劳无处缓解","应急庇护,充足的电瓶车停车位",社区便利店/超市内,A（高频便利型）,4.0,4.0,4.0,3.0,1.0,3.0,3.0,3.0,4.0,"由外卖平台承担,向骑手收取少量费用",完全不愿意,2.0,同意,不到6个月,8000-12000元,,,,,,,,1,,,,,,,,-,
349,71,外卖骑手,25-30岁,专送,混合区域,完全不知道,8-12小时,饮水不便,"充电续航,基础休憩",社区党群服务中心,B（综合保障型）,5.0,4.0,4.0,4.0,1.0,4.0,4.0,3.0,4.0,"完全由政府出资,广告收入",视情况而定,1.0,没有,不到6个月,5000-8000元,,,,,,,,1,,,,,,,,。,
350,224,社区周边商户,31-40岁,,,,,,,,,,,,,,,,,,,,,暂无,,,餐饮店,是，在100米内,很少,偶尔有,非常愿意,安全责任问题,"水电补贴,平台流量曝光",挺好的,,,,,,,,没啥,
351,200,外卖骑手,25-30岁,众包,混合区域,是，经常用,超过12小时,"上厕所不便,饮水不便","基础休憩,充电续航",小区出入口/门卫室附近,A（高频便利型）,3.0,2.0,2.0,2.0,1.0,2.0,3.0,2.0,2.0,"向骑手收取少量费用,广告收入",不太愿意,4.0,最好是在大马路边上，不要七拐八拐的,不到6个月,8000-12000元,,,,,,,,不知道,,,,,,,,。,
352,358,社区居民,31-40岁,,,,,,,,,,,,,,,,,,,,,无意见,,,,,,,,,,1,偶尔看到,觉得辛苦,比较支持,是,噪音/卫生问题,禁止吸烟,愿意,挺好的,5年以上
353,221,社区周边商户,31-40岁,,,,,,,,,,,,,,,,,,,,,无,,,餐饮店,否,偶尔来,很少有,可以考虑,安全责任问题,水电补贴,可以的,,,,,,,,跳过,
354,274,外卖骑手,18-24岁,专送,商业区/写字楼为主,是，经常用,超过12小时,"身体疲劳无处缓解,饮水不便","便利服务,应急庇护",小区出入口/门卫室附近,C（弹性流动型）,3.0,3.0,4.0,5.0,1.0,5.0,5.0,4.0,3.0,"广告收入,由外卖平台承担",完全不愿意,1.0,同意,1-3年,5000-8000元,,,,,,,,没啥,,,,,,,,1,
355,417,外卖骑手,31-40岁,众包,住宅区/社区为主,完全不知道,8-12小时,"身体疲劳无处缓解,找不到合适地方休息","应急庇护,充电续航",社区便利店/超市内,A（高频便利型）,4.0,4.0,5.0,4.0,1.0,5.0,5.0,4.0,4.0,"向骑手收取少量费用,完全由政府出资",完全不愿意,3.0,没有,不到6个月,12000元以上,,,,,,,,-,,,,,,,,没想法,
357,541,外卖骑手,25-30岁,专送,商业区/写字楼为主,知道，但从没用过,8-12小时,"手机/电瓶车充电难,饮水不便","便利服务,应急庇护",小区出入口/门卫室附近,B（综合保障型）,3.0,4.0,3.0,3.0,4.0,3.0,4.0,3.0,3.0,"由外卖平台承担,完全由政府出资",视情况而定,5.0,没,1-3年,12000元以上,,,,,,,,无意见,,,,,,,,没想法,
358,211,社区周边商户,31-40岁,,,,,,,,,,,,,,,,,,,,,不知道,,,药店/诊所,否,很少,偶尔有,不愿意,"安全责任问题,影响店面卫生",水电补贴,还行,,,,,,,,跳过,
359,1427,社区居民,41岁及以上,,,,,,,,,,,,,,,,,,,,,没想法,,,,,,,,,,。,很少看到,没感觉,中立,否,"充电消防隐患,噪音/卫生问题",物业监督,无所谓,。,1-5年
360,310,社区周边商户,41岁及以上,,,,,,,,,,,,,,,,,,,,,没想法,,,餐饮店,是，在100米内,偶尔来,很少有,不愿意,影响店面卫生,"水电补贴,平台流量曝光",没啥,,,,,,,,没有,
361,289,外卖骑手,18-24岁,众包,商业区/写字楼为主,是，经常用,4-8小时,"手机/电瓶车充电难,饮水不便,上厕所不便","应急庇护,便利服务",闲置核酸亭/集装箱改造,A（高频便利型）,3.0,3.0,3.0,3.0,5.0,3.0,2.0,3.0,2.0,"完全由政府出资,广告收入",愿意支付,2.0,希望驿站里能配个微波炉，每天吃冷饭胃受不了。,6个月-1年,5000-8000元,,,,,,,,不知道,,,,,,,,。,
362,250,外卖骑手,18-24岁,专送,商业区/写字楼为主,是，偶尔用,8-12小时,找不到合适地方休息,"充电续航,便利服务",社区党群服务中心,A（高频便利型）,3.0,3.0,3.0,3.0,1.0,4.0,4.0,3.0,3.0,"由外卖平台承担,向骑手收取少量费用",完全不愿意,2.0,没遇到,1-3年,8000-12000元,,,,,,,,跳过,,,,,,,,1,
363,453,社区周边商户,25-30岁,,,,,,,,,,,,,,,,,,,,,暂无,,,其他服务店,是，就在小区门口,偶尔来,经常有,不愿意,安全责任问题,平台流量曝光,1,,,,,,,,跳过,
364,452,社区居民,25-30岁,,,,,,,,,,,,,,,,,,,,,跳过,,,,,,,,,,没啥,偶尔看到,没感觉,非常支持,否,"充电消防隐患,噪音/卫生问题",物业监督,无所谓,跳过,少于1年
365,398,外卖骑手,25-30岁,众包,商业区/写字楼为主,完全不知道,8-12小时,"手机/电瓶车充电难,饮水不便","便利服务,基础休憩",闲置核酸亭/集装箱改造,A（高频便利型）,5.0,4.0,4.0,4.0,1.0,4.0,4.0,4.0,4.0,"由外卖平台承担,广告收入",不太愿意,4.0,无意见,1-3年,8000-12000元,,,,,,,,-,,,,,,,,没,
366,313,社区周边商户,25-30岁,,,,,,,,,,,,,,,,,,,,,不知道,,,餐饮店,是，在100米内,是，经常来,偶尔有,非常愿意,安全责任问题,"水电补贴,平台流量曝光",支持,,,,,,,,没有,
367,162,社区周边商户,18-24岁,,,,,,,,,,,,,,,,,,,,,没有,,,药店/诊所,是，就在小区门口,偶尔来,经常有,不愿意,"安全责任问题,影响店面卫生",平台流量曝光,没有,,,,,,,,没啥,
368,347,外卖骑手,31-40岁,众包,商业区/写字楼为主,是，偶尔用,超过12小时,找不到合适地方休息,"充电续航,便利服务",小区出入口/门卫室附近,A（高频便利型）,4.0,5.0,5.0,4.0,1.0,5.0,5.0,5.0,3.0,"广告收入,向骑手收取少量费用",愿意支付,2.0,不错,不到6个月,8000-12000元,,,,,,,,。,,,,,,,,无,
369,183,社区居民,18-24岁,,,,,,,,,,,,,,,,,,,,,没想法,,,,,,,,,,。,很少看到,觉得辛苦,不太支持,是,"噪音/卫生问题,充电消防隐患","物业监督,禁止吸烟",无所谓,支持,少于1年
370,208,社区周边商户,18-24岁,,,,,,,,,,,,,,,,,,,,,跳过,,,药店/诊所,是，就在小区门口,是，经常来,偶尔有,非常愿意,安全责任问题,"水电补贴,平台流量曝光",不知道,,,,,,,,跳过,
371,442,外卖骑手,25-30岁,众包,商业区/写字楼为主,是，经常用,4-8小时,手机/电瓶车充电难,"充足的电瓶车停车位,基础休憩",小区出入口/门卫室附近,B（综合保障型）,4.0,3.0,4.0,3.0,1.0,3.0,4.0,3.0,3.0,"由外卖平台承担,广告收入",视情况而定,2.0,其实哪怕只是几张椅子能坐几分钟也是好的。,不到6个月,12000元以上,,,,,,,,没啥,,,,,,,,无,
372,724,社区居民,31-40岁,,,,,,,,,,,,,,,,,,,,,无意见,,,,,,,,,,没想法,很少看到,不希望聚集,中立,否,"充电消防隐患,噪音/卫生问题","禁止吸烟,物业监督",不太愿意,没有,少于1年
373,541,社区居民,18-24岁,,,,,,,,,,,,,,,,,,,,,没想法,,,,,,,,,,。,偶尔看到,没感觉,比较支持,是,"充电消防隐患,噪音/卫生问题","物业监督,禁止吸烟",愿意,不知道,1-5年
374,260,外卖骑手,18-24岁,专送,混合区域,是，经常用,8-12小时,"手机/电瓶车充电难,饮水不便","应急庇护,基础休憩",闲置核酸亭/集装箱改造,A（高频便利型）,4.0,3.0,3.0,4.0,1.0,3.0,3.0,2.0,3.0,"向骑手收取少量费用,完全由政府出资",不太愿意,4.0,没有,6个月-1年,5000-8000元,,,,,,,,-,,,,,,,,。,
375,320,社区居民,25-30岁,,,,,,,,,,,,,,,,,,,,,-,,,,,,,,,,没有,很少看到,没感觉,不太支持,否,"噪音/卫生问题,充电消防隐患","物业监督,禁止吸烟",无所谓,挺好的事，建议多征求一下周边住户的意见。,1-5年
376,310,外卖骑手,25-30岁,众包,商业区/写字楼为主,是，偶尔用,少于4小时,"上厕所不便,身体疲劳无处缓解,找不到合适地方休息","充电续航,应急庇护",社区便利店/超市内,B（综合保障型）,4.0,4.0,4.0,4.0,4.0,4.0,4.0,4.0,4.0,"广告收入,向骑手收取少量费用",不太愿意,4.0,可以的,1-3年,5000-8000元,,,,,,,,。,,,,,,,,没想法,
377,186,社区居民,41岁及以上,,,,,,,,,,,,,,,,,,,,,没想法,,,,,,,,,,不知道,很少看到,觉得辛苦,非常支持,否,充电消防隐患,物业监督,无所谓,挺好的,少于1年
378,197,社区居民,41岁及以上,,,,,,,,,,,,,,,,,,,,,没想法,,,,,,,,,,不知道,很少看到,不希望聚集,非常支持,是,噪音/卫生问题,"物业监督,禁止吸烟",无所谓,希望能规范管理，别让外面乱七八糟的人也混进来。,1-5年
379,1665,外卖骑手,31-40岁,众包,商业区/写字楼为主,是，偶尔用,4-8小时,"上厕所不便,饮水不便,身体疲劳无处缓解","充足的电瓶车停车位,应急庇护",小区出入口/门卫室附近,A（高频便利型）,4.0,3.0,2.0,2.0,1.0,3.0,3.0,3.0,3.0,"向骑手收取少量费用,由外卖平台承担",完全不愿意,5.0,没,3年以上,8000-12000元,,,,,,,,无意见,,,,,,,,没啥,
380,589,社区周边商户,31-40岁,,,,,,,,,,,,,,,,,,,,,无意见,,,便利店/小超市,是，在100米内,是，经常来,经常有,可以考虑,"影响店面卫生,安全责任问题","平台流量曝光,水电补贴",还行,,,,,,,,无,
381,510,外卖骑手,18-24岁,众包,住宅区/社区为主,是，经常用,少于4小时,饮水不便,"充足的电瓶车停车位,便利服务",社区便利店/超市内,B（综合保障型）,3.0,4.0,3.0,3.0,4.0,3.0,3.0,2.0,3.0,"完全由政府出资,由外卖平台承担",愿意支付,4.0,没,不到6个月,8000-12000元,,,,,,,,没想法,,,,,,,,不知道,
382,318,外卖骑手,25-30岁,众包,商业区/写字楼为主,知道，但从没用过,少于4小时,饮水不便,"充足的电瓶车停车位,充电续航",社区便利店/超市内,A（高频便利型）,3.0,4.0,3.0,3.0,1.0,4.0,4.0,3.0,3.0,"完全由政府出资,由外卖平台承担",愿意支付,3.0,没,6个月-1年,5000-8000元,,,,,,,,没啥,,,,,,,,不知道,
383,616,外卖骑手,18-24岁,众包,住宅区/社区为主,是，经常用,超过12小时,"手机/电瓶车充电难,饮水不便","充电续航,充足的电瓶车停车位",社区党群服务中心,B（综合保障型）,4.0,4.0,4.0,4.0,1.0,4.0,3.0,3.0,3.0,"向骑手收取少量费用,广告收入",愿意支付,3.0,最好和换电柜绑在一起，这样最方便。,不到6个月,5000-8000元,,,,,,,,没有,,,,,,,,没啥,
384,560,社区居民,31-40岁,,,,,,,,,,,,,,,,,,,,,。,,,,,,,,,,暂无,偶尔看到,没感觉,比较支持,是,充电消防隐患,禁止吸烟,无所谓,1,5年以上
385,934,外卖骑手,18-24岁,专送,住宅区/社区为主,是，偶尔用,8-12小时,"身体疲劳无处缓解,上厕所不便,饮水不便","便利服务,充足的电瓶车停车位",社区便利店/超市内,A（高频便利型）,5.0,5.0,5.0,5.0,3.0,5.0,5.0,5.0,5.0,"完全由政府出资,向骑手收取少量费用",愿意支付,1.0,-,6个月-1年,12000元以上,,,,,,,,无意见,,,,,,,,没啥,
386,330,社区周边商户,18-24岁,,,,,,,,,,,,,,,,,,,,,-,,,餐饮店,否,是，经常来,经常有,非常愿意,"影响店面卫生,安全责任问题",水电补贴,支持,,,,,,,,无,
387,184,社区周边商户,18-24岁,,,,,,,,,,,,,,,,,,,,,没,,,其他服务店,是，在100米内,偶尔来,经常有,不愿意,"安全责任问题,影响店面卫生","平台流量曝光,水电补贴",没想法,,,,,,,,无,
388,326,外卖骑手,25-30岁,众包,混合区域,完全不知道,8-12小时,上厕所不便,"基础休憩,应急庇护",社区便利店/超市内,A（高频便利型）,4.0,4.0,4.0,5.0,1.0,5.0,5.0,5.0,5.0,"完全由政府出资,由外卖平台承担",不太愿意,4.0,看情况,不到6个月,12000元以上,,,,,,,,1,,,,,,,,不知道,
389,178,社区居民,31-40岁,,,,,,,,,,,,,,,,,,,,,跳过,,,,,,,,,,1,偶尔看到,觉得辛苦,不太支持,是,充电消防隐患,物业监督,不太愿意,可以的,5年以上
390,254,社区居民,18-24岁,,,,,,,,,,,,,,,,,,,,,无意见,,,,,,,,,,暂无,很少看到,影响美观,中立,是,"噪音/卫生问题,充电消防隐患","物业监督,禁止吸烟",愿意,充电的电线千万别私拉乱接，看着就害怕。,1-5年
391,122,外卖骑手,31-40岁,众包,商业区/写字楼为主,完全不知道,少于4小时,"饮水不便,手机/电瓶车充电难","基础休憩,应急庇护",社区便利店/超市内,B（综合保障型）,4.0,3.0,3.0,3.0,1.0,4.0,4.0,5.0,4.0,"完全由政府出资,广告收入",完全不愿意,5.0,跳过,不到6个月,5000-8000元,,,,,,,,没有,,,,,,,,无意见,
392,198,外卖骑手,25-30岁,众包,商业区/写字楼为主,知道，但从没用过,超过12小时,上厕所不便,"充足的电瓶车停车位,应急庇护",社区便利店/超市内,B（综合保障型）,4.0,5.0,4.0,5.0,1.0,5.0,5.0,5.0,5.0,"由外卖平台承担,向骑手收取少量费用",视情况而定,5.0,同意,6个月-1年,8000-12000元,,,,,,,,。,,,,,,,,不知道,
393,317,外卖骑手,25-30岁,专送,商业区/写字楼为主,是，偶尔用,4-8小时,"身体疲劳无处缓解,找不到合适地方休息,饮水不便","充电续航,便利服务",社区便利店/超市内,A（高频便利型）,3.0,4.0,3.0,3.0,1.0,3.0,2.0,3.0,3.0,"完全由政府出资,向骑手收取少量费用",愿意支付,3.0,暂无,不到6个月,8000-12000元,,,,,,,,跳过,,,,,,,,没想法,
394,503,外卖骑手,25-30岁,众包,混合区域,知道，但从没用过,8-12小时,身体疲劳无处缓解,"便利服务,充足的电瓶车停车位",社区便利店/超市内,A（高频便利型）,3.0,4.0,3.0,3.0,1.0,2.0,3.0,3.0,2.0,"广告收入,向骑手收取少量费用",愿意支付,3.0,暂无,不到6个月,8000-12000元,,,,,,,,无意见,,,,,,,,暂无,
395,46,社区周边商户,41岁及以上,,,,,,,,,,,,,,,,,,,,,没,,,药店/诊所,是，就在小区门口,很少,从未有过,非常愿意,安全责任问题,"平台流量曝光,水电补贴",看情况,,,,,,,,-,
396,204,外卖骑手,41岁及以上,众包,住宅区/社区为主,知道，但从没用过,4-8小时,"身体疲劳无处缓解,饮水不便","便利服务,基础休憩",闲置核酸亭/集装箱改造,C（弹性流动型）,5.0,5.0,5.0,5.0,1.0,5.0,4.0,5.0,4.0,"广告收入,完全由政府出资",愿意支付,3.0,1,6个月-1年,8000-12000元,,,,,,,,没啥,,,,,,,,跳过,
397,1095,外卖骑手,25-30岁,众包,商业区/写字楼为主,知道，但从没用过,超过12小时,"饮水不便,手机/电瓶车充电难","充电续航,应急庇护",小区出入口/门卫室附近,B（综合保障型）,4.0,4.0,4.0,4.0,2.0,4.0,4.0,4.0,4.0,"由外卖平台承担,完全由政府出资",不太愿意,2.0,跳过,6个月-1年,8000-12000元,,,,,,,,。,,,,,,,,没啥,
398,400,社区周边商户,31-40岁,,,,,,,,,,,,,,,,,,,,,暂无,,,餐饮店,否,偶尔来,从未有过,非常愿意,"影响店面卫生,安全责任问题","水电补贴,平台流量曝光",不知道,,,,,,,,-,
399,1295,社区居民,18-24岁,,,,,,,,,,,,,,,,,,,,,没有,,,,,,,,,,跳过,偶尔看到,影响美观,不太支持,是,充电消防隐患,"禁止吸烟,物业监督",不太愿意,挺好的,1-5年
400,390,外卖骑手,31-40岁,众包,混合区域,完全不知道,4-8小时,找不到合适地方休息,"便利服务,充足的电瓶车停车位",社区便利店/超市内,B（综合保障型）,3.0,3.0,2.0,3.0,1.0,3.0,3.0,2.0,3.0,"向骑手收取少量费用,广告收入",视情况而定,4.0,1,不到6个月,5000元以下,,,,,,,,没有,,,,,,,,-,
401,437,外卖骑手,18-24岁,众包,住宅区/社区为主,是，经常用,少于4小时,找不到合适地方休息,"充电续航,应急庇护",社区便利店/超市内,A（高频便利型）,4.0,4.0,4.0,4.0,1.0,4.0,5.0,5.0,5.0,"完全由政府出资,广告收入",不太愿意,3.0,可以的,不到6个月,5000-8000元,,,,,,,,没啥,,,,,,,,不知道,
402,859,社区周边商户,41岁及以上,,,,,,,,,,,,,,,,,,,,,跳过,,,其他服务店,否,偶尔来,从未有过,可以考虑,"影响店面卫生,安全责任问题",平台流量曝光,跳过,,,,,,,,无,
403,481,外卖骑手,25-30岁,众包,混合区域,是，经常用,超过12小时,"身体疲劳无处缓解,饮水不便","充电续航,应急庇护",小区出入口/门卫室附近,A（高频便利型）,5.0,5.0,4.0,5.0,1.0,5.0,5.0,4.0,4.0,"由外卖平台承担,完全由政府出资",完全不愿意,1.0,感觉现在的驿站很多都是摆设，没人管。,6个月-1年,12000元以上,,,,,,,,没,,,,,,,,没想法,
404,268,社区周边商户,41岁及以上,,,,,,,,,,,,,,,,,,,,,1,,,其他服务店,否,很少,经常有,不愿意,"影响店面卫生,安全责任问题","平台流量曝光,水电补贴",还行,,,,,,,,没有,
405,1082,社区周边商户,25-30岁,,,,,,,,,,,,,,,,,,,,,跳过,,,药店/诊所,是，在100米内,偶尔来,偶尔有,可以考虑,"安全责任问题,影响店面卫生","水电补贴,平台流量曝光",没遇到,,,,,,,,跳过,
406,318,外卖骑手,25-30岁,众包,混合区域,完全不知道,8-12小时,"上厕所不便,身体疲劳无处缓解","充足的电瓶车停车位,充电续航",社区便利店/超市内,A（高频便利型）,4.0,4.0,4.0,4.0,1.0,4.0,4.0,4.0,3.0,"由外卖平台承担,向骑手收取少量费用",完全不愿意,2.0,支持,不到6个月,5000-8000元,,,,,,,,跳过,,,,,,,,无意见,
407,302,外卖骑手,18-24岁,众包,混合区域,完全不知道,超过12小时,找不到合适地方休息,"应急庇护,充足的电瓶车停车位",小区出入口/门卫室附近,A（高频便利型）,3.0,4.0,3.0,4.0,1.0,3.0,3.0,3.0,3.0,"广告收入,完全由政府出资",视情况而定,1.0,没遇到,1-3年,8000-12000元,,,,,,,,-,,,,,,,,没,
408,1078,外卖骑手,25-30岁,专送,商业区/写字楼为主,知道，但从没用过,4-8小时,"身体疲劳无处缓解,手机/电瓶车充电难,饮水不便","充电续航,充足的电瓶车停车位",小区出入口/门卫室附近,B（综合保障型）,4.0,5.0,4.0,5.0,1.0,5.0,5.0,5.0,4.0,"广告收入,由外卖平台承担",视情况而定,1.0,不知道,1-3年,12000元以上,,,,,,,,没有,,,,,,,,。,
409,316,社区居民,41岁及以上,,,,,,,,,,,,,,,,,,,,,。,,,,,,,,,,暂无,偶尔看到,没感觉,中立,否,"充电消防隐患,噪音/卫生问题",物业监督,不太愿意,还行,5年以上
410,122,外卖骑手,31-40岁,专送,住宅区/社区为主,是，偶尔用,超过12小时,手机/电瓶车充电难,"应急庇护,便利服务",社区便利店/超市内,A（高频便利型）,3.0,4.0,4.0,4.0,1.0,4.0,3.0,5.0,4.0,"由外卖平台承担,完全由政府出资",视情况而定,4.0,不知道,3年以上,5000-8000元,,,,,,,,没,,,,,,,,暂无,
411,220,社区居民,31-40岁,,,,,,,,,,,,,,,,,,,,,没有,,,,,,,,,,没,经常看到,影响美观,中立,否,"充电消防隐患,噪音/卫生问题",物业监督,不太愿意,没,1-5年
412,219,外卖骑手,25-30岁,众包,住宅区/社区为主,知道，但从没用过,8-12小时,"饮水不便,找不到合适地方休息,手机/电瓶车充电难","充足的电瓶车停车位,充电续航",社区便利店/超市内,A（高频便利型）,3.0,4.0,4.0,3.0,1.0,4.0,4.0,4.0,4.0,"由外卖平台承担,向骑手收取少量费用",不太愿意,1.0,支持,不到6个月,12000元以上,,,,,,,,没,,,,,,,,不知道,
413,294,外卖骑手,25-30岁,众包,住宅区/社区为主,知道，但从没用过,8-12小时,"饮水不便,上厕所不便,手机/电瓶车充电难","充足的电瓶车停车位,便利服务",小区出入口/门卫室附近,B（综合保障型）,3.0,3.0,2.0,3.0,1.0,3.0,3.0,3.0,2.0,"由外卖平台承担,广告收入",完全不愿意,2.0,没想法,不到6个月,8000-12000元,,,,,,,,没想法,,,,,,,,1,
414,1549,社区居民,31-40岁,,,,,,,,,,,,,,,,,,,,,不知道,,,,,,,,,,没想法,经常看到,不希望聚集,比较支持,否,"充电消防隐患,噪音/卫生问题","物业监督,禁止吸烟",愿意,还行,1-5年
415,429,外卖骑手,25-30岁,众包,商业区/写字楼为主,完全不知道,8-12小时,"找不到合适地方休息,饮水不便,身体疲劳无处缓解","便利服务,充电续航",社区便利店/超市内,A（高频便利型）,3.0,4.0,3.0,4.0,1.0,3.0,3.0,4.0,3.0,"向骑手收取少量费用,完全由政府出资",不太愿意,1.0,不要只搞一阵风，希望能长期弄下去。,不到6个月,8000-12000元,,,,,,,,不知道,,,,,,,,-,
416,181,社区居民,18-24岁,,,,,,,,,,,,,,,,,,,,,没,,,,,,,,,,1,偶尔看到,觉得辛苦,比较支持,是,"充电消防隐患,噪音/卫生问题","物业监督,禁止吸烟",无所谓,1,5年以上
417,145,社区周边商户,18-24岁,,,,,,,,,,,,,,,,,,,,,不知道,,,其他服务店,是，就在小区门口,偶尔来,很少有,可以考虑,"安全责任问题,影响店面卫生",平台流量曝光,无意见,,,,,,,,没想法,
418,160,社区周边商户,18-24岁,,,,,,,,,,,,,,,,,,,,,无,,,其他服务店,是，在100米内,偶尔来,很少有,非常愿意,影响店面卫生,"平台流量曝光,水电补贴",没有,,,,,,,,无意见,
419,226,社区周边商户,41岁及以上,,,,,,,,,,,,,,,,,,,,,1,,,药店/诊所,否,很少,偶尔有,非常愿意,"安全责任问题,影响店面卫生",平台流量曝光,无,,,,,,,,-,
420,114,外卖骑手,18-24岁,众包,住宅区/社区为主,知道，但从没用过,4-8小时,手机/电瓶车充电难,"基础休憩,充电续航",小区出入口/门卫室附近,A（高频便利型）,4.0,4.0,5.0,5.0,1.0,4.0,4.0,4.0,5.0,"向骑手收取少量费用,完全由政府出资",愿意支付,2.0,支持,1-3年,12000元以上,,,,,,,,不知道,,,,,,,,没有,
421,71,社区周边商户,18-24岁,,,,,,,,,,,,,,,,,,,,,没想法,,,餐饮店,是，就在小区门口,偶尔来,很少有,可以考虑,"影响店面卫生,安全责任问题",平台流量曝光,可以的,,,,,,,,1,
422,491,外卖骑手,18-24岁,众包,住宅区/社区为主,是，经常用,8-12小时,"饮水不便,找不到合适地方休息,身体疲劳无处缓解","便利服务,充电续航",社区便利店/超市内,A（高频便利型）,3.0,4.0,4.0,4.0,1.0,4.0,4.0,4.0,4.0,"由外卖平台承担,向骑手收取少量费用",不太愿意,4.0,挺好的,不到6个月,5000元以下,,,,,,,,1,,,,,,,,没想法,
423,171,社区周边商户,41岁及以上,,,,,,,,,,,,,,,,,,,,,不知道,,,餐饮店,否,是，经常来,经常有,不愿意,"影响店面卫生,安全责任问题","水电补贴,平台流量曝光",没想法,,,,,,,,1,
424,328,外卖骑手,31-40岁,众包,商业区/写字楼为主,知道，但从没用过,4-8小时,"上厕所不便,身体疲劳无处缓解","充足的电瓶车停车位,应急庇护",小区出入口/门卫室附近,A（高频便利型）,3.0,3.0,3.0,3.0,4.0,3.0,3.0,3.0,3.0,"完全由政府出资,广告收入",愿意支付,5.0,无,3年以上,5000-8000元,,,,,,,,1,,,,,,,,没有,
425,234,外卖骑手,41岁及以上,专送,住宅区/社区为主,知道，但从没用过,4-8小时,"饮水不便,手机/电瓶车充电难,身体疲劳无处缓解","便利服务,应急庇护",社区便利店/超市内,C（弹性流动型）,4.0,4.0,4.0,4.0,1.0,4.0,4.0,4.0,5.0,"向骑手收取少量费用,广告收入",视情况而定,5.0,还行,1-3年,5000-8000元,,,,,,,,没啥,,,,,,,,没有,
426,656,外卖骑手,18-24岁,众包,住宅区/社区为主,是，偶尔用,少于4小时,"上厕所不便,身体疲劳无处缓解,手机/电瓶车充电难","充电续航,充足的电瓶车停车位",社区便利店/超市内,B（综合保障型）,5.0,4.0,4.0,4.0,1.0,4.0,3.0,4.0,4.0,"完全由政府出资,广告收入",不太愿意,4.0,没,1-3年,5000-8000元,,,,,,,,无,,,,,,,,暂无,
427,396,社区居民,31-40岁,,,,,,,,,,,,,,,,,,,,,没啥,,,,,,,,,,1,偶尔看到,不希望聚集,非常支持,否,"充电消防隐患,噪音/卫生问题",物业监督,不太愿意,不错,少于1年
428,422,外卖骑手,41岁及以上,众包,混合区域,完全不知道,超过12小时,"饮水不便,上厕所不便","应急庇护,便利服务",社区便利店/超市内,A（高频便利型）,4.0,3.0,4.0,4.0,1.0,3.0,3.0,3.0,4.0,"由外卖平台承担,广告收入",愿意支付,5.0,无意见,6个月-1年,12000元以上,,,,,,,,跳过,,,,,,,,跳过,
429,368,社区居民,18-24岁,,,,,,,,,,,,,,,,,,,,,-,,,,,,,,,,不知道,偶尔看到,不希望聚集,非常支持,是,"充电消防隐患,噪音/卫生问题","物业监督,禁止吸烟",无所谓,还行,1-5年
430,116,外卖骑手,25-30岁,众包,混合区域,是，偶尔用,8-12小时,手机/电瓶车充电难,"应急庇护,基础休憩",社区便利店/超市内,A（高频便利型）,5.0,5.0,4.0,5.0,1.0,4.0,5.0,4.0,4.0,"向骑手收取少量费用,由外卖平台承担",完全不愿意,5.0,没有,不到6个月,8000-12000元,,,,,,,,。,,,,,,,,不知道,
431,177,社区周边商户,18-24岁,,,,,,,,,,,,,,,,,,,,,跳过,,,其他服务店,是，就在小区门口,很少,很少有,非常愿意,影响店面卫生,水电补贴,没啥,,,,,,,,不知道,
432,120,社区周边商户,41岁及以上,,,,,,,,,,,,,,,,,,,,,没想法,,,便利店/小超市,是，在100米内,偶尔来,经常有,不愿意,"影响店面卫生,安全责任问题","平台流量曝光,水电补贴",还行,,,,,,,,没有,
433,197,外卖骑手,18-24岁,专送,商业区/写字楼为主,知道，但从没用过,超过12小时,"手机/电瓶车充电难,身体疲劳无处缓解","充电续航,充足的电瓶车停车位",社区便利店/超市内,B（综合保障型）,5.0,5.0,5.0,5.0,2.0,5.0,5.0,5.0,5.0,"由外卖平台承担,向骑手收取少量费用",不太愿意,3.0,不错,6个月-1年,8000-12000元,,,,,,,,-,,,,,,,,无意见,
434,318,社区居民,41岁及以上,,,,,,,,,,,,,,,,,,,,,不知道,,,,,,,,,,没啥,很少看到,没感觉,中立,是,"充电消防隐患,噪音/卫生问题",物业监督,无所谓,不错,少于1年
435,204,外卖骑手,25-30岁,众包,混合区域,完全不知道,少于4小时,"身体疲劳无处缓解,找不到合适地方休息,上厕所不便","应急庇护,充电续航",社区便利店/超市内,A（高频便利型）,3.0,3.0,3.0,3.0,1.0,4.0,3.0,3.0,3.0,"广告收入,向骑手收取少量费用",愿意支付,2.0,支持,不到6个月,5000元以下,,,,,,,,无意见,,,,,,,,。,
436,372,外卖骑手,31-40岁,专送,混合区域,是，经常用,少于4小时,"上厕所不便,饮水不便","充足的电瓶车停车位,基础休憩",社区便利店/超市内,A（高频便利型）,4.0,4.0,4.0,4.0,1.0,4.0,3.0,4.0,3.0,"完全由政府出资,广告收入",不太愿意,4.0,-,6个月-1年,5000元以下,,,,,,,,没,,,,,,,,不知道,
437,431,外卖骑手,18-24岁,专送,商业区/写字楼为主,是，偶尔用,4-8小时,"上厕所不便,找不到合适地方休息","基础休憩,充足的电瓶车停车位",社区便利店/超市内,B（综合保障型）,3.0,4.0,4.0,4.0,2.0,4.0,4.0,4.0,4.0,"向骑手收取少量费用,完全由政府出资",完全不愿意,4.0,支持,1-3年,5000-8000元,,,,,,,,不知道,,,,,,,,不知道,
438,341,社区周边商户,31-40岁,,,,,,,,,,,,,,,,,,,,,跳过,,,便利店/小超市,是，在100米内,是，经常来,很少有,非常愿意,安全责任问题,"水电补贴,平台流量曝光",无,,,,,,,,-,
439,233,社区周边商户,31-40岁,,,,,,,,,,,,,,,,,,,,,无意见,,,其他服务店,是，在100米内,很少,很少有,非常愿意,"安全责任问题,影响店面卫生",平台流量曝光,暂无,,,,,,,,-,
440,1118,外卖骑手,18-24岁,专送,商业区/写字楼为主,是，偶尔用,少于4小时,"饮水不便,上厕所不便","充足的电瓶车停车位,应急庇护",小区出入口/门卫室附近,C（弹性流动型）,4.0,4.0,3.0,4.0,1.0,4.0,4.0,4.0,4.0,"广告收入,向骑手收取少量费用",不太愿意,2.0,同意,不到6个月,5000-8000元,,,,,,,,暂无,,,,,,,,暂无,
441,198,社区周边商户,41岁及以上,,,,,,,,,,,,,,,,,,,,,没,,,其他服务店,是，在100米内,偶尔来,偶尔有,可以考虑,影响店面卫生,"平台流量曝光,水电补贴",无意见,,,,,,,,没有,
442,203,社区居民,18-24岁,,,,,,,,,,,,,,,,,,,,,。,,,,,,,,,,。,经常看到,不希望聚集,比较支持,否,"充电消防隐患,噪音/卫生问题","禁止吸烟,物业监督",愿意,挺好的,5年以上
443,809,社区周边商户,25-30岁,,,,,,,,,,,,,,,,,,,,,不知道,,,其他服务店,是，在100米内,偶尔来,经常有,不愿意,影响店面卫生,平台流量曝光,没想法,,,,,,,,没,
444,488,外卖骑手,18-24岁,众包,混合区域,是，偶尔用,4-8小时,"饮水不便,身体疲劳无处缓解","充足的电瓶车停车位,充电续航",社区便利店/超市内,A（高频便利型）,5.0,4.0,5.0,5.0,1.0,4.0,5.0,4.0,5.0,"由外卖平台承担,向骑手收取少量费用",不太愿意,3.0,不错,1-3年,12000元以上,,,,,,,,没,,,,,,,,没,
445,392,外卖骑手,41岁及以上,众包,混合区域,知道，但从没用过,超过12小时,"上厕所不便,饮水不便,手机/电瓶车充电难","基础休憩,充电续航",社区便利店/超市内,B（综合保障型）,3.0,3.0,3.0,5.0,1.0,3.0,3.0,5.0,4.0,"由外卖平台承担,向骑手收取少量费用",愿意支付,4.0,不错,6个月-1年,5000元以下,,,,,,,,没啥,,,,,,,,1,
446,104,外卖骑手,18-24岁,众包,商业区/写字楼为主,是，偶尔用,超过12小时,"上厕所不便,手机/电瓶车充电难","基础休憩,充电续航",社区便利店/超市内,B（综合保障型）,4.0,4.0,4.0,3.0,5.0,3.0,4.0,4.0,4.0,"由外卖平台承担,向骑手收取少量费用",愿意支付,2.0,-,1-3年,12000元以上,,,,,,,,不知道,,,,,,,,没啥,
447,404,外卖骑手,25-30岁,众包,商业区/写字楼为主,完全不知道,超过12小时,"饮水不便,找不到合适地方休息,身体疲劳无处缓解","基础休憩,便利服务",小区出入口/门卫室附近,B（综合保障型）,4.0,4.0,4.0,4.0,1.0,3.0,3.0,3.0,3.0,"由外卖平台承担,向骑手收取少量费用",视情况而定,2.0,1,不到6个月,8000-12000元,,,,,,,,没想法,,,,,,,,无意见,
448,302,外卖骑手,25-30岁,专送,商业区/写字楼为主,完全不知道,少于4小时,"身体疲劳无处缓解,找不到合适地方休息","充电续航,充足的电瓶车停车位",小区出入口/门卫室附近,A（高频便利型）,3.0,4.0,3.0,4.0,1.0,4.0,3.0,3.0,3.0,"向骑手收取少量费用,由外卖平台承担",完全不愿意,4.0,同意,6个月-1年,8000-12000元,,,,,,,,暂无,,,,,,,,。,
449,255,社区居民,41岁及以上,,,,,,,,,,,,,,,,,,,,,暂无,,,,,,,,,,无意见,经常看到,没感觉,非常支持,是,噪音/卫生问题,"物业监督,禁止吸烟",愿意,同意,1-5年
450,509,外卖骑手,18-24岁,众包,商业区/写字楼为主,是，经常用,8-12小时,上厕所不便,"便利服务,充电续航",闲置核酸亭/集装箱改造,B（综合保障型）,5.0,5.0,4.0,5.0,1.0,5.0,5.0,5.0,5.0,"由外卖平台承担,广告收入",愿意支付,3.0,没遇到,不到6个月,8000-12000元,,,,,,,,-,,,,,,,,不知道,
451,102,社区居民,25-30岁,,,,,,,,,,,,,,,,,,,,,没想法,,,,,,,,,,1,很少看到,觉得辛苦,比较支持,是,噪音/卫生问题,"物业监督,禁止吸烟",愿意,无意见,5年以上
452,87,外卖骑手,25-30岁,众包,混合区域,完全不知道,超过12小时,手机/电瓶车充电难,"基础休憩,充足的电瓶车停车位",社区便利店/超市内,A（高频便利型）,5.0,4.0,4.0,4.0,1.0,5.0,4.0,4.0,4.0,"完全由政府出资,由外卖平台承担",视情况而定,2.0,可以的,不到6个月,8000-12000元,,,,,,,,没,,,,,,,,暂无,
453,386,外卖骑手,41岁及以上,众包,商业区/写字楼为主,知道，但从没用过,8-12小时,"找不到合适地方休息,饮水不便","便利服务,基础休憩",社区便利店/超市内,A（高频便利型）,3.0,4.0,5.0,4.0,1.0,4.0,4.0,4.0,4.0,"向骑手收取少量费用,由外卖平台承担",愿意支付,5.0,不错,1-3年,12000元以上,,,,,,,,无意见,,,,,,,,无,
454,363,社区周边商户,18-24岁,,,,,,,,,,,,,,,,,,,,,不知道,,,餐饮店,否,偶尔来,偶尔有,可以考虑,"安全责任问题,影响店面卫生",平台流量曝光,-,,,,,,,,。,
455,694,社区居民,18-24岁,,,,,,,,,,,,,,,,,,,,,没有,,,,,,,,,,没啥,很少看到,不希望聚集,比较支持,是,"噪音/卫生问题,充电消防隐患",物业监督,愿意,支持,1-5年
456,72,社区居民,41岁及以上,,,,,,,,,,,,,,,,,,,,,无意见,,,,,,,,,,没有,很少看到,觉得辛苦,非常支持,是,噪音/卫生问题,"禁止吸烟,物业监督",愿意,看情况,1-5年
457,1028,外卖骑手,31-40岁,众包,混合区域,是，偶尔用,4-8小时,找不到合适地方休息,"便利服务,基础休憩",小区出入口/门卫室附近,A（高频便利型）,5.0,5.0,5.0,5.0,5.0,5.0,5.0,5.0,5.0,"广告收入,向骑手收取少量费用",不太愿意,3.0,。,不到6个月,8000-12000元,,,,,,,,没,,,,,,,,跳过,
458,248,社区周边商户,31-40岁,,,,,,,,,,,,,,,,,,,,,没有,,,药店/诊所,是，在100米内,偶尔来,从未有过,可以考虑,安全责任问题,"水电补贴,平台流量曝光",没遇到,,,,,,,,1,
460,359,外卖骑手,18-24岁,众包,住宅区/社区为主,是，经常用,少于4小时,上厕所不便,"充足的电瓶车停车位,便利服务",小区出入口/门卫室附近,A（高频便利型）,5.0,5.0,5.0,4.0,1.0,4.0,5.0,5.0,5.0,"完全由政府出资,由外卖平台承担",视情况而定,1.0,挺好的,6个月-1年,5000-8000元,,,,,,,,跳过,,,,,,,,无,
461,140,社区居民,31-40岁,,,,,,,,,,,,,,,,,,,,,跳过,,,,,,,,,,。,很少看到,没感觉,中立,否,"噪音/卫生问题,充电消防隐患","禁止吸烟,物业监督",愿意,跳过,5年以上
462,473,外卖骑手,25-30岁,专送,混合区域,知道，但从没用过,4-8小时,"找不到合适地方休息,身体疲劳无处缓解","充电续航,应急庇护",社区便利店/超市内,A（高频便利型）,5.0,5.0,5.0,5.0,1.0,5.0,5.0,4.0,4.0,"完全由政府出资,广告收入",愿意支付,4.0,还行,6个月-1年,8000-12000元,,,,,,,,暂无,,,,,,,,无,
463,329,社区居民,25-30岁,,,,,,,,,,,,,,,,,,,,,-,,,,,,,,,,没有,很少看到,不希望聚集,中立,否,充电消防隐患,物业监督,不太愿意,还行,少于1年
465,171,外卖骑手,25-30岁,众包,混合区域,完全不知道,超过12小时,上厕所不便,"应急庇护,充足的电瓶车停车位",社区便利店/超市内,B（综合保障型）,2.0,2.0,2.0,3.0,1.0,3.0,3.0,3.0,3.0,"完全由政府出资,由外卖平台承担",完全不愿意,3.0,不错,6个月-1年,8000-12000元,,,,,,,,无,,,,,,,,无意见,
466,539,社区周边商户,18-24岁,,,,,,,,,,,,,,,,,,,,,1,,,其他服务店,是，在100米内,很少,从未有过,非常愿意,影响店面卫生,水电补贴,不错,,,,,,,,没啥,
467,218,外卖骑手,31-40岁,众包,住宅区/社区为主,是，偶尔用,8-12小时,找不到合适地方休息,"充足的电瓶车停车位,便利服务",闲置核酸亭/集装箱改造,A（高频便利型）,3.0,4.0,3.0,3.0,1.0,3.0,4.0,4.0,4.0,"由外卖平台承担,完全由政府出资",不太愿意,2.0,没想法,1-3年,12000元以上,,,,,,,,无,,,,,,,,没有,
468,326,外卖骑手,31-40岁,专送,住宅区/社区为主,知道，但从没用过,超过12小时,"找不到合适地方休息,身体疲劳无处缓解","充电续航,基础休憩",社区便利店/超市内,A（高频便利型）,4.0,3.0,3.0,2.0,1.0,3.0,4.0,2.0,3.0,"向骑手收取少量费用,完全由政府出资",完全不愿意,5.0,暂无,不到6个月,12000元以上,,,,,,,,没,,,,,,,,。,
469,166,社区居民,31-40岁,,,,,,,,,,,,,,,,,,,,,没啥,,,,,,,,,,没想法,经常看到,觉得辛苦,比较支持,是,"噪音/卫生问题,充电消防隐患",物业监督,愿意,没有,5年以上
470,541,外卖骑手,18-24岁,众包,混合区域,是，偶尔用,4-8小时,"上厕所不便,饮水不便","充足的电瓶车停车位,便利服务",小区出入口/门卫室附近,B（综合保障型）,3.0,4.0,3.0,4.0,3.0,4.0,3.0,4.0,4.0,"完全由政府出资,由外卖平台承担",视情况而定,1.0,没遇到,1-3年,12000元以上,,,,,,,,无意见,,,,,,,,没有,
471,132,社区周边商户,41岁及以上,,,,,,,,,,,,,,,,,,,,,无,,,药店/诊所,否,是，经常来,经常有,非常愿意,"影响店面卫生,安全责任问题","水电补贴,平台流量曝光",不知道,,,,,,,,没想法,
472,319,社区周边商户,31-40岁,,,,,,,,,,,,,,,,,,,,,1,,,便利店/小超市,否,偶尔来,很少有,不愿意,"安全责任问题,影响店面卫生","水电补贴,平台流量曝光",1,,,,,,,,没想法,
473,621,外卖骑手,31-40岁,专送,商业区/写字楼为主,知道，但从没用过,8-12小时,"找不到合适地方休息,手机/电瓶车充电难","便利服务,充足的电瓶车停车位",社区便利店/超市内,A（高频便利型）,4.0,4.0,5.0,4.0,4.0,4.0,4.0,5.0,4.0,"向骑手收取少量费用,由外卖平台承担",不太愿意,4.0,不知道,6个月-1年,5000-8000元,,,,,,,,。,,,,,,,,没想法,
474,286,外卖骑手,25-30岁,众包,住宅区/社区为主,完全不知道,4-8小时,"手机/电瓶车充电难,身体疲劳无处缓解","基础休憩,充足的电瓶车停车位",社区党群服务中心,A（高频便利型）,5.0,4.0,4.0,5.0,1.0,5.0,5.0,4.0,4.0,"完全由政府出资,向骑手收取少量费用",视情况而定,4.0,没,不到6个月,5000-8000元,,,,,,,,无意见,,,,,,,,跳过,
475,523,社区周边商户,25-30岁,,,,,,,,,,,,,,,,,,,,,无,,,便利店/小超市,是，就在小区门口,偶尔来,很少有,非常愿意,"安全责任问题,影响店面卫生",平台流量曝光,没遇到,,,,,,,,没想法,
476,447,外卖骑手,18-24岁,众包,住宅区/社区为主,是，偶尔用,超过12小时,"饮水不便,手机/电瓶车充电难","基础休憩,充足的电瓶车停车位",闲置核酸亭/集装箱改造,A（高频便利型）,4.0,3.0,3.0,3.0,5.0,4.0,3.0,3.0,4.0,"由外卖平台承担,向骑手收取少量费用",完全不愿意,4.0,不知道,不到6个月,5000元以下,,,,,,,,不知道,,,,,,,,没有,
477,518,外卖骑手,41岁及以上,众包,住宅区/社区为主,完全不知道,4-8小时,"身体疲劳无处缓解,手机/电瓶车充电难","便利服务,充电续航",社区便利店/超市内,A（高频便利型）,4.0,4.0,3.0,3.0,1.0,3.0,3.0,4.0,3.0,"向骑手收取少量费用,广告收入",完全不愿意,3.0,-,6个月-1年,8000-12000元,,,,,,,,没有,,,,,,,,。,
478,200,外卖骑手,41岁及以上,专送,住宅区/社区为主,是，偶尔用,超过12小时,"手机/电瓶车充电难,身体疲劳无处缓解,饮水不便","充电续航,基础休憩",社区便利店/超市内,B（综合保障型）,3.0,3.0,3.0,2.0,1.0,2.0,2.0,3.0,3.0,"由外卖平台承担,完全由政府出资",完全不愿意,2.0,。,不到6个月,8000-12000元,,,,,,,,。,,,,,,,,无,
479,554,社区周边商户,41岁及以上,,,,,,,,,,,,,,,,,,,,,跳过,,,便利店/小超市,是，就在小区门口,偶尔来,经常有,非常愿意,影响店面卫生,"平台流量曝光,水电补贴",挺好的,,,,,,,,不知道,
480,909,外卖骑手,18-24岁,众包,混合区域,是，经常用,8-12小时,"上厕所不便,饮水不便,找不到合适地方休息","充足的电瓶车停车位,便利服务",小区出入口/门卫室附近,B（综合保障型）,3.0,4.0,4.0,3.0,1.0,3.0,4.0,3.0,3.0,"由外卖平台承担,广告收入",视情况而定,5.0,-,不到6个月,8000-12000元,,,,,,,,无意见,,,,,,,,没啥,
481,1045,社区居民,31-40岁,,,,,,,,,,,,,,,,,,,,,无,,,,,,,,,,-,经常看到,觉得辛苦,比较支持,否,"噪音/卫生问题,充电消防隐患",禁止吸烟,无所谓,还行,少于1年
482,278,社区居民,18-24岁,,,,,,,,,,,,,,,,,,,,,暂无,,,,,,,,,,没啥,经常看到,没感觉,非常支持,是,噪音/卫生问题,禁止吸烟,愿意,支持,5年以上
484,1068,外卖骑手,18-24岁,众包,混合区域,知道，但从没用过,少于4小时,上厕所不便,"应急庇护,充电续航",社区便利店/超市内,A（高频便利型）,3.0,3.0,4.0,3.0,1.0,4.0,3.0,3.0,4.0,"广告收入,完全由政府出资",视情况而定,3.0,还行,不到6个月,5000元以下,,,,,,,,没,,,,,,,,无,
485,116,外卖骑手,25-30岁,众包,住宅区/社区为主,是，偶尔用,超过12小时,"身体疲劳无处缓解,找不到合适地方休息,手机/电瓶车充电难","基础休憩,充电续航",社区便利店/超市内,B（综合保障型）,4.0,5.0,4.0,5.0,1.0,5.0,5.0,4.0,4.0,"向骑手收取少量费用,由外卖平台承担",不太愿意,5.0,-,1-3年,12000元以上,,,,,,,,不知道,,,,,,,,没,
486,144,社区居民,25-30岁,,,,,,,,,,,,,,,,,,,,,不知道,,,,,,,,,,1,偶尔看到,影响美观,不太支持,是,"噪音/卫生问题,充电消防隐患","禁止吸烟,物业监督",无所谓,同意,少于1年
489,505,社区居民,25-30岁,,,,,,,,,,,,,,,,,,,,,不知道,,,,,,,,,,没,很少看到,觉得辛苦,比较支持,否,"充电消防隐患,噪音/卫生问题","禁止吸烟,物业监督",无所谓,支持,少于1年
490,368,外卖骑手,18-24岁,众包,混合区域,是，经常用,超过12小时,"手机/电瓶车充电难,找不到合适地方休息,身体疲劳无处缓解","充足的电瓶车停车位,充电续航",闲置核酸亭/集装箱改造,B（综合保障型）,4.0,4.0,5.0,5.0,1.0,5.0,4.0,4.0,5.0,"广告收入,由外卖平台承担",视情况而定,5.0,同意,6个月-1年,8000-12000元,,,,,,,,无,,,,,,,,无意见,
491,353,外卖骑手,25-30岁,众包,商业区/写字楼为主,是，经常用,4-8小时,"饮水不便,找不到合适地方休息","应急庇护,便利服务",小区出入口/门卫室附近,B（综合保障型）,3.0,3.0,3.0,4.0,1.0,4.0,4.0,4.0,4.0,"由外卖平台承担,完全由政府出资",不太愿意,5.0,暂无,不到6个月,5000-8000元,,,,,,,,无,,,,,,,,-,
492,196,外卖骑手,25-30岁,众包,商业区/写字楼为主,完全不知道,超过12小时,"手机/电瓶车充电难,饮水不便,身体疲劳无处缓解","应急庇护,充电续航",社区便利店/超市内,A（高频便利型）,5.0,5.0,5.0,5.0,4.0,5.0,5.0,5.0,5.0,"广告收入,向骑手收取少量费用",不太愿意,1.0,可以的,不到6个月,5000元以下,,,,,,,,。,,,,,,,,1,
493,80,外卖骑手,18-24岁,众包,住宅区/社区为主,是，经常用,4-8小时,"饮水不便,找不到合适地方休息,上厕所不便","便利服务,基础休憩",小区出入口/门卫室附近,A（高频便利型）,5.0,5.0,5.0,5.0,5.0,5.0,5.0,5.0,5.0,"由外卖平台承担,广告收入",愿意支付,5.0,不知道,6个月-1年,5000元以下,,,,,,,,暂无,,,,,,,,无意见,
495,127,外卖骑手,25-30岁,众包,混合区域,是，偶尔用,4-8小时,"找不到合适地方休息,身体疲劳无处缓解","充电续航,便利服务",社区党群服务中心,B（综合保障型）,3.0,3.0,4.0,4.0,1.0,4.0,4.0,4.0,5.0,"完全由政府出资,由外卖平台承担",愿意支付,4.0,无,6个月-1年,5000元以下,,,,,,,,不知道,,,,,,,,-,
496,358,社区周边商户,25-30岁,,,,,,,,,,,,,,,,,,,,,无意见,,,餐饮店,否,是，经常来,很少有,非常愿意,安全责任问题,水电补贴,-,,,,,,,,跳过,
497,334,社区居民,31-40岁,,,,,,,,,,,,,,,,,,,,,跳过,,,,,,,,,,没啥,很少看到,觉得辛苦,非常支持,否,充电消防隐患,物业监督,愿意,跳过,少于1年
498,596,外卖骑手,25-30岁,众包,混合区域,完全不知道,少于4小时,"身体疲劳无处缓解,上厕所不便,手机/电瓶车充电难","应急庇护,充电续航",闲置核酸亭/集装箱改造,A（高频便利型）,4.0,4.0,3.0,4.0,4.0,4.0,4.0,4.0,4.0,"向骑手收取少量费用,由外卖平台承担",完全不愿意,3.0,没,6个月-1年,5000-8000元,,,,,,,,1,,,,,,,,没啥,
499,770,社区居民,41岁及以上,,,,,,,,,,,,,,,,,,,,,1,,,,,,,,,,-,经常看到,影响美观,不太支持,否,噪音/卫生问题,"禁止吸烟,物业监督",无所谓,看情况,5年以上
500,559,社区居民,25-30岁,,,,,,,,,,,,,,,,,,,,,没有,,,,,,,,,,没啥,经常看到,没感觉,非常支持,是,"噪音/卫生问题,充电消防隐患","物业监督,禁止吸烟",不太愿意,跳过,少于1年
501,189,社区居民,31-40岁,,,,,,,,,,,,,,,,,,,,,没想法,,,,,,,,,,没,偶尔看到,觉得辛苦,不太支持,是,"充电消防隐患,噪音/卫生问题",禁止吸烟,不太愿意,-,1-5年
502,282,外卖骑手,25-30岁,专送,商业区/写字楼为主,完全不知道,超过12小时,找不到合适地方休息,"充电续航,充足的电瓶车停车位",社区便利店/超市内,A（高频便利型）,3.0,4.0,3.0,3.0,1.0,4.0,3.0,4.0,3.0,"完全由政府出资,由外卖平台承担",视情况而定,5.0,-,不到6个月,8000-12000元,,,,,,,,不知道,,,,,,,,无意见,
503,526,外卖骑手,25-30岁,众包,商业区/写字楼为主,是，经常用,8-12小时,手机/电瓶车充电难,"充足的电瓶车停车位,基础休憩",社区便利店/超市内,B（综合保障型）,3.0,3.0,4.0,3.0,1.0,3.0,3.0,3.0,3.0,"由外卖平台承担,广告收入",不太愿意,1.0,没想法,1-3年,12000元以上,,,,,,,,没啥,,,,,,,,跳过,
504,364,社区居民,25-30岁,,,,,,,,,,,,,,,,,,,,,没,,,,,,,,,,没啥,经常看到,不希望聚集,非常支持,是,充电消防隐患,物业监督,不太愿意,1,1-5年
505,194,外卖骑手,31-40岁,众包,住宅区/社区为主,是，经常用,少于4小时,找不到合适地方休息,"充电续航,基础休憩",闲置核酸亭/集装箱改造,A（高频便利型）,5.0,5.0,5.0,5.0,3.0,5.0,5.0,5.0,5.0,"完全由政府出资,广告收入",愿意支付,3.0,-,6个月-1年,5000-8000元,,,,,,,,没想法,,,,,,,,跳过,
506,188,外卖骑手,18-24岁,专送,住宅区/社区为主,是，偶尔用,少于4小时,"手机/电瓶车充电难,上厕所不便,饮水不便","应急庇护,充电续航",小区出入口/门卫室附近,B（综合保障型）,4.0,4.0,5.0,4.0,1.0,4.0,5.0,4.0,4.0,"广告收入,由外卖平台承担",不太愿意,1.0,无,6个月-1年,5000-8000元,,,,,,,,没有,,,,,,,,不知道,
508,403,社区居民,18-24岁,,,,,,,,,,,,,,,,,,,,,不知道,,,,,,,,,,跳过,偶尔看到,没感觉,不太支持,是,"噪音/卫生问题,充电消防隐患","物业监督,禁止吸烟",愿意,没啥,5年以上
509,215,外卖骑手,25-30岁,众包,住宅区/社区为主,知道，但从没用过,超过12小时,手机/电瓶车充电难,"充电续航,便利服务",小区出入口/门卫室附近,A（高频便利型）,5.0,4.0,5.0,5.0,1.0,4.0,4.0,5.0,5.0,"向骑手收取少量费用,由外卖平台承担",完全不愿意,1.0,挺好的,6个月-1年,5000-8000元,,,,,,,,没,,,,,,,,没想法,
510,615,外卖骑手,41岁及以上,众包,住宅区/社区为主,是，偶尔用,4-8小时,上厕所不便,"便利服务,充足的电瓶车停车位",闲置核酸亭/集装箱改造,A（高频便利型）,4.0,4.0,4.0,4.0,1.0,4.0,3.0,3.0,4.0,"完全由政府出资,由外卖平台承担",视情况而定,1.0,同意,1-3年,5000元以下,,,,,,,,无,,,,,,,,没,
511,760,社区周边商户,25-30岁,,,,,,,,,,,,,,,,,,,,,没有,,,其他服务店,是，就在小区门口,是，经常来,从未有过,可以考虑,"安全责任问题,影响店面卫生",平台流量曝光,不知道,,,,,,,,-,
512,482,外卖骑手,41岁及以上,众包,混合区域,完全不知道,4-8小时,"手机/电瓶车充电难,身体疲劳无处缓解,饮水不便","充足的电瓶车停车位,应急庇护",小区出入口/门卫室附近,A（高频便利型）,5.0,4.0,5.0,4.0,1.0,5.0,5.0,5.0,5.0,"由外卖平台承担,完全由政府出资",视情况而定,1.0,没想法,6个月-1年,12000元以上,,,,,,,,无,,,,,,,,没想法,
513,110,外卖骑手,41岁及以上,众包,住宅区/社区为主,知道，但从没用过,超过12小时,"饮水不便,身体疲劳无处缓解","基础休憩,应急庇护",社区便利店/超市内,B（综合保障型）,5.0,5.0,5.0,5.0,1.0,4.0,5.0,5.0,5.0,"广告收入,向骑手收取少量费用",视情况而定,4.0,1,1-3年,5000-8000元,,,,,,,,-,,,,,,,,-,
514,555,外卖骑手,25-30岁,众包,混合区域,知道，但从没用过,超过12小时,"饮水不便,手机/电瓶车充电难,找不到合适地方休息","基础休憩,便利服务",小区出入口/门卫室附近,A（高频便利型）,3.0,3.0,3.0,5.0,1.0,4.0,4.0,4.0,4.0,"由外卖平台承担,向骑手收取少量费用",愿意支付,1.0,没有,6个月-1年,8000-12000元,,,,,,,,没想法,,,,,,,,没,
515,514,外卖骑手,25-30岁,专送,商业区/写字楼为主,完全不知道,4-8小时,找不到合适地方休息,"充足的电瓶车停车位,应急庇护",社区便利店/超市内,C（弹性流动型）,4.0,4.0,4.0,4.0,5.0,4.0,4.0,4.0,4.0,"向骑手收取少量费用,由外卖平台承担",视情况而定,2.0,跳过,3年以上,8000-12000元,,,,,,,,-,,,,,,,,不知道,
517,436,外卖骑手,18-24岁,众包,住宅区/社区为主,完全不知道,8-12小时,"上厕所不便,找不到合适地方休息,饮水不便","应急庇护,充足的电瓶车停车位",社区便利店/超市内,A（高频便利型）,4.0,4.0,4.0,4.0,1.0,4.0,4.0,4.0,3.0,"由外卖平台承担,广告收入",视情况而定,1.0,没有,6个月-1年,8000-12000元,,,,,,,,无,,,,,,,,没啥,
518,160,外卖骑手,31-40岁,专送,商业区/写字楼为主,知道，但从没用过,8-12小时,"找不到合适地方休息,身体疲劳无处缓解,上厕所不便","基础休憩,应急庇护",社区便利店/超市内,B（综合保障型）,3.0,3.0,3.0,3.0,1.0,3.0,3.0,2.0,2.0,"由外卖平台承担,向骑手收取少量费用",不太愿意,2.0,。,3年以上,5000-8000元,,,,,,,,跳过,,,,,,,,。,
520,601,社区居民,25-30岁,,,,,,,,,,,,,,,,,,,,,没有,,,,,,,,,,无意见,很少看到,觉得辛苦,中立,否,噪音/卫生问题,"禁止吸烟,物业监督",不太愿意,同意,5年以上
522,330,外卖骑手,25-30岁,众包,住宅区/社区为主,知道，但从没用过,8-12小时,"找不到合适地方休息,身体疲劳无处缓解,饮水不便","充电续航,基础休憩",闲置核酸亭/集装箱改造,A（高频便利型）,4.0,4.0,4.0,4.0,1.0,5.0,5.0,5.0,4.0,"广告收入,由外卖平台承担",完全不愿意,2.0,没想法,6个月-1年,12000元以上,,,,,,,,无意见,,,,,,,,没啥,
523,177,社区居民,41岁及以上,,,,,,,,,,,,,,,,,,,,,1,,,,,,,,,,暂无,很少看到,影响美观,比较支持,否,"充电消防隐患,噪音/卫生问题",禁止吸烟,愿意,没有,1-5年
524,298,社区居民,31-40岁,,,,,,,,,,,,,,,,,,,,,1,,,,,,,,,,没,经常看到,觉得辛苦,中立,是,充电消防隐患,"物业监督,禁止吸烟",愿意,同意,1-5年
525,252,外卖骑手,18-24岁,众包,混合区域,知道，但从没用过,少于4小时,"上厕所不便,身体疲劳无处缓解","充足的电瓶车停车位,基础休憩",社区党群服务中心,A（高频便利型）,5.0,5.0,4.0,4.0,1.0,4.0,4.0,4.0,4.0,"由外卖平台承担,向骑手收取少量费用",愿意支付,1.0,还行,不到6个月,12000元以上,,,,,,,,不知道,,,,,,,,-,
526,180,外卖骑手,18-24岁,专送,商业区/写字楼为主,知道，但从没用过,超过12小时,"饮水不便,手机/电瓶车充电难","充足的电瓶车停车位,便利服务",社区便利店/超市内,B（综合保障型）,3.0,5.0,4.0,4.0,1.0,4.0,4.0,3.0,3.0,"由外卖平台承担,向骑手收取少量费用",视情况而定,3.0,看情况,1-3年,5000-8000元,,,,,,,,无意见,,,,,,,,没,
527,367,社区居民,31-40岁,,,,,,,,,,,,,,,,,,,,,没啥,,,,,,,,,,没啥,经常看到,觉得辛苦,中立,否,充电消防隐患,物业监督,不太愿意,不错,1-5年
528,291,外卖骑手,31-40岁,专送,住宅区/社区为主,是，经常用,8-12小时,找不到合适地方休息,"应急庇护,便利服务",社区便利店/超市内,A（高频便利型）,4.0,4.0,5.0,4.0,1.0,5.0,4.0,4.0,5.0,"由外卖平台承担,向骑手收取少量费用",视情况而定,3.0,没遇到,1-3年,8000-12000元,,,,,,,,没有,,,,,,,,暂无,
529,179,外卖骑手,25-30岁,众包,混合区域,是，经常用,8-12小时,"饮水不便,上厕所不便","基础休憩,应急庇护",社区便利店/超市内,A（高频便利型）,4.0,4.0,4.0,4.0,3.0,4.0,3.0,4.0,5.0,"广告收入,完全由政府出资",愿意支付,2.0,没遇到,1-3年,5000元以下,,,,,,,,1,,,,,,,,无,
530,1543,外卖骑手,18-24岁,众包,商业区/写字楼为主,知道，但从没用过,4-8小时,"手机/电瓶车充电难,上厕所不便,饮水不便","充足的电瓶车停车位,充电续航",社区党群服务中心,A（高频便利型）,5.0,5.0,5.0,5.0,2.0,5.0,5.0,5.0,5.0,"由外卖平台承担,向骑手收取少量费用",完全不愿意,2.0,没想法,6个月-1年,8000-12000元,,,,,,,,-,,,,,,,,1,
531,144,社区周边商户,31-40岁,,,,,,,,,,,,,,,,,,,,,。,,,餐饮店,是，就在小区门口,偶尔来,经常有,不愿意,"安全责任问题,影响店面卫生","平台流量曝光,水电补贴",没有,,,,,,,,没有,
532,665,社区居民,31-40岁,,,,,,,,,,,,,,,,,,,,,无意见,,,,,,,,,,跳过,偶尔看到,觉得辛苦,不太支持,是,"噪音/卫生问题,充电消防隐患",禁止吸烟,不太愿意,同意,5年以上
533,418,外卖骑手,25-30岁,众包,商业区/写字楼为主,完全不知道,4-8小时,手机/电瓶车充电难,"充电续航,便利服务",小区出入口/门卫室附近,B（综合保障型）,4.0,4.0,4.0,5.0,1.0,4.0,3.0,4.0,4.0,"完全由政府出资,由外卖平台承担",不太愿意,5.0,跳过,6个月-1年,12000元以上,,,,,,,,没想法,,,,,,,,没有,
534,663,外卖骑手,25-30岁,专送,商业区/写字楼为主,完全不知道,超过12小时,"上厕所不便,饮水不便","基础休憩,充足的电瓶车停车位",社区便利店/超市内,B（综合保障型）,4.0,3.0,4.0,4.0,1.0,4.0,4.0,4.0,4.0,"由外卖平台承担,完全由政府出资",不太愿意,4.0,-,1-3年,8000-12000元,,,,,,,,不知道,,,,,,,,没有,
535,2068,外卖骑手,25-30岁,众包,住宅区/社区为主,完全不知道,8-12小时,"手机/电瓶车充电难,上厕所不便,找不到合适地方休息","应急庇护,基础休憩",闲置核酸亭/集装箱改造,A（高频便利型）,4.0,4.0,4.0,4.0,1.0,4.0,4.0,3.0,4.0,"完全由政府出资,广告收入",不太愿意,2.0,不知道,1-3年,12000元以上,,,,,,,,。,,,,,,,,-,
536,763,外卖骑手,18-24岁,众包,混合区域,是，偶尔用,8-12小时,上厕所不便,"基础休憩,便利服务",小区出入口/门卫室附近,A（高频便利型）,5.0,4.0,4.0,4.0,4.0,3.0,4.0,3.0,2.0,"完全由政府出资,向骑手收取少量费用",完全不愿意,2.0,。,不到6个月,5000-8000元,,,,,,,,不知道,,,,,,,,没想法,
537,337,外卖骑手,18-24岁,众包,商业区/写字楼为主,是，偶尔用,4-8小时,身体疲劳无处缓解,"应急庇护,基础休憩",小区出入口/门卫室附近,A（高频便利型）,2.0,2.0,2.0,2.0,4.0,2.0,2.0,2.0,2.0,"由外卖平台承担,广告收入",不太愿意,5.0,没,1-3年,12000元以上,,,,,,,,跳过,,,,,,,,。,
538,288,外卖骑手,18-24岁,众包,混合区域,知道，但从没用过,4-8小时,"身体疲劳无处缓解,手机/电瓶车充电难,上厕所不便","基础休憩,充足的电瓶车停车位",社区便利店/超市内,B（综合保障型）,3.0,2.0,3.0,4.0,1.0,3.0,3.0,4.0,4.0,"广告收入,完全由政府出资",不太愿意,3.0,挺好的,1-3年,5000元以下,,,,,,,,没有,,,,,,,,。,
539,773,社区居民,18-24岁,,,,,,,,,,,,,,,,,,,,,没,,,,,,,,,,无意见,经常看到,不希望聚集,非常支持,是,"噪音/卫生问题,充电消防隐患","物业监督,禁止吸烟",愿意,-,1-5年
540,630,外卖骑手,41岁及以上,众包,混合区域,知道，但从没用过,4-8小时,"手机/电瓶车充电难,上厕所不便","充电续航,基础休憩",小区出入口/门卫室附近,B（综合保障型）,5.0,5.0,4.0,5.0,1.0,5.0,5.0,4.0,4.0,"完全由政府出资,由外卖平台承担",愿意支付,3.0,没遇到,3年以上,5000元以下,,,,,,,,-,,,,,,,,。,
541,370,社区周边商户,41岁及以上,,,,,,,,,,,,,,,,,,,,,无意见,,,餐饮店,是，就在小区门口,是，经常来,很少有,不愿意,"安全责任问题,影响店面卫生",平台流量曝光,看情况,,,,,,,,暂无,
542,145,社区周边商户,25-30岁,,,,,,,,,,,,,,,,,,,,,不知道,,,其他服务店,否,很少,经常有,非常愿意,"安全责任问题,影响店面卫生","水电补贴,平台流量曝光",看情况,,,,,,,,没,
543,213,社区周边商户,41岁及以上,,,,,,,,,,,,,,,,,,,,,不知道,,,便利店/小超市,否,很少,很少有,不愿意,"影响店面卫生,安全责任问题",水电补贴,。,,,,,,,,没有,
544,363,社区居民,18-24岁,,,,,,,,,,,,,,,,,,,,,。,,,,,,,,,,不知道,偶尔看到,觉得辛苦,比较支持,是,"噪音/卫生问题,充电消防隐患","物业监督,禁止吸烟",无所谓,没想法,少于1年
545,507,外卖骑手,31-40岁,众包,混合区域,知道，但从没用过,少于4小时,饮水不便,"基础休憩,应急庇护",社区党群服务中心,C（弹性流动型）,4.0,5.0,4.0,3.0,2.0,4.0,4.0,4.0,5.0,"广告收入,完全由政府出资",视情况而定,3.0,不知道,6个月-1年,5000元以下,,,,,,,,没想法,,,,,,,,没啥,
546,515,社区居民,31-40岁,,,,,,,,,,,,,,,,,,,,,没想法,,,,,,,,,,-,很少看到,觉得辛苦,比较支持,否,"充电消防隐患,噪音/卫生问题",物业监督,愿意,挺好的,5年以上
547,267,社区居民,31-40岁,,,,,,,,,,,,,,,,,,,,,无,,,,,,,,,,没有,经常看到,觉得辛苦,比较支持,是,充电消防隐患,"物业监督,禁止吸烟",不太愿意,不知道,1-5年
548,179,外卖骑手,25-30岁,众包,混合区域,是，偶尔用,8-12小时,手机/电瓶车充电难,"充电续航,应急庇护",社区便利店/超市内,B（综合保障型）,4.0,5.0,4.0,5.0,1.0,5.0,5.0,5.0,4.0,"广告收入,完全由政府出资",完全不愿意,3.0,看情况,不到6个月,5000-8000元,,,,,,,,不知道,,,,,,,,暂无,
549,455,社区周边商户,25-30岁,,,,,,,,,,,,,,,,,,,,,没想法,,,便利店/小超市,是，就在小区门口,很少,偶尔有,可以考虑,影响店面卫生,"水电补贴,平台流量曝光",不知道,,,,,,,,无,
550,695,社区周边商户,18-24岁,,,,,,,,,,,,,,,,,,,,,1,,,药店/诊所,是，在100米内,很少,经常有,可以考虑,安全责任问题,平台流量曝光,看情况,,,,,,,,不知道,
551,564,社区居民,18-24岁,,,,,,,,,,,,,,,,,,,,,无意见,,,,,,,,,,1,经常看到,影响美观,比较支持,否,"充电消防隐患,噪音/卫生问题","禁止吸烟,物业监督",不太愿意,不知道,1-5年
554,294,外卖骑手,25-30岁,众包,商业区/写字楼为主,是，偶尔用,4-8小时,"饮水不便,找不到合适地方休息","充电续航,应急庇护",小区出入口/门卫室附近,B（综合保障型）,4.0,4.0,4.0,3.0,1.0,4.0,4.0,3.0,3.0,"由外卖平台承担,完全由政府出资",愿意支付,1.0,1,6个月-1年,12000元以上,,,,,,,,没有,,,,,,,,没啥,
555,429,外卖骑手,25-30岁,众包,商业区/写字楼为主,是，偶尔用,8-12小时,饮水不便,"充足的电瓶车停车位,应急庇护",社区便利店/超市内,B（综合保障型）,4.0,3.0,5.0,4.0,1.0,4.0,3.0,3.0,4.0,"完全由政府出资,由外卖平台承担",愿意支付,5.0,1,3年以上,5000-8000元,,,,,,,,跳过,,,,,,,,1,
556,189,外卖骑手,25-30岁,众包,商业区/写字楼为主,是，偶尔用,8-12小时,找不到合适地方休息,"充足的电瓶车停车位,便利服务",社区便利店/超市内,A（高频便利型）,4.0,2.0,3.0,3.0,4.0,3.0,3.0,4.0,3.0,"广告收入,完全由政府出资",完全不愿意,5.0,-,6个月-1年,5000元以下,,,,,,,,没想法,,,,,,,,没,
557,673,社区周边商户,25-30岁,,,,,,,,,,,,,,,,,,,,,-,,,其他服务店,是，在100米内,很少,经常有,非常愿意,"影响店面卫生,安全责任问题",平台流量曝光,还行,,,,,,,,没啥,
559,303,外卖骑手,41岁及以上,众包,商业区/写字楼为主,是，偶尔用,8-12小时,"找不到合适地方休息,上厕所不便","充足的电瓶车停车位,充电续航",社区便利店/超市内,B（综合保障型）,4.0,4.0,4.0,4.0,1.0,4.0,4.0,3.0,4.0,"广告收入,完全由政府出资",不太愿意,3.0,还行,6个月-1年,5000-8000元,,,,,,,,跳过,,,,,,,,没,
560,480,社区周边商户,41岁及以上,,,,,,,,,,,,,,,,,,,,,-,,,餐饮店,是，就在小区门口,偶尔来,偶尔有,非常愿意,"影响店面卫生,安全责任问题","水电补贴,平台流量曝光",没有,,,,,,,,-,
19,802,社区居民,25-30岁,,,,,,,,,,,,,,,,,,,,,暂无,,,,,,,,,,1,偶尔看到,影响美观,比较支持,否,"充电消防隐患,噪音/卫生问题",物业监督,愿意,1,1-5年
229,310,社区居民,18-24岁,,,,,,,,,,,,,,,,,,,,,暂无,,,,,,,,,,没,经常看到,影响美观,比较支持,是,"噪音/卫生问题,充电消防隐患",物业监督,愿意,无意见,5年以上
154,315,社区居民,41岁及以上,,,,,,,,,,,,,,,,,,,,,跳过,,,,,,,,,,没想法,经常看到,觉得辛苦,中立,是,噪音/卫生问题,"禁止吸烟,物业监督",不太愿意,没,1-5年
89,60,社区居民,31-40岁,,,,,,,,,,,,,,,,,,,,,-,,,,,,,,,,没想法,偶尔看到,影响美观,不太支持,是,"噪音/卫生问题,充电消防隐患","禁止吸烟,物业监督",无所谓,没遇到,少于1年
12,874,社区居民,25-30岁,,,,,,,,,,,,,,,,,,,,,没,,,,,,,,,,1,偶尔看到,不希望聚集,比较支持,是,"噪音/卫生问题,充电消防隐患","禁止吸烟,物业监督",无所谓,同意,5年以上
233,383,社区居民,25-30岁,,,,,,,,,,,,,,,,,,,,,1,,,,,,,,,,无意见,很少看到,没感觉,非常支持,是,充电消防隐患,物业监督,无所谓,没有,少于1年
238,353,社区居民,25-30岁,,,,,,,,,,,,,,,,,,,,,跳过,,,,,,,,,,。,偶尔看到,影响美观,比较支持,否,"充电消防隐患,噪音/卫生问题","禁止吸烟,物业监督",愿意,暂无,5年以上
14,50,社区居民,41岁及以上,,,,,,,,,,,,,,,,,,,,,暂无,,,,,,,,,,没想法,很少看到,没感觉,比较支持,是,"充电消防隐患,噪音/卫生问题","禁止吸烟,物业监督",无所谓,无,1-5年
359,448,社区居民,41岁及以上,,,,,,,,,,,,,,,,,,,,,无意见,,,,,,,,,,1,很少看到,没感觉,中立,否,"充电消防隐患,噪音/卫生问题",物业监督,无所谓,同意,1-5年
532,452,社区居民,31-40岁,,,,,,,,,,,,,,,,,,,,,无意见,,,,,,,,,,。,偶尔看到,觉得辛苦,不太支持,是,"噪音/卫生问题,充电消防隐患",禁止吸烟,不太愿意,没有,5年以上
152,1009,社区居民,31-40岁,,,,,,,,,,,,,,,,,,,,,跳过,,,,,,,,,,没,很少看到,没感觉,非常支持,否,"噪音/卫生问题,充电消防隐患",禁止吸烟,无所谓,还行,少于1年
17,841,社区居民,18-24岁,,,,,,,,,,,,,,,,,,,,,跳过,,,,,,,,,,-,很少看到,没感觉,中立,否,"充电消防隐患,噪音/卫生问题",物业监督,愿意,无,5年以上
165,145,社区居民,18-24岁,,,,,,,,,,,,,,,,,,,,,没想法,,,,,,,,,,。,很少看到,觉得辛苦,非常支持,是,噪音/卫生问题,物业监督,不太愿意,。,1-5年
375,167,社区居民,25-30岁,,,,,,,,,,,,,,,,,,,,,无意见,,,,,,,,,,没有,很少看到,没感觉,不太支持,否,"噪音/卫生问题,充电消防隐患","物业监督,禁止吸烟",无所谓,1,1-5年
319,216,社区居民,31-40岁,,,,,,,,,,,,,,,,,,,,,。,,,,,,,,,,无意见,经常看到,没感觉,比较支持,否,充电消防隐患,禁止吸烟,无所谓,支持,少于1年
273,106,社区居民,41岁及以上,,,,,,,,,,,,,,,,,,,,,没,,,,,,,,,,没有,经常看到,没感觉,非常支持,否,"噪音/卫生问题,充电消防隐患",物业监督,不太愿意,-,少于1年
250,212,社区居民,41岁及以上,,,,,,,,,,,,,,,,,,,,,。,,,,,,,,,,-,偶尔看到,影响美观,非常支持,是,充电消防隐患,"禁止吸烟,物业监督",愿意,没遇到,1-5年
18,286,社区居民,18-24岁,,,,,,,,,,,,,,,,,,,,,没想法,,,,,,,,,,。,偶尔看到,觉得辛苦,非常支持,是,充电消防隐患,"禁止吸烟,物业监督",愿意,无,1-5年
149,341,社区居民,31-40岁,,,,,,,,,,,,,,,,,,,,,无,,,,,,,,,,无,偶尔看到,影响美观,比较支持,是,噪音/卫生问题,物业监督,无所谓,-,5年以上
416,464,社区居民,18-24岁,,,,,,,,,,,,,,,,,,,,,1,,,,,,,,,,。,偶尔看到,觉得辛苦,比较支持,是,"充电消防隐患,噪音/卫生问题","物业监督,禁止吸烟",无所谓,没想法,5年以上
345,473,社区居民,25-30岁,,,,,,,,,,,,,,,,,,,,,。,,,,,,,,,,没,经常看到,没感觉,非常支持,是,噪音/卫生问题,禁止吸烟,无所谓,没想法,5年以上
291,477,社区居民,18-24岁,,,,,,,,,,,,,,,,,,,,,-,,,,,,,,,,没,很少看到,觉得辛苦,非常支持,是,充电消防隐患,"物业监督,禁止吸烟",愿意,没想法,少于1年
221,299,社区居民,25-30岁,,,,,,,,,,,,,,,,,,,,,没啥,,,,,,,,,,无意见,偶尔看到,不希望聚集,非常支持,是,"充电消防隐患,噪音/卫生问题",禁止吸烟,愿意,同意,1-5年
500,412,社区居民,25-30岁,,,,,,,,,,,,,,,,,,,,,没啥,,,,,,,,,,没想法,经常看到,没感觉,非常支持,是,"噪音/卫生问题,充电消防隐患","物业监督,禁止吸烟",不太愿意,无,少于1年
119,309,社区居民,31-40岁,,,,,,,,,,,,,,,,,,,,,-,,,,,,,,,,-,很少看到,不希望聚集,比较支持,是,充电消防隐患,禁止吸烟,无所谓,可以的,1-5年
499,403,社区居民,41岁及以上,,,,,,,,,,,,,,,,,,,,,没想法,,,,,,,,,,无意见,经常看到,影响美观,不太支持,否,噪音/卫生问题,"禁止吸烟,物业监督",无所谓,挺好的,5年以上
54,281,社区居民,18-24岁,,,,,,,,,,,,,,,,,,,,,没想法,,,,,,,,,,1,经常看到,不希望聚集,不太支持,是,"充电消防隐患,噪音/卫生问题","禁止吸烟,物业监督",愿意,不知道,1-5年
