ID,答题时间,Q1_身份,Q2_年龄段,Q3_配送类型,Q4_配送区域类型,Q5_是否用过驿站,Q6_跑单时长,Q7_最不便方面_多选,Q8_驿站重要功能_多选,Q9_驿站选址偏好,Q10_方案取舍,Q11_效率恢复_量表,Q12_安全缓冲_量表,Q13_价值感知_量表,Q14_寻找难易_量表,Q15_注意力测试_量表,Q16_使用流程_量表,Q17_习惯难度_量表,Q18_使用可能_量表,Q19_推荐意愿_量表,Q20_运营费用承担_多选,Q21_付费意愿,Q22_广告接受度_量表,Q23_运营顾虑_开放,Q24_从业时间,Q25_月收入,Q26_商户店铺类型,Q27_商户店址位置,Q28_骑手客源占比,Q29_目前骑手停留情况,Q30_参与合作意向,Q31_合作顾虑点_多选,Q32_激励方式偏好_多选,Q33_商户具体想法_开放,Q34_居民见骑手频率,Q35_对骑手露宿态度,Q36_对驿站总体态度,Q37_50米内距离敏感度,Q38_居民主要担忧_多选,Q39_驿站管理原则_多选,Q40_参与讨论意愿,Q41_居民建议建议_开放,Q42_社区居住时长
1,369,社区居民,18-24岁,,,,,,,,,,,,,,,,,,,,,,,,,,,,,,,,经常看到,不希望聚集,比较支持,是,充电消防隐患,"物业监督,禁止吸烟",无所谓,,少于1年
2,365,社区周边商户,18-24岁,,,,,,,,,,,,,,,,,,,,,,,,药店/诊所,是，在100米内,很少,偶尔有,非常愿意,安全责任问题,水电补贴,,,,,,,,,,
3,580,外卖骑手,25-30岁,众包,住宅区/社区为主,是，经常用,8-12小时,"上厕所不便,手机/电瓶车充电难","便利服务,基础休憩",社区便利店/超市内,B（综合保障型）,4.0,4.0,5.0,5.0,5.0,5.0,4.0,4.0,5.0,"完全由政府出资,广告收入",不太愿意,1.0,,3年以上,5000-8000元,,,,,,,,,,,,,,,,,
4,208,外卖骑手,18-24岁,众包,住宅区/社区为主,是，偶尔用,少于4小时,"找不到合适地方休息,饮水不便,手机/电瓶车充电难","应急庇护,基础休憩",闲置核酸亭/集装箱改造,A（高频便利型）,4.0,3.0,4.0,4.0,1.0,4.0,4.0,3.0,4.0,"完全由政府出资,广告收入",不太愿意,5.0,,不到6个月,5000元以下,,,,,,,,,,,,,,,,,
5,596,外卖骑手,25-30岁,专送,住宅区/社区为主,知道，但从没用过,8-12小时,手机/电瓶车充电难,"基础休憩,应急庇护",社区便利店/超市内,C（弹性流动型）,4.0,5.0,5.0,5.0,1.0,5.0,5.0,4.0,4.0,"由外卖平台承担,向骑手收取少量费用",视情况而定,1.0,,6个月-1年,12000元以上,,,,,,,,,,,,,,,,,
6,196,外卖骑手,25-30岁,众包,商业区/写字楼为主,是，经常用,8-12小时,"上厕所不便,饮水不便","便利服务,基础休憩",小区出入口/门卫室附近,A（高频便利型）,3.0,3.0,3.0,3.0,3.0,3.0,3.0,3.0,3.0,"由外卖平台承担,完全由政府出资",愿意支付,4.0,,1-3年,5000-8000元,,,,,,,,,,,,,,,,,
7,936,社区周边商户,31-40岁,,,,,,,,,,,,,,,,,,,,,,,,药店/诊所,是，在100米内,是，经常来,经常有,可以考虑,影响店面卫生,"平台流量曝光,水电补贴",,,,,,,,,,
8,429,外卖骑手,18-24岁,众包,混合区域,知道，但从没用过,超过12小时,上厕所不便,"便利服务,基础休憩",社区便利店/超市内,A（高频便利型）,2.0,3.0,4.0,4.0,1.0,5.0,4.0,4.0,4.0,"由外卖平台承担,广告收入",愿意支付,3.0,,1-3年,8000-12000元,,,,,,,,,,,,,,,,,
9,361,社区周边商户,25-30岁,,,,,,,,,,,,,,,,,,,,,,,,其他服务店,否,是，经常来,经常有,非常愿意,"安全责任问题,影响店面卫生","水电补贴,平台流量曝光",,,,,,,,,,
10,794,社区居民,18-24岁,,,,,,,,,,,,,,,,,,,,,,,,,,,,,,,,很少看到,不希望聚集,非常支持,否,噪音/卫生问题,物业监督,愿意,,少于1年
11,927,外卖骑手,18-24岁,众包,商业区/写字楼为主,知道，但从没用过,少于4小时,"身体疲劳无处缓解,饮水不便,手机/电瓶车充电难","应急庇护,便利服务",小区出入口/门卫室附近,A（高频便利型）,3.0,4.0,3.0,3.0,1.0,4.0,4.0,3.0,4.0,"由外卖平台承担,向骑手收取少量费用",不太愿意,4.0,,不到6个月,5000元以下,,,,,,,,,,,,,,,,,
12,819,社区居民,25-30岁,,,,,,,,,,,,,,,,,,,,,,,,,,,,,,,,偶尔看到,不希望聚集,比较支持,是,"噪音/卫生问题,充电消防隐患","禁止吸烟,物业监督",无所谓,,5年以上
13,160,外卖骑手,41岁及以上,众包,商业区/写字楼为主,是，偶尔用,4-8小时,"饮水不便,找不到合适地方休息","便利服务,充电续航",社区便利店/超市内,B（综合保障型）,4.0,4.0,4.0,4.0,4.0,4.0,4.0,4.0,4.0,"向骑手收取少量费用,由外卖平台承担",完全不愿意,5.0,,6个月-1年,5000元以下,,,,,,,,,,,,,,,,,
14,63,社区居民,41岁及以上,,,,,,,,,,,,,,,,,,,,,,,,,,,,,,,,很少看到,没感觉,比较支持,是,"充电消防隐患,噪音/卫生问题","禁止吸烟,物业监督",无所谓,,1-5年
15,369,外卖骑手,18-24岁,众包,混合区域,是，偶尔用,4-8小时,"上厕所不便,找不到合适地方休息,饮水不便","应急庇护,基础休憩",闲置核酸亭/集装箱改造,A（高频便利型）,3.0,3.0,3.0,3.0,1.0,3.0,3.0,2.0,3.0,"由外卖平台承担,向骑手收取少量费用",完全不愿意,2.0,,不到6个月,5000-8000元,,,,,,,,,,,,,,,,,
16,207,外卖骑手,25-30岁,专送,混合区域,知道，但从没用过,4-8小时,"饮水不便,身体疲劳无处缓解,找不到合适地方休息","基础休憩,应急庇护",小区出入口/门卫室附近,A（高频便利型）,4.0,4.0,5.0,4.0,1.0,4.0,5.0,4.0,4.0,"由外卖平台承担,广告收入",视情况而定,4.0,,6个月-1年,5000-8000元,,,,,,,,,,,,,,,,,
17,167,社区居民,18-24岁,,,,,,,,,,,,,,,,,,,,,,,,,,,,,,,,很少看到,没感觉,中立,否,"充电消防隐患,噪音/卫生问题",物业监督,愿意,,5年以上
18,133,社区居民,18-24岁,,,,,,,,,,,,,,,,,,,,,,,,,,,,,,,,偶尔看到,觉得辛苦,非常支持,是,充电消防隐患,"禁止吸烟,物业监督",愿意,,1-5年
19,402,社区居民,25-30岁,,,,,,,,,,,,,,,,,,,,,,,,,,,,,,,,偶尔看到,影响美观,比较支持,否,"充电消防隐患,噪音/卫生问题",物业监督,愿意,,1-5年
20,323,外卖骑手,18-24岁,众包,商业区/写字楼为主,完全不知道,少于4小时,"找不到合适地方休息,身体疲劳无处缓解,饮水不便","充足的电瓶车停车位,便利服务",社区便利店/超市内,A（高频便利型）,3.0,4.0,4.0,3.0,1.0,3.0,4.0,4.0,4.0,"向骑手收取少量费用,广告收入",愿意支付,2.0,,不到6个月,5000元以下,,,,,,,,,,,,,,,,,
21,172,社区居民,31-40岁,,,,,,,,,,,,,,,,,,,,,,,,,,,,,,,,很少看到,没感觉,中立,否,"充电消防隐患,噪音/卫生问题","物业监督,禁止吸烟",无所谓,,少于1年
22,952,外卖骑手,18-24岁,众包,商业区/写字楼为主,是，经常用,超过12小时,"手机/电瓶车充电难,找不到合适地方休息","应急庇护,充电续航",社区便利店/超市内,A（高频便利型）,3.0,2.0,3.0,3.0,1.0,3.0,2.0,3.0,2.0,"广告收入,完全由政府出资",视情况而定,4.0,,不到6个月,8000-12000元,,,,,,,,,,,,,,,,,
23,449,外卖骑手,18-24岁,专送,住宅区/社区为主,知道，但从没用过,8-12小时,"饮水不便,找不到合适地方休息","应急庇护,基础休憩",社区便利店/超市内,A（高频便利型）,3.0,4.0,4.0,3.0,1.0,3.0,4.0,4.0,3.0,"广告收入,向骑手收取少量费用",完全不愿意,3.0,,不到6个月,8000-12000元,,,,,,,,,,,,,,,,,
24,353,外卖骑手,18-24岁,众包,住宅区/社区为主,完全不知道,4-8小时,找不到合适地方休息,"充电续航,充足的电瓶车停车位",小区出入口/门卫室附近,A（高频便利型）,3.0,3.0,3.0,4.0,1.0,4.0,4.0,4.0,3.0,"完全由政府出资,向骑手收取少量费用",不太愿意,4.0,,1-3年,5000-8000元,,,,,,,,,,,,,,,,,
25,393,外卖骑手,18-24岁,众包,混合区域,知道，但从没用过,8-12小时,身体疲劳无处缓解,"便利服务,应急庇护",社区便利店/超市内,B（综合保障型）,4.0,5.0,4.0,4.0,1.0,4.0,4.0,4.0,4.0,"由外卖平台承担,完全由政府出资",愿意支付,4.0,,6个月-1年,8000-12000元,,,,,,,,,,,,,,,,,
26,286,社区周边商户,25-30岁,,,,,,,,,,,,,,,,,,,,,,,,便利店/小超市,否,很少,经常有,非常愿意,"影响店面卫生,安全责任问题",平台流量曝光,,,,,,,,,,
28,559,社区周边商户,41岁及以上,,,,,,,,,,,,,,,,,,,,,,,,便利店/小超市,是，在100米内,很少,从未有过,非常愿意,"影响店面卫生,安全责任问题",水电补贴,,,,,,,,,,
30,904,社区居民,18-24岁,,,,,,,,,,,,,,,,,,,,,,,,,,,,,,,,偶尔看到,不希望聚集,不太支持,是,"噪音/卫生问题,充电消防隐患","物业监督,禁止吸烟",无所谓,,少于1年
31,292,外卖骑手,41岁及以上,专送,商业区/写字楼为主,是，偶尔用,超过12小时,"身体疲劳无处缓解,找不到合适地方休息","充电续航,基础休憩",社区党群服务中心,A（高频便利型）,5.0,5.0,5.0,5.0,4.0,5.0,5.0,5.0,5.0,"向骑手收取少量费用,完全由政府出资",愿意支付,2.0,,不到6个月,8000-12000元,,,,,,,,,,,,,,,,,
32,184,外卖骑手,41岁及以上,专送,住宅区/社区为主,是，偶尔用,8-12小时,"找不到合适地方休息,手机/电瓶车充电难,饮水不便","应急庇护,便利服务",闲置核酸亭/集装箱改造,A（高频便利型）,4.0,4.0,3.0,5.0,1.0,4.0,5.0,5.0,4.0,"完全由政府出资,由外卖平台承担",不太愿意,4.0,,不到6个月,12000元以上,,,,,,,,,,,,,,,,,
33,163,外卖骑手,41岁及以上,专送,混合区域,是，经常用,超过12小时,上厕所不便,"便利服务,充电续航",社区便利店/超市内,A（高频便利型）,3.0,3.0,3.0,3.0,4.0,2.0,2.0,3.0,3.0,"完全由政府出资,向骑手收取少量费用",愿意支付,5.0,,6个月-1年,8000-12000元,,,,,,,,,,,,,,,,,
34,226,社区居民,18-24岁,,,,,,,,,,,,,,,,,,,,,,,,,,,,,,,,很少看到,不希望聚集,中立,是,噪音/卫生问题,禁止吸烟,无所谓,,1-5年
35,101,外卖骑手,31-40岁,专送,商业区/写字楼为主,是，经常用,4-8小时,"上厕所不便,饮水不便","便利服务,应急庇护",社区党群服务中心,C（弹性流动型）,4.0,3.0,3.0,4.0,1.0,4.0,4.0,4.0,4.0,"广告收入,完全由政府出资",愿意支付,5.0,,6个月-1年,5000元以下,,,,,,,,,,,,,,,,,
36,193,外卖骑手,25-30岁,专送,混合区域,完全不知道,4-8小时,"找不到合适地方休息,身体疲劳无处缓解","充电续航,应急庇护",社区便利店/超市内,A（高频便利型）,3.0,4.0,4.0,3.0,1.0,3.0,4.0,4.0,3.0,"由外卖平台承担,向骑手收取少量费用",不太愿意,3.0,,不到6个月,5000-8000元,,,,,,,,,,,,,,,,,
37,263,外卖骑手,18-24岁,众包,商业区/写字楼为主,是，经常用,4-8小时,"上厕所不便,饮水不便","便利服务,基础休憩",社区党群服务中心,B（综合保障型）,4.0,5.0,4.0,5.0,1.0,5.0,5.0,5.0,4.0,"由外卖平台承担,广告收入",视情况而定,4.0,,不到6个月,12000元以上,,,,,,,,,,,,,,,,,
38,66,外卖骑手,41岁及以上,众包,商业区/写字楼为主,是，偶尔用,8-12小时,"找不到合适地方休息,饮水不便,手机/电瓶车充电难","充电续航,应急庇护",小区出入口/门卫室附近,B（综合保障型）,4.0,4.0,4.0,5.0,1.0,5.0,5.0,5.0,5.0,"完全由政府出资,由外卖平台承担",愿意支付,1.0,,不到6个月,5000-8000元,,,,,,,,,,,,,,,,,
39,375,外卖骑手,25-30岁,众包,混合区域,是，经常用,4-8小时,"手机/电瓶车充电难,身体疲劳无处缓解,饮水不便","基础休憩,应急庇护",社区便利店/超市内,A（高频便利型）,3.0,3.0,4.0,3.0,1.0,3.0,4.0,3.0,3.0,"完全由政府出资,向骑手收取少量费用",不太愿意,1.0,,1-3年,5000-8000元,,,,,,,,,,,,,,,,,
40,116,社区居民,25-30岁,,,,,,,,,,,,,,,,,,,,,,,,,,,,,,,,很少看到,不希望聚集,中立,是,"充电消防隐患,噪音/卫生问题","物业监督,禁止吸烟",无所谓,,5年以上
41,1576,外卖骑手,25-30岁,众包,住宅区/社区为主,知道，但从没用过,8-12小时,"手机/电瓶车充电难,身体疲劳无处缓解,饮水不便","应急庇护,充足的电瓶车停车位",闲置核酸亭/集装箱改造,B（综合保障型）,5.0,5.0,5.0,5.0,5.0,5.0,5.0,5.0,5.0,"向骑手收取少量费用,广告收入",不太愿意,3.0,,1-3年,8000-12000元,,,,,,,,,,,,,,,,,
42,1336,外卖骑手,25-30岁,众包,商业区/写字楼为主,知道，但从没用过,少于4小时,"上厕所不便,手机/电瓶车充电难","基础休憩,应急庇护",闲置核酸亭/集装箱改造,B（综合保障型）,3.0,3.0,3.0,4.0,1.0,4.0,4.0,3.0,3.0,"广告收入,由外卖平台承担",愿意支付,3.0,,不到6个月,5000元以下,,,,,,,,,,,,,,,,,
43,410,外卖骑手,18-24岁,众包,住宅区/社区为主,是，偶尔用,超过12小时,"饮水不便,找不到合适地方休息,上厕所不便","应急庇护,充足的电瓶车停车位",社区便利店/超市内,A（高频便利型）,4.0,4.0,4.0,5.0,1.0,4.0,4.0,4.0,4.0,"由外卖平台承担,向骑手收取少量费用",视情况而定,4.0,,1-3年,12000元以上,,,,,,,,,,,,,,,,,
44,620,外卖骑手,18-24岁,众包,住宅区/社区为主,完全不知道,8-12小时,"饮水不便,身体疲劳无处缓解,找不到合适地方休息","基础休憩,充足的电瓶车停车位",社区便利店/超市内,A（高频便利型）,4.0,4.0,4.0,4.0,2.0,4.0,4.0,4.0,4.0,"向骑手收取少量费用,广告收入",视情况而定,3.0,,6个月-1年,8000-12000元,,,,,,,,,,,,,,,,,
45,262,社区周边商户,31-40岁,,,,,,,,,,,,,,,,,,,,,,,,药店/诊所,是，在100米内,是，经常来,经常有,非常愿意,"安全责任问题,影响店面卫生","平台流量曝光,水电补贴",,,,,,,,,,
46,609,社区周边商户,25-30岁,,,,,,,,,,,,,,,,,,,,,,,,其他服务店,否,是，经常来,很少有,可以考虑,安全责任问题,"水电补贴,平台流量曝光",,,,,,,,,,
47,396,社区居民,25-30岁,,,,,,,,,,,,,,,,,,,,,,,,,,,,,,,,很少看到,觉得辛苦,中立,是,充电消防隐患,物业监督,无所谓,,少于1年
48,400,社区周边商户,18-24岁,,,,,,,,,,,,,,,,,,,,,,,,餐饮店,是，在100米内,是，经常来,很少有,可以考虑,"影响店面卫生,安全责任问题","平台流量曝光,水电补贴",,,,,,,,,,
49,395,外卖骑手,25-30岁,众包,混合区域,是，偶尔用,8-12小时,"上厕所不便,手机/电瓶车充电难","充足的电瓶车停车位,充电续航",社区便利店/超市内,A（高频便利型）,4.0,5.0,4.0,4.0,1.0,4.0,4.0,5.0,5.0,"完全由政府出资,由外卖平台承担",完全不愿意,2.0,,1-3年,8000-12000元,,,,,,,,,,,,,,,,,
50,376,外卖骑手,25-30岁,专送,商业区/写字楼为主,是，经常用,超过12小时,"手机/电瓶车充电难,找不到合适地方休息,饮水不便","充足的电瓶车停车位,充电续航",社区便利店/超市内,B（综合保障型）,5.0,5.0,5.0,5.0,1.0,4.0,5.0,5.0,4.0,"完全由政府出资,向骑手收取少量费用",不太愿意,1.0,,3年以上,8000-12000元,,,,,,,,,,,,,,,,,
51,199,社区周边商户,41岁及以上,,,,,,,,,,,,,,,,,,,,,,,,便利店/小超市,是，就在小区门口,偶尔来,经常有,可以考虑,"影响店面卫生,安全责任问题",水电补贴,,,,,,,,,,
52,253,社区周边商户,31-40岁,,,,,,,,,,,,,,,,,,,,,,,,便利店/小超市,是，就在小区门口,是，经常来,经常有,不愿意,影响店面卫生,"水电补贴,平台流量曝光",,,,,,,,,,
54,370,社区居民,18-24岁,,,,,,,,,,,,,,,,,,,,,,,,,,,,,,,,经常看到,不希望聚集,不太支持,是,"充电消防隐患,噪音/卫生问题","禁止吸烟,物业监督",愿意,,1-5年
55,263,社区居民,25-30岁,,,,,,,,,,,,,,,,,,,,,,,,,,,,,,,,经常看到,影响美观,非常支持,是,充电消防隐患,物业监督,愿意,,5年以上
56,159,社区居民,25-30岁,,,,,,,,,,,,,,,,,,,,,,,,,,,,,,,,经常看到,不希望聚集,不太支持,否,"充电消防隐患,噪音/卫生问题","禁止吸烟,物业监督",无所谓,,1-5年
57,140,外卖骑手,25-30岁,众包,商业区/写字楼为主,是，经常用,少于4小时,饮水不便,"充足的电瓶车停车位,充电续航",小区出入口/门卫室附近,A（高频便利型）,4.0,4.0,4.0,3.0,4.0,4.0,4.0,4.0,3.0,"广告收入,由外卖平台承担",完全不愿意,1.0,,6个月-1年,8000-12000元,,,,,,,,,,,,,,,,,
58,401,外卖骑手,18-24岁,专送,商业区/写字楼为主,是，偶尔用,8-12小时,"身体疲劳无处缓解,手机/电瓶车充电难,饮水不便","应急庇护,充电续航",小区出入口/门卫室附近,B（综合保障型）,3.0,4.0,4.0,3.0,1.0,4.0,3.0,4.0,3.0,"向骑手收取少量费用,由外卖平台承担",视情况而定,3.0,,6个月-1年,8000-12000元,,,,,,,,,,,,,,,,,
59,361,外卖骑手,18-24岁,众包,混合区域,是，偶尔用,8-12小时,"手机/电瓶车充电难,身体疲劳无处缓解,上厕所不便","应急庇护,充电续航",社区便利店/超市内,B（综合保障型）,3.0,3.0,2.0,3.0,1.0,2.0,2.0,3.0,2.0,"完全由政府出资,由外卖平台承担",视情况而定,1.0,,6个月-1年,5000-8000元,,,,,,,,,,,,,,,,,
60,288,社区周边商户,41岁及以上,,,,,,,,,,,,,,,,,,,,,,,,餐饮店,是，在100米内,很少,从未有过,可以考虑,"安全责任问题,影响店面卫生","水电补贴,平台流量曝光",,,,,,,,,,
61,1455,外卖骑手,31-40岁,众包,住宅区/社区为主,是，偶尔用,8-12小时,饮水不便,"基础休憩,充足的电瓶车停车位",社区便利店/超市内,C（弹性流动型）,4.0,5.0,4.0,5.0,1.0,5.0,5.0,5.0,5.0,"向骑手收取少量费用,由外卖平台承担",完全不愿意,1.0,,6个月-1年,12000元以上,,,,,,,,,,,,,,,,,
62,238,社区居民,25-30岁,,,,,,,,,,,,,,,,,,,,,,,,,,,,,,,,很少看到,没感觉,非常支持,否,充电消防隐患,"禁止吸烟,物业监督",愿意,,1-5年
63,354,外卖骑手,25-30岁,众包,住宅区/社区为主,知道，但从没用过,4-8小时,上厕所不便,"基础休憩,充电续航",小区出入口/门卫室附近,A（高频便利型）,4.0,4.0,4.0,4.0,1.0,5.0,5.0,4.0,3.0,"向骑手收取少量费用,广告收入",不太愿意,2.0,,1-3年,8000-12000元,,,,,,,,,,,,,,,,,
64,1173,外卖骑手,18-24岁,专送,住宅区/社区为主,是，经常用,少于4小时,"饮水不便,手机/电瓶车充电难","便利服务,应急庇护",社区便利店/超市内,A（高频便利型）,4.0,4.0,4.0,3.0,1.0,3.0,4.0,3.0,3.0,"由外卖平台承担,完全由政府出资",不太愿意,4.0,,不到6个月,5000-8000元,,,,,,,,,,,,,,,,,
65,157,外卖骑手,25-30岁,众包,商业区/写字楼为主,是，偶尔用,8-12小时,"身体疲劳无处缓解,上厕所不便","充电续航,便利服务",小区出入口/门卫室附近,A（高频便利型）,4.0,4.0,4.0,4.0,1.0,5.0,5.0,4.0,5.0,"由外卖平台承担,向骑手收取少量费用",完全不愿意,1.0,,6个月-1年,5000-8000元,,,,,,,,,,,,,,,,,
66,338,外卖骑手,25-30岁,专送,混合区域,知道，但从没用过,4-8小时,饮水不便,"充足的电瓶车停车位,便利服务",闲置核酸亭/集装箱改造,A（高频便利型）,3.0,2.0,3.0,3.0,1.0,2.0,4.0,3.0,3.0,"广告收入,由外卖平台承担",愿意支付,3.0,,6个月-1年,5000元以下,,,,,,,,,,,,,,,,,
67,495,社区周边商户,31-40岁,,,,,,,,,,,,,,,,,,,,,,,,药店/诊所,是，就在小区门口,偶尔来,很少有,可以考虑,"影响店面卫生,安全责任问题","平台流量曝光,水电补贴",,,,,,,,,,
68,443,社区居民,18-24岁,,,,,,,,,,,,,,,,,,,,,,,,,,,,,,,,很少看到,觉得辛苦,比较支持,是,充电消防隐患,"禁止吸烟,物业监督",不太愿意,,5年以上
69,408,外卖骑手,31-40岁,众包,混合区域,知道，但从没用过,8-12小时,"饮水不便,身体疲劳无处缓解","应急庇护,充电续航",社区便利店/超市内,B（综合保障型）,5.0,4.0,4.0,5.0,3.0,5.0,5.0,3.0,3.0,"广告收入,由外卖平台承担",视情况而定,5.0,,不到6个月,5000元以下,,,,,,,,,,,,,,,,,
70,732,社区居民,25-30岁,,,,,,,,,,,,,,,,,,,,,,,,,,,,,,,,经常看到,没感觉,非常支持,否,充电消防隐患,禁止吸烟,无所谓,,5年以上
71,474,外卖骑手,25-30岁,众包,商业区/写字楼为主,是，经常用,4-8小时,"手机/电瓶车充电难,找不到合适地方休息","充电续航,充足的电瓶车停车位",闲置核酸亭/集装箱改造,A（高频便利型）,4.0,4.0,4.0,4.0,2.0,3.0,4.0,3.0,5.0,"由外卖平台承担,广告收入",完全不愿意,1.0,,1-3年,12000元以上,,,,,,,,,,,,,,,,,
72,666,社区居民,25-30岁,,,,,,,,,,,,,,,,,,,,,,,,,,,,,,,,经常看到,没感觉,非常支持,是,充电消防隐患,禁止吸烟,愿意,,少于1年
73,296,社区居民,41岁及以上,,,,,,,,,,,,,,,,,,,,,,,,,,,,,,,,经常看到,影响美观,不太支持,否,充电消防隐患,"禁止吸烟,物业监督",不太愿意,,5年以上
74,369,社区周边商户,25-30岁,,,,,,,,,,,,,,,,,,,,,,,,药店/诊所,是，在100米内,是，经常来,很少有,不愿意,影响店面卫生,水电补贴,,,,,,,,,,
75,227,外卖骑手,25-30岁,众包,混合区域,是，偶尔用,4-8小时,"身体疲劳无处缓解,上厕所不便","充足的电瓶车停车位,应急庇护",小区出入口/门卫室附近,B（综合保障型）,4.0,3.0,3.0,4.0,1.0,4.0,3.0,3.0,4.0,"向骑手收取少量费用,完全由政府出资",视情况而定,3.0,,6个月-1年,12000元以上,,,,,,,,,,,,,,,,,
76,617,外卖骑手,25-30岁,众包,商业区/写字楼为主,知道，但从没用过,少于4小时,饮水不便,"应急庇护,便利服务",社区便利店/超市内,A（高频便利型）,3.0,3.0,4.0,3.0,1.0,4.0,4.0,3.0,4.0,"由外卖平台承担,向骑手收取少量费用",视情况而定,3.0,,1-3年,5000-8000元,,,,,,,,,,,,,,,,,
77,1155,外卖骑手,25-30岁,众包,住宅区/社区为主,完全不知道,8-12小时,找不到合适地方休息,"便利服务,应急庇护",社区便利店/超市内,A（高频便利型）,2.0,2.0,2.0,2.0,5.0,2.0,2.0,2.0,2.0,"广告收入,完全由政府出资",视情况而定,3.0,,不到6个月,5000-8000元,,,,,,,,,,,,,,,,,
78,633,外卖骑手,41岁及以上,众包,住宅区/社区为主,是，偶尔用,4-8小时,"饮水不便,身体疲劳无处缓解,上厕所不便","充足的电瓶车停车位,便利服务",社区便利店/超市内,C（弹性流动型）,3.0,3.0,2.0,2.0,1.0,2.0,3.0,3.0,4.0,"完全由政府出资,由外卖平台承担",完全不愿意,5.0,,不到6个月,5000元以下,,,,,,,,,,,,,,,,,
79,540,外卖骑手,25-30岁,众包,混合区域,知道，但从没用过,8-12小时,"身体疲劳无处缓解,找不到合适地方休息","基础休憩,便利服务",社区便利店/超市内,A（高频便利型）,4.0,4.0,4.0,4.0,1.0,4.0,4.0,3.0,4.0,"广告收入,向骑手收取少量费用",愿意支付,1.0,,不到6个月,5000-8000元,,,,,,,,,,,,,,,,,
80,501,社区周边商户,41岁及以上,,,,,,,,,,,,,,,,,,,,,,,,餐饮店,否,很少,从未有过,非常愿意,"安全责任问题,影响店面卫生","平台流量曝光,水电补贴",,,,,,,,,,
81,267,外卖骑手,25-30岁,众包,商业区/写字楼为主,知道，但从没用过,8-12小时,"上厕所不便,找不到合适地方休息,饮水不便","便利服务,充电续航",闲置核酸亭/集装箱改造,A（高频便利型）,5.0,4.0,5.0,4.0,1.0,5.0,4.0,4.0,5.0,"由外卖平台承担,向骑手收取少量费用",视情况而定,5.0,,不到6个月,12000元以上,,,,,,,,,,,,,,,,,
82,478,外卖骑手,25-30岁,众包,商业区/写字楼为主,是，经常用,8-12小时,手机/电瓶车充电难,"便利服务,应急庇护",社区便利店/超市内,B（综合保障型）,4.0,4.0,4.0,4.0,4.0,4.0,4.0,4.0,4.0,"广告收入,由外卖平台承担",不太愿意,3.0,,不到6个月,8000-12000元,,,,,,,,,,,,,,,,,
83,126,外卖骑手,25-30岁,众包,混合区域,知道，但从没用过,8-12小时,找不到合适地方休息,"充足的电瓶车停车位,应急庇护",社区便利店/超市内,A（高频便利型）,4.0,3.0,3.0,3.0,2.0,4.0,3.0,4.0,3.0,"由外卖平台承担,完全由政府出资",愿意支付,1.0,,6个月-1年,5000元以下,,,,,,,,,,,,,,,,,
84,242,社区居民,31-40岁,,,,,,,,,,,,,,,,,,,,,,,,,,,,,,,,经常看到,没感觉,中立,是,"充电消防隐患,噪音/卫生问题",禁止吸烟,不太愿意,,1-5年
85,553,外卖骑手,18-24岁,众包,混合区域,是，偶尔用,少于4小时,"饮水不便,手机/电瓶车充电难,身体疲劳无处缓解","应急庇护,充电续航",社区便利店/超市内,C（弹性流动型）,5.0,4.0,4.0,3.0,1.0,3.0,3.0,3.0,4.0,"由外卖平台承担,广告收入",完全不愿意,2.0,,1-3年,5000-8000元,,,,,,,,,,,,,,,,,
86,429,社区居民,31-40岁,,,,,,,,,,,,,,,,,,,,,,,,,,,,,,,,很少看到,没感觉,中立,是,噪音/卫生问题,禁止吸烟,不太愿意,,1-5年
87,365,社区周边商户,41岁及以上,,,,,,,,,,,,,,,,,,,,,,,,药店/诊所,否,偶尔来,从未有过,非常愿意,"影响店面卫生,安全责任问题","平台流量曝光,水电补贴",,,,,,,,,,
88,175,外卖骑手,18-24岁,众包,混合区域,完全不知道,超过12小时,"手机/电瓶车充电难,身体疲劳无处缓解","充电续航,基础休憩",小区出入口/门卫室附近,A（高频便利型）,3.0,3.0,3.0,3.0,1.0,3.0,3.0,2.0,3.0,"向骑手收取少量费用,完全由政府出资",完全不愿意,3.0,,6个月-1年,8000-12000元,,,,,,,,,,,,,,,,,
89,679,社区居民,31-40岁,,,,,,,,,,,,,,,,,,,,,,,,,,,,,,,,偶尔看到,影响美观,不太支持,是,"噪音/卫生问题,充电消防隐患","禁止吸烟,物业监督",无所谓,,少于1年
90,732,社区周边商户,31-40岁,,,,,,,,,,,,,,,,,,,,,,,,药店/诊所,是，就在小区门口,是，经常来,很少有,非常愿意,"影响店面卫生,安全责任问题",水电补贴,,,,,,,,,,
91,597,外卖骑手,25-30岁,专送,混合区域,知道，但从没用过,4-8小时,"身体疲劳无处缓解,找不到合适地方休息","应急庇护,便利服务",社区党群服务中心,A（高频便利型）,4.0,5.0,4.0,4.0,1.0,3.0,3.0,3.0,4.0,"向骑手收取少量费用,完全由政府出资",完全不愿意,3.0,,不到6个月,5000元以下,,,,,,,,,,,,,,,,,
92,471,外卖骑手,18-24岁,众包,商业区/写字楼为主,是，经常用,超过12小时,上厕所不便,"充电续航,应急庇护",闲置核酸亭/集装箱改造,A（高频便利型）,2.0,3.0,3.0,3.0,1.0,3.0,4.0,2.0,2.0,"广告收入,完全由政府出资",完全不愿意,2.0,,不到6个月,8000-12000元,,,,,,,,,,,,,,,,,
93,647,社区周边商户,31-40岁,,,,,,,,,,,,,,,,,,,,,,,,便利店/小超市,是，在100米内,偶尔来,很少有,可以考虑,"安全责任问题,影响店面卫生",平台流量曝光,,,,,,,,,,
94,674,外卖骑手,18-24岁,众包,混合区域,知道，但从没用过,超过12小时,"手机/电瓶车充电难,饮水不便","应急庇护,充电续航",社区便利店/超市内,A（高频便利型）,4.0,4.0,5.0,3.0,1.0,4.0,4.0,5.0,5.0,"完全由政府出资,由外卖平台承担",完全不愿意,3.0,,6个月-1年,8000-12000元,,,,,,,,,,,,,,,,,
95,312,外卖骑手,18-24岁,众包,住宅区/社区为主,是，偶尔用,8-12小时,手机/电瓶车充电难,"应急庇护,充足的电瓶车停车位",社区便利店/超市内,A（高频便利型）,4.0,4.0,4.0,4.0,1.0,4.0,5.0,4.0,4.0,"由外卖平台承担,广告收入",不太愿意,2.0,,不到6个月,8000-12000元,,,,,,,,,,,,,,,,,
96,194,外卖骑手,25-30岁,众包,混合区域,是，偶尔用,8-12小时,"饮水不便,身体疲劳无处缓解,找不到合适地方休息","充电续航,应急庇护",闲置核酸亭/集装箱改造,C（弹性流动型）,3.0,4.0,4.0,3.0,1.0,4.0,3.0,4.0,3.0,"完全由政府出资,由外卖平台承担",不太愿意,4.0,,不到6个月,8000-12000元,,,,,,,,,,,,,,,,,
97,234,外卖骑手,25-30岁,众包,商业区/写字楼为主,知道，但从没用过,少于4小时,"找不到合适地方休息,上厕所不便,手机/电瓶车充电难","便利服务,充电续航",闲置核酸亭/集装箱改造,A（高频便利型）,4.0,4.0,3.0,4.0,1.0,4.0,4.0,4.0,5.0,"广告收入,完全由政府出资",视情况而定,2.0,,不到6个月,5000-8000元,,,,,,,,,,,,,,,,,
98,270,社区周边商户,18-24岁,,,,,,,,,,,,,,,,,,,,,,,,其他服务店,是，就在小区门口,是，经常来,很少有,非常愿意,"影响店面卫生,安全责任问题","水电补贴,平台流量曝光",,,,,,,,,,
100,539,社区周边商户,41岁及以上,,,,,,,,,,,,,,,,,,,,,,,,便利店/小超市,否,是，经常来,偶尔有,可以考虑,"安全责任问题,影响店面卫生",平台流量曝光,,,,,,,,,,
101,567,社区居民,18-24岁,,,,,,,,,,,,,,,,,,,,,,,,,,,,,,,,偶尔看到,觉得辛苦,中立,是,噪音/卫生问题,禁止吸烟,不太愿意,,少于1年
102,743,社区居民,18-24岁,,,,,,,,,,,,,,,,,,,,,,,,,,,,,,,,经常看到,觉得辛苦,非常支持,是,"噪音/卫生问题,充电消防隐患",物业监督,无所谓,,5年以上
103,766,社区周边商户,41岁及以上,,,,,,,,,,,,,,,,,,,,,,,,便利店/小超市,是，就在小区门口,很少,从未有过,非常愿意,"安全责任问题,影响店面卫生",平台流量曝光,,,,,,,,,,
104,469,外卖骑手,25-30岁,众包,混合区域,是，偶尔用,8-12小时,身体疲劳无处缓解,"充电续航,应急庇护",社区便利店/超市内,B（综合保障型）,4.0,4.0,3.0,4.0,1.0,5.0,4.0,4.0,3.0,"广告收入,完全由政府出资",视情况而定,2.0,,不到6个月,5000-8000元,,,,,,,,,,,,,,,,,
105,413,外卖骑手,31-40岁,众包,住宅区/社区为主,是，经常用,超过12小时,"手机/电瓶车充电难,身体疲劳无处缓解","应急庇护,充足的电瓶车停车位",社区便利店/超市内,A（高频便利型）,4.0,4.0,4.0,5.0,1.0,5.0,5.0,5.0,4.0,"向骑手收取少量费用,完全由政府出资",视情况而定,2.0,,6个月-1年,12000元以上,,,,,,,,,,,,,,,,,
106,45,外卖骑手,18-24岁,众包,混合区域,完全不知道,8-12小时,"找不到合适地方休息,饮水不便,手机/电瓶车充电难","充足的电瓶车停车位,应急庇护",闲置核酸亭/集装箱改造,A（高频便利型）,3.0,4.0,4.0,4.0,5.0,4.0,4.0,5.0,5.0,"广告收入,由外卖平台承担",视情况而定,4.0,,6个月-1年,8000-12000元,,,,,,,,,,,,,,,,,
107,318,社区居民,31-40岁,,,,,,,,,,,,,,,,,,,,,,,,,,,,,,,,经常看到,觉得辛苦,中立,否,"噪音/卫生问题,充电消防隐患",物业监督,不太愿意,,1-5年
108,290,外卖骑手,31-40岁,众包,住宅区/社区为主,知道，但从没用过,8-12小时,"身体疲劳无处缓解,找不到合适地方休息,手机/电瓶车充电难","充电续航,便利服务",社区便利店/超市内,B（综合保障型）,2.0,3.0,2.0,2.0,1.0,3.0,3.0,4.0,3.0,"向骑手收取少量费用,完全由政府出资",不太愿意,2.0,,1-3年,5000-8000元,,,,,,,,,,,,,,,,,
109,793,社区周边商户,41岁及以上,,,,,,,,,,,,,,,,,,,,,,,,便利店/小超市,是，在100米内,是，经常来,偶尔有,不愿意,"安全责任问题,影响店面卫生",平台流量曝光,,,,,,,,,,
110,225,外卖骑手,31-40岁,众包,混合区域,完全不知道,8-12小时,"饮水不便,身体疲劳无处缓解","充足的电瓶车停车位,应急庇护",社区便利店/超市内,A（高频便利型）,2.0,2.0,2.0,2.0,5.0,2.0,2.0,2.0,2.0,"由外卖平台承担,广告收入",愿意支付,4.0,,1-3年,5000-8000元,,,,,,,,,,,,,,,,,
111,184,社区居民,31-40岁,,,,,,,,,,,,,,,,,,,,,,,,,,,,,,,,经常看到,没感觉,非常支持,是,"噪音/卫生问题,充电消防隐患",物业监督,不太愿意,,少于1年
112,491,外卖骑手,25-30岁,众包,商业区/写字楼为主,是，经常用,8-12小时,"手机/电瓶车充电难,身体疲劳无处缓解,上厕所不便","应急庇护,便利服务",社区便利店/超市内,B（综合保障型）,4.0,3.0,4.0,4.0,1.0,3.0,4.0,4.0,3.0,"向骑手收取少量费用,广告收入",愿意支付,4.0,,3年以上,5000-8000元,,,,,,,,,,,,,,,,,
115,216,外卖骑手,31-40岁,众包,混合区域,完全不知道,少于4小时,"找不到合适地方休息,上厕所不便,身体疲劳无处缓解","充电续航,便利服务",闲置核酸亭/集装箱改造,A（高频便利型）,2.0,2.0,2.0,2.0,4.0,2.0,2.0,2.0,2.0,"广告收入,完全由政府出资",不太愿意,1.0,,6个月-1年,5000元以下,,,,,,,,,,,,,,,,,
116,264,外卖骑手,31-40岁,众包,住宅区/社区为主,完全不知道,4-8小时,"手机/电瓶车充电难,身体疲劳无处缓解,上厕所不便","充足的电瓶车停车位,基础休憩",社区便利店/超市内,C（弹性流动型）,3.0,3.0,4.0,5.0,2.0,4.0,4.0,4.0,4.0,"完全由政府出资,由外卖平台承担",视情况而定,1.0,,不到6个月,5000元以下,,,,,,,,,,,,,,,,,
117,72,社区居民,25-30岁,,,,,,,,,,,,,,,,,,,,,,,,,,,,,,,,偶尔看到,没感觉,非常支持,否,噪音/卫生问题,物业监督,不太愿意,,5年以上
118,316,社区居民,41岁及以上,,,,,,,,,,,,,,,,,,,,,,,,,,,,,,,,偶尔看到,没感觉,中立,否,"充电消防隐患,噪音/卫生问题","物业监督,禁止吸烟",不太愿意,,少于1年
119,429,社区居民,31-40岁,,,,,,,,,,,,,,,,,,,,,,,,,,,,,,,,很少看到,不希望聚集,比较支持,是,充电消防隐患,禁止吸烟,无所谓,,1-5年
120,808,外卖骑手,25-30岁,专送,住宅区/社区为主,完全不知道,4-8小时,"找不到合适地方休息,身体疲劳无处缓解,饮水不便","应急庇护,充电续航",社区便利店/超市内,A（高频便利型）,4.0,4.0,5.0,4.0,1.0,4.0,5.0,4.0,4.0,"广告收入,向骑手收取少量费用",愿意支付,1.0,,不到6个月,5000-8000元,,,,,,,,,,,,,,,,,
121,927,外卖骑手,25-30岁,专送,住宅区/社区为主,是，经常用,4-8小时,"找不到合适地方休息,饮水不便,身体疲劳无处缓解","便利服务,应急庇护",社区便利店/超市内,A（高频便利型）,4.0,5.0,3.0,4.0,1.0,4.0,4.0,4.0,4.0,"向骑手收取少量费用,由外卖平台承担",愿意支付,4.0,,不到6个月,5000-8000元,,,,,,,,,,,,,,,,,
122,233,外卖骑手,31-40岁,众包,商业区/写字楼为主,是，经常用,少于4小时,手机/电瓶车充电难,"充电续航,应急庇护",社区便利店/超市内,A（高频便利型）,3.0,3.0,3.0,3.0,1.0,3.0,3.0,3.0,4.0,"完全由政府出资,广告收入",完全不愿意,2.0,,1-3年,5000元以下,,,,,,,,,,,,,,,,,
123,262,外卖骑手,25-30岁,众包,住宅区/社区为主,知道，但从没用过,超过12小时,"身体疲劳无处缓解,找不到合适地方休息,饮水不便","充电续航,基础休憩",小区出入口/门卫室附近,A（高频便利型）,4.0,4.0,4.0,4.0,5.0,4.0,4.0,4.0,4.0,"完全由政府出资,由外卖平台承担",完全不愿意,5.0,,3年以上,5000元以下,,,,,,,,,,,,,,,,,
124,427,外卖骑手,18-24岁,专送,住宅区/社区为主,完全不知道,4-8小时,身体疲劳无处缓解,"充电续航,应急庇护",小区出入口/门卫室附近,A（高频便利型）,4.0,4.0,4.0,3.0,1.0,4.0,4.0,4.0,3.0,"向骑手收取少量费用,广告收入",完全不愿意,4.0,,6个月-1年,8000-12000元,,,,,,,,,,,,,,,,,
125,193,外卖骑手,25-30岁,专送,商业区/写字楼为主,完全不知道,少于4小时,找不到合适地方休息,"基础休憩,应急庇护",小区出入口/门卫室附近,A（高频便利型）,4.0,5.0,4.0,4.0,4.0,4.0,4.0,4.0,4.0,"由外卖平台承担,向骑手收取少量费用",视情况而定,5.0,,6个月-1年,8000-12000元,,,,,,,,,,,,,,,,,
126,289,外卖骑手,25-30岁,众包,住宅区/社区为主,是，偶尔用,超过12小时,手机/电瓶车充电难,"应急庇护,便利服务",社区便利店/超市内,A（高频便利型）,4.0,3.0,3.0,3.0,4.0,3.0,3.0,3.0,4.0,"完全由政府出资,向骑手收取少量费用",不太愿意,5.0,,6个月-1年,5000元以下,,,,,,,,,,,,,,,,,
127,394,外卖骑手,25-30岁,专送,商业区/写字楼为主,是，经常用,超过12小时,"手机/电瓶车充电难,饮水不便","便利服务,充足的电瓶车停车位",社区便利店/超市内,A（高频便利型）,3.0,3.0,3.0,3.0,3.0,3.0,3.0,3.0,3.0,"由外卖平台承担,广告收入",完全不愿意,5.0,,不到6个月,8000-12000元,,,,,,,,,,,,,,,,,
128,383,社区居民,25-30岁,,,,,,,,,,,,,,,,,,,,,,,,,,,,,,,,偶尔看到,影响美观,比较支持,否,"噪音/卫生问题,充电消防隐患",禁止吸烟,不太愿意,,少于1年
129,176,外卖骑手,25-30岁,众包,住宅区/社区为主,完全不知道,8-12小时,找不到合适地方休息,"基础休憩,应急庇护",社区便利店/超市内,B（综合保障型）,4.0,3.0,4.0,5.0,1.0,4.0,4.0,4.0,4.0,"向骑手收取少量费用,广告收入",愿意支付,1.0,,6个月-1年,8000-12000元,,,,,,,,,,,,,,,,,
130,485,外卖骑手,18-24岁,众包,商业区/写字楼为主,是，经常用,8-12小时,身体疲劳无处缓解,"基础休憩,充足的电瓶车停车位",小区出入口/门卫室附近,A（高频便利型）,4.0,4.0,4.0,4.0,1.0,4.0,5.0,5.0,4.0,"完全由政府出资,广告收入",视情况而定,3.0,,6个月-1年,8000-12000元,,,,,,,,,,,,,,,,,
131,259,外卖骑手,41岁及以上,专送,商业区/写字楼为主,是，偶尔用,少于4小时,"找不到合适地方休息,身体疲劳无处缓解,饮水不便","便利服务,基础休憩",小区出入口/门卫室附近,A（高频便利型）,4.0,4.0,5.0,3.0,1.0,4.0,5.0,3.0,4.0,"广告收入,向骑手收取少量费用",完全不愿意,5.0,,不到6个月,5000-8000元,,,,,,,,,,,,,,,,,
132,665,外卖骑手,18-24岁,众包,混合区域,是，经常用,4-8小时,手机/电瓶车充电难,"便利服务,充电续航",社区便利店/超市内,A（高频便利型）,3.0,4.0,3.0,3.0,5.0,3.0,2.0,3.0,3.0,"向骑手收取少量费用,完全由政府出资",完全不愿意,5.0,,不到6个月,5000元以下,,,,,,,,,,,,,,,,,
133,331,外卖骑手,41岁及以上,众包,混合区域,完全不知道,超过12小时,饮水不便,"充足的电瓶车停车位,便利服务",社区便利店/超市内,A（高频便利型）,4.0,4.0,4.0,4.0,2.0,4.0,4.0,4.0,5.0,"向骑手收取少量费用,广告收入",不太愿意,5.0,,不到6个月,8000-12000元,,,,,,,,,,,,,,,,,
135,302,社区居民,18-24岁,,,,,,,,,,,,,,,,,,,,,,,,,,,,,,,,经常看到,不希望聚集,非常支持,否,"充电消防隐患,噪音/卫生问题","禁止吸烟,物业监督",愿意,,少于1年
136,402,社区居民,25-30岁,,,,,,,,,,,,,,,,,,,,,,,,,,,,,,,,经常看到,影响美观,不太支持,是,噪音/卫生问题,物业监督,无所谓,,1-5年
137,186,社区周边商户,18-24岁,,,,,,,,,,,,,,,,,,,,,,,,药店/诊所,是，在100米内,偶尔来,从未有过,可以考虑,影响店面卫生,"水电补贴,平台流量曝光",,,,,,,,,,
138,363,外卖骑手,18-24岁,众包,混合区域,是，偶尔用,少于4小时,"身体疲劳无处缓解,饮水不便","充足的电瓶车停车位,充电续航",社区便利店/超市内,A（高频便利型）,4.0,4.0,4.0,4.0,2.0,5.0,4.0,3.0,4.0,"广告收入,由外卖平台承担",不太愿意,2.0,,6个月-1年,8000-12000元,,,,,,,,,,,,,,,,,
139,547,外卖骑手,31-40岁,众包,混合区域,是，经常用,4-8小时,"饮水不便,手机/电瓶车充电难,找不到合适地方休息","充电续航,便利服务",社区便利店/超市内,B（综合保障型）,5.0,5.0,5.0,5.0,1.0,5.0,5.0,4.0,4.0,"广告收入,完全由政府出资",不太愿意,1.0,,6个月-1年,12000元以上,,,,,,,,,,,,,,,,,
140,519,外卖骑手,25-30岁,众包,混合区域,知道，但从没用过,超过12小时,"找不到合适地方休息,手机/电瓶车充电难,上厕所不便","充足的电瓶车停车位,充电续航",社区便利店/超市内,A（高频便利型）,4.0,4.0,3.0,3.0,1.0,4.0,4.0,3.0,3.0,"完全由政府出资,由外卖平台承担",完全不愿意,2.0,,1-3年,5000-8000元,,,,,,,,,,,,,,,,,
141,926,外卖骑手,25-30岁,众包,商业区/写字楼为主,知道，但从没用过,8-12小时,"上厕所不便,找不到合适地方休息","基础休憩,充足的电瓶车停车位",社区便利店/超市内,A（高频便利型）,4.0,4.0,4.0,4.0,1.0,4.0,4.0,3.0,4.0,"由外卖平台承担,完全由政府出资",视情况而定,3.0,,1-3年,5000-8000元,,,,,,,,,,,,,,,,,
142,233,社区周边商户,25-30岁,,,,,,,,,,,,,,,,,,,,,,,,便利店/小超市,是，就在小区门口,很少,偶尔有,可以考虑,影响店面卫生,"水电补贴,平台流量曝光",,,,,,,,,,
143,708,社区周边商户,41岁及以上,,,,,,,,,,,,,,,,,,,,,,,,餐饮店,否,偶尔来,偶尔有,非常愿意,"安全责任问题,影响店面卫生",水电补贴,,,,,,,,,,
144,342,外卖骑手,25-30岁,众包,住宅区/社区为主,是，经常用,8-12小时,手机/电瓶车充电难,"便利服务,充足的电瓶车停车位",社区便利店/超市内,A（高频便利型）,3.0,3.0,4.0,2.0,1.0,3.0,3.0,3.0,3.0,"由外卖平台承担,广告收入",完全不愿意,2.0,,6个月-1年,5000-8000元,,,,,,,,,,,,,,,,,
145,666,社区周边商户,41岁及以上,,,,,,,,,,,,,,,,,,,,,,,,药店/诊所,是，在100米内,很少,偶尔有,非常愿意,影响店面卫生,水电补贴,,,,,,,,,,
146,318,外卖骑手,41岁及以上,众包,住宅区/社区为主,完全不知道,4-8小时,手机/电瓶车充电难,"应急庇护,充足的电瓶车停车位",社区便利店/超市内,A（高频便利型）,4.0,4.0,4.0,4.0,1.0,4.0,5.0,3.0,4.0,"由外卖平台承担,向骑手收取少量费用",完全不愿意,4.0,,不到6个月,5000元以下,,,,,,,,,,,,,,,,,
147,662,社区周边商户,31-40岁,,,,,,,,,,,,,,,,,,,,,,,,餐饮店,否,是，经常来,偶尔有,不愿意,影响店面卫生,水电补贴,,,,,,,,,,
148,268,社区居民,25-30岁,,,,,,,,,,,,,,,,,,,,,,,,,,,,,,,,偶尔看到,影响美观,不太支持,否,"噪音/卫生问题,充电消防隐患",禁止吸烟,无所谓,,1-5年
149,670,社区居民,31-40岁,,,,,,,,,,,,,,,,,,,,,,,,,,,,,,,,偶尔看到,影响美观,比较支持,是,噪音/卫生问题,物业监督,无所谓,,5年以上
150,267,外卖骑手,41岁及以上,众包,住宅区/社区为主,完全不知道,8-12小时,"上厕所不便,身体疲劳无处缓解,找不到合适地方休息","基础休憩,便利服务",社区便利店/超市内,B（综合保障型）,3.0,4.0,4.0,4.0,1.0,4.0,4.0,3.0,4.0,"由外卖平台承担,向骑手收取少量费用",完全不愿意,4.0,,不到6个月,12000元以上,,,,,,,,,,,,,,,,,
151,680,社区周边商户,18-24岁,,,,,,,,,,,,,,,,,,,,,,,,餐饮店,是，就在小区门口,是，经常来,从未有过,非常愿意,"安全责任问题,影响店面卫生",平台流量曝光,,,,,,,,,,
152,451,社区居民,31-40岁,,,,,,,,,,,,,,,,,,,,,,,,,,,,,,,,很少看到,没感觉,非常支持,否,"噪音/卫生问题,充电消防隐患",禁止吸烟,无所谓,,少于1年
153,348,外卖骑手,31-40岁,众包,住宅区/社区为主,完全不知道,超过12小时,手机/电瓶车充电难,"应急庇护,充足的电瓶车停车位",小区出入口/门卫室附近,B（综合保障型）,5.0,5.0,5.0,5.0,4.0,5.0,5.0,5.0,5.0,"向骑手收取少量费用,广告收入",完全不愿意,5.0,,不到6个月,12000元以上,,,,,,,,,,,,,,,,,
154,503,社区居民,41岁及以上,,,,,,,,,,,,,,,,,,,,,,,,,,,,,,,,经常看到,觉得辛苦,中立,是,噪音/卫生问题,"禁止吸烟,物业监督",不太愿意,,1-5年
155,413,外卖骑手,25-30岁,众包,住宅区/社区为主,是，经常用,超过12小时,"身体疲劳无处缓解,饮水不便","充电续航,便利服务",社区便利店/超市内,A（高频便利型）,3.0,3.0,3.0,4.0,1.0,3.0,4.0,3.0,4.0,"广告收入,向骑手收取少量费用",完全不愿意,3.0,,不到6个月,5000元以下,,,,,,,,,,,,,,,,,
156,387,外卖骑手,25-30岁,众包,住宅区/社区为主,知道，但从没用过,超过12小时,找不到合适地方休息,"应急庇护,便利服务",社区便利店/超市内,C（弹性流动型）,4.0,4.0,4.0,4.0,5.0,4.0,4.0,4.0,4.0,"向骑手收取少量费用,完全由政府出资",视情况而定,1.0,,不到6个月,8000-12000元,,,,,,,,,,,,,,,,,
157,380,社区居民,18-24岁,,,,,,,,,,,,,,,,,,,,,,,,,,,,,,,,经常看到,没感觉,比较支持,是,"噪音/卫生问题,充电消防隐患","禁止吸烟,物业监督",愿意,,5年以上
158,185,社区居民,31-40岁,,,,,,,,,,,,,,,,,,,,,,,,,,,,,,,,很少看到,没感觉,不太支持,是,"噪音/卫生问题,充电消防隐患","禁止吸烟,物业监督",无所谓,,少于1年
159,249,外卖骑手,41岁及以上,众包,商业区/写字楼为主,是，偶尔用,超过12小时,"手机/电瓶车充电难,身体疲劳无处缓解,饮水不便","基础休憩,应急庇护",社区便利店/超市内,A（高频便利型）,4.0,4.0,4.0,4.0,1.0,4.0,4.0,4.0,3.0,"完全由政府出资,由外卖平台承担",不太愿意,3.0,,6个月-1年,5000-8000元,,,,,,,,,,,,,,,,,
160,197,外卖骑手,31-40岁,众包,住宅区/社区为主,知道，但从没用过,超过12小时,饮水不便,"便利服务,充电续航",社区便利店/超市内,A（高频便利型）,5.0,5.0,4.0,5.0,1.0,5.0,4.0,4.0,4.0,"由外卖平台承担,完全由政府出资",视情况而定,3.0,,6个月-1年,8000-12000元,,,,,,,,,,,,,,,,,
161,186,外卖骑手,18-24岁,专送,混合区域,完全不知道,超过12小时,"找不到合适地方休息,手机/电瓶车充电难","充足的电瓶车停车位,便利服务",小区出入口/门卫室附近,A（高频便利型）,4.0,3.0,4.0,4.0,3.0,4.0,4.0,3.0,4.0,"由外卖平台承担,完全由政府出资",完全不愿意,1.0,,不到6个月,5000元以下,,,,,,,,,,,,,,,,,
162,359,社区周边商户,31-40岁,,,,,,,,,,,,,,,,,,,,,,,,便利店/小超市,否,偶尔来,从未有过,不愿意,"安全责任问题,影响店面卫生","水电补贴,平台流量曝光",,,,,,,,,,
163,572,社区居民,41岁及以上,,,,,,,,,,,,,,,,,,,,,,,,,,,,,,,,很少看到,没感觉,中立,是,充电消防隐患,"物业监督,禁止吸烟",无所谓,,5年以上
164,734,社区周边商户,18-24岁,,,,,,,,,,,,,,,,,,,,,,,,药店/诊所,否,很少,从未有过,可以考虑,"影响店面卫生,安全责任问题",平台流量曝光,,,,,,,,,,
165,297,社区居民,18-24岁,,,,,,,,,,,,,,,,,,,,,,,,,,,,,,,,很少看到,觉得辛苦,非常支持,是,噪音/卫生问题,物业监督,不太愿意,,1-5年
166,518,社区居民,41岁及以上,,,,,,,,,,,,,,,,,,,,,,,,,,,,,,,,经常看到,觉得辛苦,非常支持,否,"充电消防隐患,噪音/卫生问题","禁止吸烟,物业监督",无所谓,,1-5年
167,207,外卖骑手,25-30岁,众包,住宅区/社区为主,知道，但从没用过,8-12小时,"身体疲劳无处缓解,找不到合适地方休息,上厕所不便","便利服务,充足的电瓶车停车位",社区便利店/超市内,A（高频便利型）,4.0,3.0,4.0,3.0,1.0,3.0,3.0,3.0,4.0,"完全由政府出资,向骑手收取少量费用",视情况而定,4.0,,1-3年,12000元以上,,,,,,,,,,,,,,,,,
168,156,外卖骑手,25-30岁,专送,混合区域,是，经常用,超过12小时,身体疲劳无处缓解,"充电续航,基础休憩",社区便利店/超市内,A（高频便利型）,5.0,5.0,5.0,5.0,5.0,4.0,5.0,5.0,4.0,"由外卖平台承担,完全由政府出资",愿意支付,2.0,,不到6个月,12000元以上,,,,,,,,,,,,,,,,,
169,998,外卖骑手,25-30岁,众包,混合区域,完全不知道,超过12小时,"饮水不便,身体疲劳无处缓解","充电续航,基础休憩",社区便利店/超市内,A（高频便利型）,3.0,4.0,4.0,2.0,2.0,3.0,4.0,4.0,4.0,"由外卖平台承担,向骑手收取少量费用",完全不愿意,3.0,,不到6个月,5000元以下,,,,,,,,,,,,,,,,,
170,516,外卖骑手,18-24岁,众包,住宅区/社区为主,知道，但从没用过,超过12小时,"上厕所不便,手机/电瓶车充电难","充足的电瓶车停车位,便利服务",小区出入口/门卫室附近,A（高频便利型）,4.0,5.0,4.0,4.0,2.0,5.0,5.0,4.0,3.0,"由外卖平台承担,向骑手收取少量费用",完全不愿意,5.0,,不到6个月,5000元以下,,,,,,,,,,,,,,,,,
171,369,外卖骑手,41岁及以上,众包,住宅区/社区为主,知道，但从没用过,4-8小时,"上厕所不便,身体疲劳无处缓解","便利服务,基础休憩",社区便利店/超市内,A（高频便利型）,4.0,4.0,3.0,4.0,1.0,4.0,5.0,5.0,5.0,"完全由政府出资,广告收入",愿意支付,5.0,,6个月-1年,8000-12000元,,,,,,,,,,,,,,,,,
173,360,社区周边商户,18-24岁,,,,,,,,,,,,,,,,,,,,,,,,药店/诊所,是，就在小区门口,是，经常来,很少有,可以考虑,影响店面卫生,水电补贴,,,,,,,,,,
174,606,社区周边商户,25-30岁,,,,,,,,,,,,,,,,,,,,,,,,药店/诊所,是，就在小区门口,很少,很少有,不愿意,"安全责任问题,影响店面卫生","水电补贴,平台流量曝光",,,,,,,,,,
175,320,外卖骑手,31-40岁,众包,混合区域,完全不知道,少于4小时,"手机/电瓶车充电难,上厕所不便","基础休憩,充电续航",社区便利店/超市内,A（高频便利型）,4.0,4.0,4.0,4.0,1.0,3.0,4.0,3.0,4.0,"向骑手收取少量费用,广告收入",完全不愿意,5.0,,3年以上,5000元以下,,,,,,,,,,,,,,,,,
176,154,社区周边商户,41岁及以上,,,,,,,,,,,,,,,,,,,,,,,,餐饮店,是，就在小区门口,偶尔来,从未有过,非常愿意,安全责任问题,"水电补贴,平台流量曝光",,,,,,,,,,
177,226,外卖骑手,25-30岁,众包,商业区/写字楼为主,完全不知道,8-12小时,"找不到合适地方休息,身体疲劳无处缓解,饮水不便","应急庇护,基础休憩",社区党群服务中心,B（综合保障型）,4.0,4.0,5.0,5.0,1.0,5.0,5.0,5.0,5.0,"完全由政府出资,广告收入",愿意支付,3.0,,1-3年,8000-12000元,,,,,,,,,,,,,,,,,
178,545,外卖骑手,25-30岁,专送,商业区/写字楼为主,是，经常用,超过12小时,"找不到合适地方休息,手机/电瓶车充电难,身体疲劳无处缓解","充足的电瓶车停车位,基础休憩",闲置核酸亭/集装箱改造,B（综合保障型）,2.0,2.0,2.0,2.0,1.0,3.0,2.0,3.0,2.0,"完全由政府出资,广告收入",不太愿意,3.0,,3年以上,5000-8000元,,,,,,,,,,,,,,,,,
179,275,社区居民,25-30岁,,,,,,,,,,,,,,,,,,,,,,,,,,,,,,,,经常看到,没感觉,比较支持,否,"充电消防隐患,噪音/卫生问题",物业监督,愿意,,少于1年
180,200,外卖骑手,31-40岁,专送,住宅区/社区为主,完全不知道,4-8小时,"上厕所不便,找不到合适地方休息,身体疲劳无处缓解","充电续航,便利服务",社区便利店/超市内,B（综合保障型）,4.0,4.0,5.0,5.0,1.0,4.0,5.0,4.0,4.0,"向骑手收取少量费用,由外卖平台承担",完全不愿意,3.0,,1-3年,5000元以下,,,,,,,,,,,,,,,,,
181,258,社区居民,31-40岁,,,,,,,,,,,,,,,,,,,,,,,,,,,,,,,,经常看到,影响美观,比较支持,是,"噪音/卫生问题,充电消防隐患",物业监督,无所谓,,1-5年
182,246,外卖骑手,31-40岁,专送,商业区/写字楼为主,知道，但从没用过,8-12小时,身体疲劳无处缓解,"基础休憩,应急庇护",社区便利店/超市内,A（高频便利型）,5.0,4.0,4.0,5.0,1.0,5.0,5.0,3.0,4.0,"完全由政府出资,由外卖平台承担",愿意支付,2.0,,不到6个月,8000-12000元,,,,,,,,,,,,,,,,,
183,565,社区周边商户,31-40岁,,,,,,,,,,,,,,,,,,,,,,,,其他服务店,是，在100米内,是，经常来,经常有,可以考虑,安全责任问题,"平台流量曝光,水电补贴",,,,,,,,,,
184,474,社区周边商户,18-24岁,,,,,,,,,,,,,,,,,,,,,,,,其他服务店,是，在100米内,偶尔来,经常有,不愿意,"安全责任问题,影响店面卫生","平台流量曝光,水电补贴",,,,,,,,,,
185,302,外卖骑手,18-24岁,专送,商业区/写字楼为主,是，经常用,4-8小时,"饮水不便,上厕所不便","充足的电瓶车停车位,基础休憩",社区便利店/超市内,B（综合保障型）,4.0,5.0,5.0,5.0,1.0,5.0,4.0,5.0,4.0,"向骑手收取少量费用,完全由政府出资",不太愿意,1.0,,1-3年,5000-8000元,,,,,,,,,,,,,,,,,
186,192,社区周边商户,31-40岁,,,,,,,,,,,,,,,,,,,,,,,,餐饮店,否,偶尔来,很少有,不愿意,安全责任问题,水电补贴,,,,,,,,,,
188,239,社区周边商户,25-30岁,,,,,,,,,,,,,,,,,,,,,,,,餐饮店,是，在100米内,很少,很少有,不愿意,影响店面卫生,"水电补贴,平台流量曝光",,,,,,,,,,
189,605,外卖骑手,41岁及以上,众包,商业区/写字楼为主,是，经常用,少于4小时,饮水不便,"应急庇护,便利服务",社区便利店/超市内,A（高频便利型）,3.0,3.0,3.0,3.0,4.0,3.0,3.0,3.0,3.0,"向骑手收取少量费用,广告收入",不太愿意,2.0,,1-3年,12000元以上,,,,,,,,,,,,,,,,,
190,367,社区居民,25-30岁,,,,,,,,,,,,,,,,,,,,,,,,,,,,,,,,很少看到,没感觉,不太支持,是,"充电消防隐患,噪音/卫生问题",禁止吸烟,不太愿意,,少于1年
191,228,外卖骑手,18-24岁,众包,混合区域,是，偶尔用,4-8小时,"身体疲劳无处缓解,上厕所不便,饮水不便","便利服务,充足的电瓶车停车位",社区便利店/超市内,A（高频便利型）,3.0,3.0,4.0,4.0,1.0,3.0,3.0,3.0,3.0,"由外卖平台承担,广告收入",愿意支付,3.0,,不到6个月,12000元以上,,,,,,,,,,,,,,,,,
192,442,外卖骑手,18-24岁,众包,住宅区/社区为主,知道，但从没用过,超过12小时,手机/电瓶车充电难,"充电续航,基础休憩",小区出入口/门卫室附近,C（弹性流动型）,5.0,4.0,4.0,5.0,1.0,5.0,4.0,5.0,5.0,"向骑手收取少量费用,广告收入",不太愿意,5.0,,不到6个月,8000-12000元,,,,,,,,,,,,,,,,,
193,440,外卖骑手,18-24岁,众包,住宅区/社区为主,完全不知道,4-8小时,"身体疲劳无处缓解,上厕所不便","应急庇护,充电续航",小区出入口/门卫室附近,A（高频便利型）,4.0,4.0,4.0,3.0,1.0,3.0,4.0,3.0,4.0,"完全由政府出资,向骑手收取少量费用",视情况而定,4.0,,不到6个月,5000元以下,,,,,,,,,,,,,,,,,
194,592,社区居民,41岁及以上,,,,,,,,,,,,,,,,,,,,,,,,,,,,,,,,偶尔看到,没感觉,中立,否,"充电消防隐患,噪音/卫生问题",禁止吸烟,不太愿意,,1-5年
195,69,社区周边商户,25-30岁,,,,,,,,,,,,,,,,,,,,,,,,便利店/小超市,否,偶尔来,经常有,可以考虑,"安全责任问题,影响店面卫生",平台流量曝光,,,,,,,,,,
196,304,外卖骑手,41岁及以上,专送,住宅区/社区为主,知道，但从没用过,少于4小时,"找不到合适地方休息,饮水不便,身体疲劳无处缓解","充足的电瓶车停车位,基础休憩",闲置核酸亭/集装箱改造,A（高频便利型）,4.0,4.0,4.0,4.0,3.0,4.0,4.0,3.0,4.0,"向骑手收取少量费用,完全由政府出资",不太愿意,5.0,,3年以上,5000-8000元,,,,,,,,,,,,,,,,,
197,111,社区周边商户,31-40岁,,,,,,,,,,,,,,,,,,,,,,,,其他服务店,是，就在小区门口,很少,偶尔有,非常愿意,"影响店面卫生,安全责任问题",平台流量曝光,,,,,,,,,,
198,112,外卖骑手,41岁及以上,众包,混合区域,是，经常用,8-12小时,"找不到合适地方休息,饮水不便,身体疲劳无处缓解","应急庇护,充电续航",社区便利店/超市内,A（高频便利型）,4.0,4.0,4.0,4.0,2.0,4.0,4.0,4.0,4.0,"向骑手收取少量费用,广告收入",愿意支付,1.0,,6个月-1年,5000元以下,,,,,,,,,,,,,,,,,
199,349,社区居民,25-30岁,,,,,,,,,,,,,,,,,,,,,,,,,,,,,,,,经常看到,没感觉,比较支持,是,"充电消防隐患,噪音/卫生问题","物业监督,禁止吸烟",不太愿意,,5年以上
200,224,社区居民,31-40岁,,,,,,,,,,,,,,,,,,,,,,,,,,,,,,,,经常看到,影响美观,中立,是,充电消防隐患,"物业监督,禁止吸烟",愿意,,5年以上
201,118,外卖骑手,18-24岁,专送,住宅区/社区为主,知道，但从没用过,8-12小时,身体疲劳无处缓解,"基础休憩,充足的电瓶车停车位",社区便利店/超市内,C（弹性流动型）,5.0,5.0,5.0,5.0,2.0,5.0,5.0,5.0,5.0,"完全由政府出资,广告收入",完全不愿意,4.0,,6个月-1年,5000元以下,,,,,,,,,,,,,,,,,
202,922,社区周边商户,25-30岁,,,,,,,,,,,,,,,,,,,,,,,,药店/诊所,否,是，经常来,从未有过,可以考虑,"安全责任问题,影响店面卫生","平台流量曝光,水电补贴",,,,,,,,,,
203,274,外卖骑手,18-24岁,众包,混合区域,是，经常用,8-12小时,"找不到合适地方休息,身体疲劳无处缓解,手机/电瓶车充电难","便利服务,充足的电瓶车停车位",小区出入口/门卫室附近,A（高频便利型）,4.0,3.0,3.0,3.0,1.0,3.0,3.0,4.0,4.0,"由外卖平台承担,广告收入",完全不愿意,3.0,,不到6个月,5000-8000元,,,,,,,,,,,,,,,,,
204,257,社区周边商户,18-24岁,,,,,,,,,,,,,,,,,,,,,,,,其他服务店,否,偶尔来,经常有,不愿意,安全责任问题,平台流量曝光,,,,,,,,,,
205,643,外卖骑手,31-40岁,专送,商业区/写字楼为主,知道，但从没用过,4-8小时,"手机/电瓶车充电难,找不到合适地方休息","便利服务,应急庇护",闲置核酸亭/集装箱改造,A（高频便利型）,3.0,3.0,3.0,3.0,1.0,3.0,4.0,3.0,4.0,"广告收入,向骑手收取少量费用",愿意支付,4.0,,6个月-1年,5000元以下,,,,,,,,,,,,,,,,,
206,334,社区周边商户,25-30岁,,,,,,,,,,,,,,,,,,,,,,,,其他服务店,是，在100米内,很少,经常有,非常愿意,影响店面卫生,水电补贴,,,,,,,,,,
207,102,社区周边商户,25-30岁,,,,,,,,,,,,,,,,,,,,,,,,药店/诊所,是，在100米内,偶尔来,从未有过,非常愿意,影响店面卫生,水电补贴,,,,,,,,,,
208,290,社区居民,25-30岁,,,,,,,,,,,,,,,,,,,,,,,,,,,,,,,,偶尔看到,觉得辛苦,比较支持,否,充电消防隐患,"禁止吸烟,物业监督",无所谓,,少于1年
209,267,外卖骑手,18-24岁,众包,住宅区/社区为主,是，偶尔用,4-8小时,饮水不便,"应急庇护,充电续航",社区便利店/超市内,A（高频便利型）,4.0,3.0,4.0,4.0,1.0,4.0,4.0,4.0,4.0,"广告收入,完全由政府出资",不太愿意,5.0,,1-3年,12000元以上,,,,,,,,,,,,,,,,,
210,289,外卖骑手,18-24岁,专送,商业区/写字楼为主,知道，但从没用过,8-12小时,上厕所不便,"便利服务,应急庇护",闲置核酸亭/集装箱改造,B（综合保障型）,3.0,2.0,1.0,3.0,5.0,3.0,3.0,2.0,3.0,"向骑手收取少量费用,完全由政府出资",不太愿意,3.0,,3年以上,5000元以下,,,,,,,,,,,,,,,,,
211,177,外卖骑手,25-30岁,专送,混合区域,知道，但从没用过,超过12小时,饮水不便,"便利服务,基础休憩",社区便利店/超市内,A（高频便利型）,4.0,4.0,4.0,3.0,1.0,3.0,5.0,3.0,4.0,"广告收入,向骑手收取少量费用",视情况而定,3.0,,不到6个月,5000-8000元,,,,,,,,,,,,,,,,,
212,427,外卖骑手,18-24岁,众包,住宅区/社区为主,是，偶尔用,少于4小时,"饮水不便,手机/电瓶车充电难,上厕所不便","充足的电瓶车停车位,便利服务",社区便利店/超市内,A（高频便利型）,4.0,5.0,4.0,4.0,1.0,4.0,4.0,5.0,5.0,"广告收入,完全由政府出资",愿意支付,4.0,,不到6个月,8000-12000元,,,,,,,,,,,,,,,,,
213,335,社区周边商户,25-30岁,,,,,,,,,,,,,,,,,,,,,,,,便利店/小超市,是，就在小区门口,很少,从未有过,可以考虑,安全责任问题,水电补贴,,,,,,,,,,
214,1303,外卖骑手,25-30岁,众包,住宅区/社区为主,知道，但从没用过,8-12小时,"找不到合适地方休息,手机/电瓶车充电难","便利服务,基础休憩",闲置核酸亭/集装箱改造,A（高频便利型）,3.0,3.0,2.0,4.0,2.0,3.0,4.0,4.0,3.0,"广告收入,向骑手收取少量费用",完全不愿意,3.0,,不到6个月,5000元以下,,,,,,,,,,,,,,,,,
215,331,社区周边商户,18-24岁,,,,,,,,,,,,,,,,,,,,,,,,便利店/小超市,否,是，经常来,从未有过,非常愿意,"安全责任问题,影响店面卫生",平台流量曝光,,,,,,,,,,
216,223,外卖骑手,25-30岁,专送,混合区域,完全不知道,超过12小时,"手机/电瓶车充电难,上厕所不便","基础休憩,充足的电瓶车停车位",社区便利店/超市内,C（弹性流动型）,3.0,3.0,3.0,3.0,1.0,3.0,3.0,3.0,2.0,"完全由政府出资,向骑手收取少量费用",视情况而定,3.0,,6个月-1年,5000-8000元,,,,,,,,,,,,,,,,,
217,878,外卖骑手,25-30岁,专送,商业区/写字楼为主,是，经常用,4-8小时,"饮水不便,身体疲劳无处缓解","应急庇护,便利服务",小区出入口/门卫室附近,C（弹性流动型）,4.0,3.0,4.0,3.0,1.0,4.0,4.0,3.0,3.0,"由外卖平台承担,广告收入",愿意支付,1.0,,1-3年,12000元以上,,,,,,,,,,,,,,,,,
218,410,外卖骑手,18-24岁,众包,商业区/写字楼为主,是，经常用,超过12小时,"饮水不便,手机/电瓶车充电难,身体疲劳无处缓解","便利服务,应急庇护",社区便利店/超市内,A（高频便利型）,2.0,3.0,2.0,2.0,1.0,3.0,2.0,2.0,2.0,"向骑手收取少量费用,由外卖平台承担",完全不愿意,3.0,,6个月-1年,5000-8000元,,,,,,,,,,,,,,,,,
219,387,外卖骑手,25-30岁,众包,商业区/写字楼为主,是，偶尔用,4-8小时,找不到合适地方休息,"基础休憩,充电续航",闲置核酸亭/集装箱改造,A（高频便利型）,4.0,5.0,4.0,4.0,1.0,4.0,4.0,3.0,3.0,"广告收入,向骑手收取少量费用",完全不愿意,4.0,,1-3年,5000元以下,,,,,,,,,,,,,,,,,
220,273,外卖骑手,31-40岁,众包,商业区/写字楼为主,是，偶尔用,4-8小时,"身体疲劳无处缓解,饮水不便,找不到合适地方休息","便利服务,基础休憩",社区便利店/超市内,A（高频便利型）,4.0,4.0,3.0,3.0,1.0,3.0,3.0,3.0,3.0,"向骑手收取少量费用,广告收入",完全不愿意,2.0,,3年以上,8000-12000元,,,,,,,,,,,,,,,,,
221,157,社区居民,25-30岁,,,,,,,,,,,,,,,,,,,,,,,,,,,,,,,,偶尔看到,不希望聚集,非常支持,是,"充电消防隐患,噪音/卫生问题",禁止吸烟,愿意,,1-5年
223,547,社区周边商户,18-24岁,,,,,,,,,,,,,,,,,,,,,,,,其他服务店,是，就在小区门口,是，经常来,很少有,非常愿意,安全责任问题,"水电补贴,平台流量曝光",,,,,,,,,,
224,277,社区居民,25-30岁,,,,,,,,,,,,,,,,,,,,,,,,,,,,,,,,很少看到,觉得辛苦,不太支持,否,"噪音/卫生问题,充电消防隐患","禁止吸烟,物业监督",不太愿意,,5年以上
225,240,外卖骑手,25-30岁,专送,混合区域,是，偶尔用,8-12小时,身体疲劳无处缓解,"充电续航,基础休憩",闲置核酸亭/集装箱改造,A（高频便利型）,4.0,4.0,5.0,3.0,1.0,4.0,4.0,4.0,5.0,"完全由政府出资,由外卖平台承担",不太愿意,2.0,,不到6个月,12000元以上,,,,,,,,,,,,,,,,,
226,307,外卖骑手,31-40岁,众包,住宅区/社区为主,完全不知道,超过12小时,"饮水不便,手机/电瓶车充电难","充电续航,充足的电瓶车停车位",社区便利店/超市内,B（综合保障型）,3.0,2.0,3.0,4.0,3.0,3.0,3.0,4.0,3.0,"由外卖平台承担,广告收入",愿意支付,5.0,,6个月-1年,5000-8000元,,,,,,,,,,,,,,,,,
227,280,社区周边商户,25-30岁,,,,,,,,,,,,,,,,,,,,,,,,便利店/小超市,否,是，经常来,偶尔有,非常愿意,"安全责任问题,影响店面卫生",水电补贴,,,,,,,,,,
228,283,社区居民,25-30岁,,,,,,,,,,,,,,,,,,,,,,,,,,,,,,,,很少看到,没感觉,中立,否,噪音/卫生问题,"物业监督,禁止吸烟",不太愿意,,5年以上
229,387,社区居民,18-24岁,,,,,,,,,,,,,,,,,,,,,,,,,,,,,,,,经常看到,影响美观,比较支持,是,"噪音/卫生问题,充电消防隐患",物业监督,愿意,,5年以上
230,393,外卖骑手,18-24岁,众包,住宅区/社区为主,是，偶尔用,4-8小时,"找不到合适地方休息,手机/电瓶车充电难","基础休憩,应急庇护",社区党群服务中心,A（高频便利型）,4.0,5.0,5.0,4.0,1.0,5.0,4.0,5.0,4.0,"广告收入,完全由政府出资",不太愿意,3.0,,不到6个月,8000-12000元,,,,,,,,,,,,,,,,,
231,111,外卖骑手,18-24岁,众包,商业区/写字楼为主,知道，但从没用过,超过12小时,找不到合适地方休息,"充电续航,便利服务",闲置核酸亭/集装箱改造,B（综合保障型）,4.0,4.0,4.0,4.0,1.0,4.0,4.0,4.0,3.0,"由外卖平台承担,完全由政府出资",不太愿意,5.0,,1-3年,8000-12000元,,,,,,,,,,,,,,,,,
232,808,外卖骑手,18-24岁,专送,混合区域,是，偶尔用,4-8小时,"手机/电瓶车充电难,身体疲劳无处缓解","应急庇护,充足的电瓶车停车位",社区便利店/超市内,C（弹性流动型）,3.0,2.0,3.0,4.0,1.0,4.0,3.0,3.0,3.0,"完全由政府出资,向骑手收取少量费用",不太愿意,3.0,,1-3年,8000-12000元,,,,,,,,,,,,,,,,,
233,765,社区居民,25-30岁,,,,,,,,,,,,,,,,,,,,,,,,,,,,,,,,很少看到,没感觉,非常支持,是,充电消防隐患,物业监督,无所谓,,少于1年
234,220,外卖骑手,25-30岁,众包,商业区/写字楼为主,是，偶尔用,超过12小时,找不到合适地方休息,"充电续航,应急庇护",小区出入口/门卫室附近,C（弹性流动型）,3.0,2.0,2.0,2.0,1.0,3.0,2.0,2.0,2.0,"完全由政府出资,向骑手收取少量费用",视情况而定,3.0,,1-3年,5000-8000元,,,,,,,,,,,,,,,,,
235,109,社区周边商户,41岁及以上,,,,,,,,,,,,,,,,,,,,,,,,其他服务店,否,很少,偶尔有,非常愿意,影响店面卫生,平台流量曝光,,,,,,,,,,
236,560,外卖骑手,18-24岁,众包,住宅区/社区为主,完全不知道,8-12小时,找不到合适地方休息,"便利服务,应急庇护",小区出入口/门卫室附近,A（高频便利型）,5.0,5.0,5.0,4.0,1.0,4.0,5.0,3.0,4.0,"完全由政府出资,广告收入",完全不愿意,2.0,,6个月-1年,5000-8000元,,,,,,,,,,,,,,,,,
237,564,社区居民,25-30岁,,,,,,,,,,,,,,,,,,,,,,,,,,,,,,,,经常看到,觉得辛苦,非常支持,否,噪音/卫生问题,"物业监督,禁止吸烟",不太愿意,,5年以上
238,504,社区居民,25-30岁,,,,,,,,,,,,,,,,,,,,,,,,,,,,,,,,偶尔看到,影响美观,比较支持,否,"充电消防隐患,噪音/卫生问题","禁止吸烟,物业监督",愿意,,5年以上
239,576,社区周边商户,41岁及以上,,,,,,,,,,,,,,,,,,,,,,,,药店/诊所,是，就在小区门口,是，经常来,经常有,不愿意,"影响店面卫生,安全责任问题","水电补贴,平台流量曝光",,,,,,,,,,
240,740,外卖骑手,18-24岁,专送,商业区/写字楼为主,完全不知道,少于4小时,饮水不便,"应急庇护,便利服务",社区便利店/超市内,A（高频便利型）,3.0,4.0,4.0,4.0,2.0,3.0,4.0,3.0,3.0,"由外卖平台承担,完全由政府出资",愿意支付,2.0,,不到6个月,5000元以下,,,,,,,,,,,,,,,,,
241,520,外卖骑手,25-30岁,众包,混合区域,知道，但从没用过,超过12小时,"饮水不便,手机/电瓶车充电难","基础休憩,便利服务",闲置核酸亭/集装箱改造,A（高频便利型）,4.0,3.0,4.0,4.0,1.0,5.0,4.0,4.0,3.0,"由外卖平台承担,向骑手收取少量费用",不太愿意,4.0,,不到6个月,12000元以上,,,,,,,,,,,,,,,,,
242,256,社区居民,18-24岁,,,,,,,,,,,,,,,,,,,,,,,,,,,,,,,,很少看到,影响美观,非常支持,是,"噪音/卫生问题,充电消防隐患","禁止吸烟,物业监督",无所谓,,少于1年
243,1277,社区周边商户,31-40岁,,,,,,,,,,,,,,,,,,,,,,,,其他服务店,否,是，经常来,很少有,可以考虑,"安全责任问题,影响店面卫生","水电补贴,平台流量曝光",,,,,,,,,,
244,70,外卖骑手,25-30岁,众包,混合区域,是，偶尔用,超过12小时,"饮水不便,找不到合适地方休息,上厕所不便","基础休憩,便利服务",社区便利店/超市内,A（高频便利型）,3.0,2.0,2.0,2.0,2.0,3.0,4.0,3.0,3.0,"完全由政府出资,广告收入",完全不愿意,3.0,,不到6个月,5000-8000元,,,,,,,,,,,,,,,,,
245,289,外卖骑手,31-40岁,专送,住宅区/社区为主,知道，但从没用过,8-12小时,"饮水不便,手机/电瓶车充电难","充电续航,便利服务",闲置核酸亭/集装箱改造,B（综合保障型）,4.0,4.0,4.0,5.0,1.0,4.0,4.0,4.0,4.0,"向骑手收取少量费用,广告收入",愿意支付,2.0,,不到6个月,8000-12000元,,,,,,,,,,,,,,,,,
246,375,社区居民,25-30岁,,,,,,,,,,,,,,,,,,,,,,,,,,,,,,,,经常看到,觉得辛苦,不太支持,否,充电消防隐患,"禁止吸烟,物业监督",无所谓,,少于1年
247,205,外卖骑手,25-30岁,众包,住宅区/社区为主,是，经常用,少于4小时,"手机/电瓶车充电难,饮水不便","便利服务,应急庇护",社区便利店/超市内,A（高频便利型）,4.0,3.0,4.0,4.0,2.0,3.0,3.0,3.0,3.0,"完全由政府出资,由外卖平台承担",完全不愿意,5.0,,不到6个月,12000元以上,,,,,,,,,,,,,,,,,
248,346,社区周边商户,18-24岁,,,,,,,,,,,,,,,,,,,,,,,,便利店/小超市,否,偶尔来,从未有过,不愿意,安全责任问题,水电补贴,,,,,,,,,,
249,546,外卖骑手,18-24岁,众包,混合区域,知道，但从没用过,8-12小时,"找不到合适地方休息,饮水不便,上厕所不便","充电续航,应急庇护",社区便利店/超市内,A（高频便利型）,5.0,5.0,5.0,4.0,1.0,4.0,4.0,4.0,5.0,"向骑手收取少量费用,由外卖平台承担",愿意支付,2.0,,1-3年,8000-12000元,,,,,,,,,,,,,,,,,
250,683,社区居民,41岁及以上,,,,,,,,,,,,,,,,,,,,,,,,,,,,,,,,偶尔看到,影响美观,非常支持,是,充电消防隐患,"禁止吸烟,物业监督",愿意,,1-5年
251,687,外卖骑手,18-24岁,众包,混合区域,知道，但从没用过,4-8小时,"上厕所不便,身体疲劳无处缓解,手机/电瓶车充电难","充足的电瓶车停车位,应急庇护",社区便利店/超市内,B（综合保障型）,5.0,4.0,4.0,5.0,1.0,5.0,4.0,5.0,5.0,"由外卖平台承担,完全由政府出资",视情况而定,3.0,,6个月-1年,5000元以下,,,,,,,,,,,,,,,,,
252,385,社区周边商户,31-40岁,,,,,,,,,,,,,,,,,,,,,,,,其他服务店,是，就在小区门口,很少,从未有过,不愿意,安全责任问题,"平台流量曝光,水电补贴",,,,,,,,,,
253,201,外卖骑手,25-30岁,专送,混合区域,是，经常用,少于4小时,"手机/电瓶车充电难,上厕所不便,找不到合适地方休息","便利服务,充电续航",社区便利店/超市内,A（高频便利型）,4.0,3.0,3.0,4.0,4.0,3.0,4.0,4.0,4.0,"向骑手收取少量费用,完全由政府出资",愿意支付,5.0,,不到6个月,5000-8000元,,,,,,,,,,,,,,,,,
254,296,外卖骑手,18-24岁,众包,混合区域,知道，但从没用过,8-12小时,"身体疲劳无处缓解,手机/电瓶车充电难","充电续航,基础休憩",社区便利店/超市内,A（高频便利型）,3.0,3.0,3.0,3.0,1.0,3.0,3.0,4.0,3.0,"向骑手收取少量费用,完全由政府出资",愿意支付,5.0,,6个月-1年,8000-12000元,,,,,,,,,,,,,,,,,
255,373,外卖骑手,25-30岁,专送,住宅区/社区为主,是，偶尔用,8-12小时,"上厕所不便,手机/电瓶车充电难,饮水不便","便利服务,应急庇护",闲置核酸亭/集装箱改造,A（高频便利型）,3.0,3.0,3.0,4.0,1.0,4.0,4.0,4.0,3.0,"向骑手收取少量费用,完全由政府出资",视情况而定,4.0,,6个月-1年,8000-12000元,,,,,,,,,,,,,,,,,
256,533,社区周边商户,41岁及以上,,,,,,,,,,,,,,,,,,,,,,,,餐饮店,是，就在小区门口,偶尔来,偶尔有,不愿意,"安全责任问题,影响店面卫生",水电补贴,,,,,,,,,,
257,917,外卖骑手,41岁及以上,专送,住宅区/社区为主,完全不知道,8-12小时,"上厕所不便,饮水不便,找不到合适地方休息","充足的电瓶车停车位,便利服务",小区出入口/门卫室附近,A（高频便利型）,4.0,3.0,4.0,2.0,2.0,3.0,3.0,3.0,2.0,"由外卖平台承担,广告收入",愿意支付,1.0,,6个月-1年,5000元以下,,,,,,,,,,,,,,,,,
258,564,外卖骑手,41岁及以上,众包,住宅区/社区为主,完全不知道,4-8小时,"身体疲劳无处缓解,饮水不便","充电续航,应急庇护",社区便利店/超市内,A（高频便利型）,3.0,3.0,3.0,4.0,1.0,4.0,3.0,3.0,3.0,"由外卖平台承担,广告收入",视情况而定,2.0,,不到6个月,5000元以下,,,,,,,,,,,,,,,,,
259,247,社区周边商户,18-24岁,,,,,,,,,,,,,,,,,,,,,,,,其他服务店,是，就在小区门口,是，经常来,从未有过,非常愿意,"影响店面卫生,安全责任问题",水电补贴,,,,,,,,,,
260,340,社区居民,18-24岁,,,,,,,,,,,,,,,,,,,,,,,,,,,,,,,,偶尔看到,没感觉,中立,否,"噪音/卫生问题,充电消防隐患",禁止吸烟,愿意,,1-5年
261,348,社区居民,18-24岁,,,,,,,,,,,,,,,,,,,,,,,,,,,,,,,,经常看到,影响美观,非常支持,否,噪音/卫生问题,"物业监督,禁止吸烟",不太愿意,,5年以上
262,220,社区居民,25-30岁,,,,,,,,,,,,,,,,,,,,,,,,,,,,,,,,经常看到,影响美观,不太支持,是,噪音/卫生问题,"物业监督,禁止吸烟",不太愿意,,少于1年
263,456,外卖骑手,25-30岁,专送,住宅区/社区为主,是，偶尔用,超过12小时,"上厕所不便,饮水不便","便利服务,基础休憩",社区便利店/超市内,A（高频便利型）,4.0,4.0,4.0,4.0,5.0,4.0,4.0,4.0,4.0,"由外卖平台承担,向骑手收取少量费用",不太愿意,4.0,,6个月-1年,5000元以下,,,,,,,,,,,,,,,,,
264,335,社区居民,41岁及以上,,,,,,,,,,,,,,,,,,,,,,,,,,,,,,,,偶尔看到,不希望聚集,中立,否,充电消防隐患,"物业监督,禁止吸烟",无所谓,,5年以上
265,240,外卖骑手,25-30岁,众包,商业区/写字楼为主,知道，但从没用过,8-12小时,"身体疲劳无处缓解,手机/电瓶车充电难,饮水不便","应急庇护,便利服务",社区便利店/超市内,A（高频便利型）,5.0,4.0,5.0,4.0,1.0,5.0,5.0,4.0,5.0,"完全由政府出资,向骑手收取少量费用",视情况而定,1.0,,不到6个月,12000元以上,,,,,,,,,,,,,,,,,
266,240,外卖骑手,25-30岁,众包,商业区/写字楼为主,是，经常用,8-12小时,上厕所不便,"充足的电瓶车停车位,应急庇护",社区便利店/超市内,B（综合保障型）,4.0,4.0,4.0,4.0,1.0,5.0,4.0,4.0,4.0,"由外卖平台承担,向骑手收取少量费用",不太愿意,2.0,,1-3年,12000元以上,,,,,,,,,,,,,,,,,
267,318,外卖骑手,18-24岁,众包,住宅区/社区为主,完全不知道,超过12小时,身体疲劳无处缓解,"充电续航,基础休憩",闲置核酸亭/集装箱改造,B（综合保障型）,4.0,4.0,4.0,3.0,5.0,4.0,3.0,4.0,3.0,"完全由政府出资,向骑手收取少量费用",完全不愿意,5.0,,不到6个月,5000-8000元,,,,,,,,,,,,,,,,,
268,404,社区居民,31-40岁,,,,,,,,,,,,,,,,,,,,,,,,,,,,,,,,经常看到,没感觉,比较支持,否,"噪音/卫生问题,充电消防隐患",物业监督,不太愿意,,少于1年
269,690,外卖骑手,25-30岁,众包,住宅区/社区为主,知道，但从没用过,超过12小时,"饮水不便,上厕所不便,找不到合适地方休息","便利服务,应急庇护",社区便利店/超市内,A（高频便利型）,3.0,3.0,3.0,3.0,3.0,4.0,4.0,3.0,4.0,"广告收入,完全由政府出资",不太愿意,5.0,,不到6个月,8000-12000元,,,,,,,,,,,,,,,,,
270,219,外卖骑手,18-24岁,众包,住宅区/社区为主,完全不知道,4-8小时,"饮水不便,手机/电瓶车充电难","充电续航,基础休憩",社区便利店/超市内,A（高频便利型）,3.0,4.0,3.0,3.0,1.0,3.0,3.0,3.0,3.0,"由外卖平台承担,广告收入",不太愿意,1.0,,不到6个月,8000-12000元,,,,,,,,,,,,,,,,,
271,451,外卖骑手,25-30岁,专送,住宅区/社区为主,完全不知道,8-12小时,找不到合适地方休息,"基础休憩,便利服务",小区出入口/门卫室附近,C（弹性流动型）,5.0,5.0,5.0,5.0,1.0,5.0,4.0,4.0,4.0,"向骑手收取少量费用,广告收入",完全不愿意,3.0,,1-3年,8000-12000元,,,,,,,,,,,,,,,,,
272,458,社区居民,41岁及以上,,,,,,,,,,,,,,,,,,,,,,,,,,,,,,,,偶尔看到,没感觉,比较支持,是,充电消防隐患,"禁止吸烟,物业监督",愿意,,少于1年
273,907,社区居民,41岁及以上,,,,,,,,,,,,,,,,,,,,,,,,,,,,,,,,经常看到,没感觉,非常支持,否,"噪音/卫生问题,充电消防隐患",物业监督,不太愿意,,少于1年
274,126,外卖骑手,31-40岁,众包,住宅区/社区为主,知道，但从没用过,超过12小时,"找不到合适地方休息,手机/电瓶车充电难","充足的电瓶车停车位,基础休憩",小区出入口/门卫室附近,A（高频便利型）,5.0,4.0,5.0,5.0,5.0,5.0,4.0,5.0,4.0,"由外卖平台承担,向骑手收取少量费用",完全不愿意,2.0,,1-3年,12000元以上,,,,,,,,,,,,,,,,,
275,108,外卖骑手,18-24岁,众包,商业区/写字楼为主,知道，但从没用过,少于4小时,手机/电瓶车充电难,"应急庇护,便利服务",社区便利店/超市内,A（高频便利型）,3.0,3.0,3.0,4.0,4.0,3.0,3.0,3.0,3.0,"广告收入,向骑手收取少量费用",愿意支付,4.0,,不到6个月,12000元以上,,,,,,,,,,,,,,,,,
276,562,外卖骑手,31-40岁,专送,混合区域,知道，但从没用过,超过12小时,"手机/电瓶车充电难,找不到合适地方休息","充电续航,充足的电瓶车停车位",社区便利店/超市内,A（高频便利型）,5.0,5.0,5.0,4.0,1.0,5.0,5.0,5.0,5.0,"完全由政府出资,由外卖平台承担",不太愿意,2.0,,不到6个月,12000元以上,,,,,,,,,,,,,,,,,
277,301,外卖骑手,31-40岁,专送,住宅区/社区为主,完全不知道,4-8小时,"找不到合适地方休息,身体疲劳无处缓解,上厕所不便","充电续航,便利服务",社区便利店/超市内,A（高频便利型）,5.0,4.0,5.0,4.0,1.0,5.0,4.0,4.0,4.0,"广告收入,由外卖平台承担",不太愿意,4.0,,不到6个月,8000-12000元,,,,,,,,,,,,,,,,,
278,276,外卖骑手,41岁及以上,众包,商业区/写字楼为主,是，经常用,4-8小时,"手机/电瓶车充电难,身体疲劳无处缓解,饮水不便","基础休憩,应急庇护",社区便利店/超市内,A（高频便利型）,4.0,4.0,4.0,4.0,3.0,4.0,4.0,2.0,4.0,"由外卖平台承担,广告收入",视情况而定,5.0,,6个月-1年,5000元以下,,,,,,,,,,,,,,,,,
279,278,外卖骑手,25-30岁,众包,住宅区/社区为主,是，经常用,少于4小时,"饮水不便,身体疲劳无处缓解","基础休憩,充电续航",闲置核酸亭/集装箱改造,A（高频便利型）,2.0,3.0,3.0,4.0,1.0,4.0,3.0,3.0,4.0,"完全由政府出资,向骑手收取少量费用",视情况而定,3.0,,1-3年,5000-8000元,,,,,,,,,,,,,,,,,
280,254,社区居民,31-40岁,,,,,,,,,,,,,,,,,,,,,,,,,,,,,,,,偶尔看到,影响美观,非常支持,是,"噪音/卫生问题,充电消防隐患",物业监督,不太愿意,,1-5年
281,563,外卖骑手,18-24岁,众包,商业区/写字楼为主,是，偶尔用,8-12小时,"上厕所不便,手机/电瓶车充电难,找不到合适地方休息","充足的电瓶车停车位,充电续航",小区出入口/门卫室附近,A（高频便利型）,4.0,3.0,5.0,4.0,1.0,4.0,5.0,4.0,3.0,"由外卖平台承担,广告收入",完全不愿意,5.0,,不到6个月,12000元以上,,,,,,,,,,,,,,,,,
282,228,社区周边商户,18-24岁,,,,,,,,,,,,,,,,,,,,,,,,药店/诊所,是，在100米内,偶尔来,从未有过,不愿意,"影响店面卫生,安全责任问题",水电补贴,,,,,,,,,,
283,870,社区周边商户,18-24岁,,,,,,,,,,,,,,,,,,,,,,,,药店/诊所,是，就在小区门口,是，经常来,很少有,可以考虑,安全责任问题,平台流量曝光,,,,,,,,,,
284,352,外卖骑手,25-30岁,众包,商业区/写字楼为主,完全不知道,超过12小时,手机/电瓶车充电难,"基础休憩,便利服务",闲置核酸亭/集装箱改造,C（弹性流动型）,5.0,5.0,4.0,5.0,1.0,4.0,5.0,4.0,3.0,"广告收入,由外卖平台承担",视情况而定,4.0,,不到6个月,12000元以上,,,,,,,,,,,,,,,,,
285,153,社区周边商户,25-30岁,,,,,,,,,,,,,,,,,,,,,,,,便利店/小超市,否,很少,从未有过,不愿意,影响店面卫生,"水电补贴,平台流量曝光",,,,,,,,,,
286,634,外卖骑手,31-40岁,专送,商业区/写字楼为主,知道，但从没用过,4-8小时,"找不到合适地方休息,饮水不便","应急庇护,充足的电瓶车停车位",闲置核酸亭/集装箱改造,B（综合保障型）,3.0,4.0,3.0,3.0,1.0,3.0,3.0,2.0,2.0,"广告收入,完全由政府出资",视情况而定,1.0,,不到6个月,5000-8000元,,,,,,,,,,,,,,,,,
287,153,社区周边商户,25-30岁,,,,,,,,,,,,,,,,,,,,,,,,药店/诊所,是，就在小区门口,偶尔来,经常有,非常愿意,"安全责任问题,影响店面卫生","平台流量曝光,水电补贴",,,,,,,,,,
288,270,社区周边商户,25-30岁,,,,,,,,,,,,,,,,,,,,,,,,药店/诊所,是，在100米内,很少,偶尔有,可以考虑,"影响店面卫生,安全责任问题","水电补贴,平台流量曝光",,,,,,,,,,
289,773,外卖骑手,25-30岁,专送,商业区/写字楼为主,是，偶尔用,4-8小时,"找不到合适地方休息,身体疲劳无处缓解","应急庇护,充足的电瓶车停车位",小区出入口/门卫室附近,C（弹性流动型）,2.0,3.0,3.0,3.0,1.0,3.0,4.0,3.0,2.0,"向骑手收取少量费用,由外卖平台承担",不太愿意,2.0,,1-3年,8000-12000元,,,,,,,,,,,,,,,,,
290,355,外卖骑手,25-30岁,众包,混合区域,是，偶尔用,8-12小时,"上厕所不便,找不到合适地方休息","应急庇护,基础休憩",社区便利店/超市内,A（高频便利型）,4.0,4.0,4.0,4.0,4.0,4.0,4.0,4.0,4.0,"广告收入,向骑手收取少量费用",完全不愿意,2.0,,1-3年,12000元以上,,,,,,,,,,,,,,,,,
291,476,社区居民,18-24岁,,,,,,,,,,,,,,,,,,,,,,,,,,,,,,,,很少看到,觉得辛苦,非常支持,是,充电消防隐患,"物业监督,禁止吸烟",愿意,,少于1年
292,465,外卖骑手,31-40岁,专送,住宅区/社区为主,是，偶尔用,少于4小时,身体疲劳无处缓解,"应急庇护,充足的电瓶车停车位",社区便利店/超市内,A（高频便利型）,2.0,3.0,2.0,3.0,1.0,3.0,2.0,3.0,3.0,"由外卖平台承担,广告收入",不太愿意,5.0,,6个月-1年,5000-8000元,,,,,,,,,,,,,,,,,
293,63,社区周边商户,18-24岁,,,,,,,,,,,,,,,,,,,,,,,,药店/诊所,否,是，经常来,从未有过,可以考虑,影响店面卫生,平台流量曝光,,,,,,,,,,
294,776,社区居民,41岁及以上,,,,,,,,,,,,,,,,,,,,,,,,,,,,,,,,经常看到,觉得辛苦,比较支持,否,"充电消防隐患,噪音/卫生问题","物业监督,禁止吸烟",愿意,,少于1年
295,534,社区居民,25-30岁,,,,,,,,,,,,,,,,,,,,,,,,,,,,,,,,很少看到,没感觉,比较支持,否,"噪音/卫生问题,充电消防隐患",禁止吸烟,不太愿意,,5年以上
296,338,外卖骑手,25-30岁,专送,商业区/写字楼为主,知道，但从没用过,8-12小时,"饮水不便,手机/电瓶车充电难,找不到合适地方休息","充电续航,基础休憩",社区便利店/超市内,A（高频便利型）,4.0,4.0,4.0,5.0,1.0,4.0,4.0,4.0,3.0,"由外卖平台承担,向骑手收取少量费用",完全不愿意,2.0,,6个月-1年,12000元以上,,,,,,,,,,,,,,,,,
297,284,社区周边商户,18-24岁,,,,,,,,,,,,,,,,,,,,,,,,药店/诊所,是，就在小区门口,偶尔来,偶尔有,非常愿意,影响店面卫生,平台流量曝光,,,,,,,,,,
298,1014,外卖骑手,18-24岁,众包,商业区/写字楼为主,是，经常用,少于4小时,饮水不便,"便利服务,应急庇护",小区出入口/门卫室附近,A（高频便利型）,3.0,2.0,3.0,3.0,1.0,3.0,3.0,3.0,3.0,"由外卖平台承担,完全由政府出资",愿意支付,3.0,,不到6个月,5000-8000元,,,,,,,,,,,,,,,,,
299,1671,外卖骑手,18-24岁,专送,商业区/写字楼为主,完全不知道,超过12小时,"手机/电瓶车充电难,身体疲劳无处缓解,饮水不便","便利服务,基础休憩",社区便利店/超市内,B（综合保障型）,4.0,5.0,4.0,4.0,4.0,4.0,4.0,4.0,4.0,"向骑手收取少量费用,由外卖平台承担",愿意支付,5.0,,不到6个月,12000元以上,,,,,,,,,,,,,,,,,
300,239,社区周边商户,18-24岁,,,,,,,,,,,,,,,,,,,,,,,,其他服务店,否,偶尔来,从未有过,非常愿意,安全责任问题,平台流量曝光,,,,,,,,,,
301,604,外卖骑手,25-30岁,众包,混合区域,是，经常用,少于4小时,"身体疲劳无处缓解,上厕所不便","应急庇护,充电续航",社区便利店/超市内,A（高频便利型）,4.0,4.0,4.0,3.0,1.0,4.0,4.0,3.0,4.0,"由外卖平台承担,向骑手收取少量费用",不太愿意,1.0,,不到6个月,5000元以下,,,,,,,,,,,,,,,,,
303,384,社区居民,31-40岁,,,,,,,,,,,,,,,,,,,,,,,,,,,,,,,,很少看到,觉得辛苦,非常支持,否,"噪音/卫生问题,充电消防隐患","禁止吸烟,物业监督",无所谓,,少于1年
304,249,社区周边商户,25-30岁,,,,,,,,,,,,,,,,,,,,,,,,其他服务店,否,很少,偶尔有,不愿意,"影响店面卫生,安全责任问题",平台流量曝光,,,,,,,,,,
305,265,社区居民,41岁及以上,,,,,,,,,,,,,,,,,,,,,,,,,,,,,,,,偶尔看到,没感觉,中立,否,噪音/卫生问题,禁止吸烟,愿意,,1-5年
306,310,外卖骑手,31-40岁,专送,住宅区/社区为主,是，经常用,8-12小时,"上厕所不便,找不到合适地方休息,饮水不便","充电续航,应急庇护",社区便利店/超市内,C（弹性流动型）,4.0,4.0,3.0,5.0,1.0,4.0,5.0,4.0,4.0,"广告收入,由外卖平台承担",视情况而定,2.0,,6个月-1年,5000-8000元,,,,,,,,,,,,,,,,,
307,187,社区居民,31-40岁,,,,,,,,,,,,,,,,,,,,,,,,,,,,,,,,经常看到,觉得辛苦,中立,是,噪音/卫生问题,"物业监督,禁止吸烟",不太愿意,,1-5年
308,280,社区居民,18-24岁,,,,,,,,,,,,,,,,,,,,,,,,,,,,,,,,经常看到,不希望聚集,比较支持,是,充电消防隐患,物业监督,不太愿意,,5年以上
309,450,外卖骑手,25-30岁,众包,商业区/写字楼为主,完全不知道,8-12小时,"手机/电瓶车充电难,找不到合适地方休息,上厕所不便","充足的电瓶车停车位,基础休憩",闲置核酸亭/集装箱改造,A（高频便利型）,4.0,5.0,4.0,4.0,5.0,4.0,4.0,4.0,4.0,"由外卖平台承担,向骑手收取少量费用",完全不愿意,5.0,,不到6个月,12000元以上,,,,,,,,,,,,,,,,,
310,367,外卖骑手,31-40岁,众包,商业区/写字楼为主,是，偶尔用,少于4小时,饮水不便,"充足的电瓶车停车位,充电续航",小区出入口/门卫室附近,A（高频便利型）,4.0,3.0,4.0,4.0,3.0,4.0,4.0,4.0,4.0,"向骑手收取少量费用,完全由政府出资",完全不愿意,3.0,,6个月-1年,12000元以上,,,,,,,,,,,,,,,,,
311,658,外卖骑手,18-24岁,众包,商业区/写字楼为主,知道，但从没用过,8-12小时,饮水不便,"基础休憩,应急庇护",小区出入口/门卫室附近,A（高频便利型）,2.0,3.0,2.0,2.0,1.0,3.0,3.0,3.0,3.0,"完全由政府出资,向骑手收取少量费用",完全不愿意,5.0,,3年以上,8000-12000元,,,,,,,,,,,,,,,,,
312,356,社区周边商户,31-40岁,,,,,,,,,,,,,,,,,,,,,,,,药店/诊所,是，就在小区门口,很少,从未有过,非常愿意,"安全责任问题,影响店面卫生",平台流量曝光,,,,,,,,,,
314,212,外卖骑手,31-40岁,众包,住宅区/社区为主,完全不知道,4-8小时,"饮水不便,找不到合适地方休息","便利服务,应急庇护",社区便利店/超市内,A（高频便利型）,3.0,3.0,3.0,3.0,4.0,3.0,3.0,3.0,3.0,"完全由政府出资,向骑手收取少量费用",完全不愿意,3.0,,不到6个月,5000元以下,,,,,,,,,,,,,,,,,
315,388,外卖骑手,18-24岁,众包,住宅区/社区为主,知道，但从没用过,少于4小时,饮水不便,"充电续航,应急庇护",社区便利店/超市内,A（高频便利型）,5.0,5.0,5.0,5.0,5.0,5.0,5.0,5.0,5.0,"向骑手收取少量费用,由外卖平台承担",视情况而定,4.0,,6个月-1年,5000-8000元,,,,,,,,,,,,,,,,,
316,279,社区周边商户,18-24岁,,,,,,,,,,,,,,,,,,,,,,,,餐饮店,否,很少,经常有,非常愿意,安全责任问题,水电补贴,,,,,,,,,,
317,207,外卖骑手,18-24岁,众包,住宅区/社区为主,是，偶尔用,超过12小时,"饮水不便,身体疲劳无处缓解,上厕所不便","基础休憩,充电续航",社区党群服务中心,B（综合保障型）,4.0,5.0,4.0,4.0,1.0,5.0,4.0,5.0,4.0,"广告收入,完全由政府出资",视情况而定,4.0,,不到6个月,8000-12000元,,,,,,,,,,,,,,,,,
319,302,社区居民,31-40岁,,,,,,,,,,,,,,,,,,,,,,,,,,,,,,,,经常看到,没感觉,比较支持,否,充电消防隐患,禁止吸烟,无所谓,,少于1年
320,346,外卖骑手,18-24岁,众包,混合区域,是，偶尔用,4-8小时,饮水不便,"基础休憩,充电续航",小区出入口/门卫室附近,C（弹性流动型）,5.0,5.0,4.0,4.0,2.0,4.0,4.0,4.0,4.0,"由外卖平台承担,广告收入",愿意支付,4.0,,不到6个月,5000元以下,,,,,,,,,,,,,,,,,
321,475,外卖骑手,31-40岁,专送,商业区/写字楼为主,知道，但从没用过,超过12小时,身体疲劳无处缓解,"应急庇护,充足的电瓶车停车位",社区便利店/超市内,A（高频便利型）,3.0,4.0,4.0,4.0,1.0,5.0,4.0,4.0,4.0,"向骑手收取少量费用,广告收入",视情况而定,3.0,,6个月-1年,8000-12000元,,,,,,,,,,,,,,,,,
322,1263,社区居民,18-24岁,,,,,,,,,,,,,,,,,,,,,,,,,,,,,,,,偶尔看到,没感觉,比较支持,否,"噪音/卫生问题,充电消防隐患","物业监督,禁止吸烟",不太愿意,,5年以上
323,184,外卖骑手,18-24岁,专送,混合区域,是，偶尔用,8-12小时,"身体疲劳无处缓解,找不到合适地方休息","充电续航,应急庇护",社区便利店/超市内,A（高频便利型）,4.0,5.0,4.0,4.0,1.0,4.0,4.0,4.0,4.0,"广告收入,完全由政府出资",不太愿意,2.0,,不到6个月,5000-8000元,,,,,,,,,,,,,,,,,
324,302,社区居民,25-30岁,,,,,,,,,,,,,,,,,,,,,,,,,,,,,,,,很少看到,没感觉,中立,否,充电消防隐患,禁止吸烟,不太愿意,,5年以上
325,1098,社区周边商户,18-24岁,,,,,,,,,,,,,,,,,,,,,,,,其他服务店,是，就在小区门口,很少,从未有过,可以考虑,"安全责任问题,影响店面卫生",水电补贴,,,,,,,,,,
326,342,外卖骑手,41岁及以上,众包,混合区域,完全不知道,少于4小时,"找不到合适地方休息,上厕所不便","充电续航,充足的电瓶车停车位",社区党群服务中心,A（高频便利型）,3.0,4.0,4.0,3.0,2.0,4.0,4.0,4.0,4.0,"向骑手收取少量费用,完全由政府出资",视情况而定,5.0,,1-3年,12000元以上,,,,,,,,,,,,,,,,,
327,332,外卖骑手,18-24岁,众包,商业区/写字楼为主,完全不知道,少于4小时,找不到合适地方休息,"基础休憩,充电续航",闲置核酸亭/集装箱改造,A（高频便利型）,4.0,4.0,4.0,4.0,5.0,5.0,5.0,5.0,5.0,"完全由政府出资,由外卖平台承担",完全不愿意,5.0,,1-3年,12000元以上,,,,,,,,,,,,,,,,,
328,324,社区周边商户,31-40岁,,,,,,,,,,,,,,,,,,,,,,,,其他服务店,是，就在小区门口,很少,很少有,不愿意,影响店面卫生,"平台流量曝光,水电补贴",,,,,,,,,,
329,632,社区居民,25-30岁,,,,,,,,,,,,,,,,,,,,,,,,,,,,,,,,偶尔看到,影响美观,比较支持,是,充电消防隐患,物业监督,无所谓,,5年以上
330,712,社区居民,18-24岁,,,,,,,,,,,,,,,,,,,,,,,,,,,,,,,,很少看到,影响美观,不太支持,是,噪音/卫生问题,"禁止吸烟,物业监督",无所谓,,少于1年
331,355,社区居民,18-24岁,,,,,,,,,,,,,,,,,,,,,,,,,,,,,,,,很少看到,影响美观,比较支持,否,充电消防隐患,"物业监督,禁止吸烟",不太愿意,,5年以上
332,723,社区居民,18-24岁,,,,,,,,,,,,,,,,,,,,,,,,,,,,,,,,经常看到,没感觉,比较支持,是,噪音/卫生问题,"禁止吸烟,物业监督",不太愿意,,1-5年
333,443,外卖骑手,25-30岁,众包,混合区域,是，偶尔用,4-8小时,找不到合适地方休息,"应急庇护,便利服务",社区便利店/超市内,B（综合保障型）,3.0,4.0,3.0,3.0,1.0,3.0,3.0,4.0,4.0,"广告收入,由外卖平台承担",不太愿意,2.0,,不到6个月,5000元以下,,,,,,,,,,,,,,,,,
334,787,外卖骑手,31-40岁,众包,商业区/写字楼为主,是，偶尔用,少于4小时,饮水不便,"充电续航,基础休憩",小区出入口/门卫室附近,B（综合保障型）,2.0,3.0,3.0,3.0,1.0,3.0,3.0,2.0,2.0,"向骑手收取少量费用,由外卖平台承担",完全不愿意,4.0,,6个月-1年,5000元以下,,,,,,,,,,,,,,,,,
335,317,外卖骑手,18-24岁,众包,住宅区/社区为主,是，偶尔用,8-12小时,"上厕所不便,手机/电瓶车充电难","充足的电瓶车停车位,应急庇护",小区出入口/门卫室附近,A（高频便利型）,3.0,4.0,4.0,4.0,1.0,3.0,3.0,4.0,3.0,"向骑手收取少量费用,完全由政府出资",愿意支付,5.0,,6个月-1年,8000-12000元,,,,,,,,,,,,,,,,,
336,858,社区周边商户,25-30岁,,,,,,,,,,,,,,,,,,,,,,,,药店/诊所,是，在100米内,偶尔来,从未有过,不愿意,"安全责任问题,影响店面卫生","平台流量曝光,水电补贴",,,,,,,,,,
337,181,外卖骑手,18-24岁,众包,住宅区/社区为主,知道，但从没用过,4-8小时,"找不到合适地方休息,身体疲劳无处缓解","充电续航,便利服务",社区便利店/超市内,A（高频便利型）,3.0,4.0,4.0,4.0,1.0,3.0,3.0,3.0,3.0,"广告收入,由外卖平台承担",视情况而定,4.0,,6个月-1年,12000元以上,,,,,,,,,,,,,,,,,
338,136,社区居民,41岁及以上,,,,,,,,,,,,,,,,,,,,,,,,,,,,,,,,偶尔看到,没感觉,非常支持,是,"充电消防隐患,噪音/卫生问题","物业监督,禁止吸烟",愿意,,1-5年
339,241,社区居民,18-24岁,,,,,,,,,,,,,,,,,,,,,,,,,,,,,,,,偶尔看到,没感觉,中立,是,充电消防隐患,物业监督,无所谓,,1-5年
340,598,社区居民,25-30岁,,,,,,,,,,,,,,,,,,,,,,,,,,,,,,,,经常看到,不希望聚集,中立,否,噪音/卫生问题,"禁止吸烟,物业监督",不太愿意,,1-5年
341,369,外卖骑手,41岁及以上,众包,商业区/写字楼为主,是，经常用,8-12小时,找不到合适地方休息,"应急庇护,充电续航",社区便利店/超市内,A（高频便利型）,3.0,2.0,4.0,3.0,1.0,3.0,3.0,3.0,3.0,"广告收入,完全由政府出资",视情况而定,4.0,,不到6个月,5000-8000元,,,,,,,,,,,,,,,,,
342,257,外卖骑手,25-30岁,众包,混合区域,是，偶尔用,4-8小时,"身体疲劳无处缓解,上厕所不便,手机/电瓶车充电难","充电续航,便利服务",社区便利店/超市内,A（高频便利型）,2.0,2.0,3.0,3.0,1.0,3.0,2.0,3.0,3.0,"完全由政府出资,向骑手收取少量费用",愿意支付,3.0,,6个月-1年,8000-12000元,,,,,,,,,,,,,,,,,
343,741,外卖骑手,25-30岁,众包,商业区/写字楼为主,是，偶尔用,8-12小时,"上厕所不便,手机/电瓶车充电难,饮水不便","便利服务,充足的电瓶车停车位",闲置核酸亭/集装箱改造,A（高频便利型）,3.0,4.0,4.0,4.0,1.0,4.0,4.0,4.0,4.0,"向骑手收取少量费用,由外卖平台承担",完全不愿意,1.0,,不到6个月,8000-12000元,,,,,,,,,,,,,,,,,
344,320,外卖骑手,31-40岁,众包,住宅区/社区为主,完全不知道,超过12小时,"身体疲劳无处缓解,饮水不便","充足的电瓶车停车位,充电续航",社区便利店/超市内,A（高频便利型）,4.0,4.0,5.0,4.0,1.0,4.0,4.0,4.0,4.0,"完全由政府出资,由外卖平台承担",愿意支付,4.0,,6个月-1年,8000-12000元,,,,,,,,,,,,,,,,,
345,195,社区居民,25-30岁,,,,,,,,,,,,,,,,,,,,,,,,,,,,,,,,经常看到,没感觉,非常支持,是,噪音/卫生问题,禁止吸烟,无所谓,,5年以上
346,591,社区居民,18-24岁,,,,,,,,,,,,,,,,,,,,,,,,,,,,,,,,偶尔看到,不希望聚集,中立,否,"充电消防隐患,噪音/卫生问题","物业监督,禁止吸烟",无所谓,,5年以上
347,313,社区居民,31-40岁,,,,,,,,,,,,,,,,,,,,,,,,,,,,,,,,偶尔看到,觉得辛苦,不太支持,否,充电消防隐患,禁止吸烟,愿意,,1-5年
348,938,外卖骑手,25-30岁,专送,住宅区/社区为主,是，偶尔用,4-8小时,"找不到合适地方休息,上厕所不便,身体疲劳无处缓解","应急庇护,充足的电瓶车停车位",社区便利店/超市内,A（高频便利型）,4.0,4.0,4.0,3.0,1.0,3.0,3.0,3.0,4.0,"由外卖平台承担,向骑手收取少量费用",完全不愿意,2.0,,不到6个月,8000-12000元,,,,,,,,,,,,,,,,,
349,71,外卖骑手,25-30岁,专送,混合区域,完全不知道,8-12小时,饮水不便,"充电续航,基础休憩",社区党群服务中心,B（综合保障型）,5.0,4.0,4.0,4.0,1.0,4.0,4.0,3.0,4.0,"完全由政府出资,广告收入",视情况而定,1.0,,不到6个月,5000-8000元,,,,,,,,,,,,,,,,,
350,224,社区周边商户,31-40岁,,,,,,,,,,,,,,,,,,,,,,,,餐饮店,是，在100米内,很少,偶尔有,非常愿意,安全责任问题,"水电补贴,平台流量曝光",,,,,,,,,,
351,200,外卖骑手,25-30岁,众包,混合区域,是，经常用,超过12小时,"上厕所不便,饮水不便","基础休憩,充电续航",小区出入口/门卫室附近,A（高频便利型）,3.0,2.0,2.0,2.0,1.0,2.0,3.0,2.0,2.0,"向骑手收取少量费用,广告收入",不太愿意,4.0,,不到6个月,8000-12000元,,,,,,,,,,,,,,,,,
352,358,社区居民,31-40岁,,,,,,,,,,,,,,,,,,,,,,,,,,,,,,,,偶尔看到,觉得辛苦,比较支持,是,噪音/卫生问题,禁止吸烟,愿意,,5年以上
353,221,社区周边商户,31-40岁,,,,,,,,,,,,,,,,,,,,,,,,餐饮店,否,偶尔来,很少有,可以考虑,安全责任问题,水电补贴,,,,,,,,,,
354,274,外卖骑手,18-24岁,专送,商业区/写字楼为主,是，经常用,超过12小时,"身体疲劳无处缓解,饮水不便","便利服务,应急庇护",小区出入口/门卫室附近,C（弹性流动型）,3.0,3.0,4.0,5.0,1.0,5.0,5.0,4.0,3.0,"广告收入,由外卖平台承担",完全不愿意,1.0,,1-3年,5000-8000元,,,,,,,,,,,,,,,,,
355,417,外卖骑手,31-40岁,众包,住宅区/社区为主,完全不知道,8-12小时,"身体疲劳无处缓解,找不到合适地方休息","应急庇护,充电续航",社区便利店/超市内,A（高频便利型）,4.0,4.0,5.0,4.0,1.0,5.0,5.0,4.0,4.0,"向骑手收取少量费用,完全由政府出资",完全不愿意,3.0,,不到6个月,12000元以上,,,,,,,,,,,,,,,,,
357,541,外卖骑手,25-30岁,专送,商业区/写字楼为主,知道，但从没用过,8-12小时,"手机/电瓶车充电难,饮水不便","便利服务,应急庇护",小区出入口/门卫室附近,B（综合保障型）,3.0,4.0,3.0,3.0,4.0,3.0,4.0,3.0,3.0,"由外卖平台承担,完全由政府出资",视情况而定,5.0,,1-3年,12000元以上,,,,,,,,,,,,,,,,,
358,211,社区周边商户,31-40岁,,,,,,,,,,,,,,,,,,,,,,,,药店/诊所,否,很少,偶尔有,不愿意,"安全责任问题,影响店面卫生",水电补贴,,,,,,,,,,
359,1427,社区居民,41岁及以上,,,,,,,,,,,,,,,,,,,,,,,,,,,,,,,,很少看到,没感觉,中立,否,"充电消防隐患,噪音/卫生问题",物业监督,无所谓,,1-5年
360,310,社区周边商户,41岁及以上,,,,,,,,,,,,,,,,,,,,,,,,餐饮店,是，在100米内,偶尔来,很少有,不愿意,影响店面卫生,"水电补贴,平台流量曝光",,,,,,,,,,
361,289,外卖骑手,18-24岁,众包,商业区/写字楼为主,是，经常用,4-8小时,"手机/电瓶车充电难,饮水不便,上厕所不便","应急庇护,便利服务",闲置核酸亭/集装箱改造,A（高频便利型）,3.0,3.0,3.0,3.0,5.0,3.0,2.0,3.0,2.0,"完全由政府出资,广告收入",愿意支付,2.0,,6个月-1年,5000-8000元,,,,,,,,,,,,,,,,,
362,250,外卖骑手,18-24岁,专送,商业区/写字楼为主,是，偶尔用,8-12小时,找不到合适地方休息,"充电续航,便利服务",社区党群服务中心,A（高频便利型）,3.0,3.0,3.0,3.0,1.0,4.0,4.0,3.0,3.0,"由外卖平台承担,向骑手收取少量费用",完全不愿意,2.0,,1-3年,8000-12000元,,,,,,,,,,,,,,,,,
363,453,社区周边商户,25-30岁,,,,,,,,,,,,,,,,,,,,,,,,其他服务店,是，就在小区门口,偶尔来,经常有,不愿意,安全责任问题,平台流量曝光,,,,,,,,,,
364,452,社区居民,25-30岁,,,,,,,,,,,,,,,,,,,,,,,,,,,,,,,,偶尔看到,没感觉,非常支持,否,"充电消防隐患,噪音/卫生问题",物业监督,无所谓,,少于1年
365,398,外卖骑手,25-30岁,众包,商业区/写字楼为主,完全不知道,8-12小时,"手机/电瓶车充电难,饮水不便","便利服务,基础休憩",闲置核酸亭/集装箱改造,A（高频便利型）,5.0,4.0,4.0,4.0,1.0,4.0,4.0,4.0,4.0,"由外卖平台承担,广告收入",不太愿意,4.0,,1-3年,8000-12000元,,,,,,,,,,,,,,,,,
366,313,社区周边商户,25-30岁,,,,,,,,,,,,,,,,,,,,,,,,餐饮店,是，在100米内,是，经常来,偶尔有,非常愿意,安全责任问题,"水电补贴,平台流量曝光",,,,,,,,,,
367,162,社区周边商户,18-24岁,,,,,,,,,,,,,,,,,,,,,,,,药店/诊所,是，就在小区门口,偶尔来,经常有,不愿意,"安全责任问题,影响店面卫生",平台流量曝光,,,,,,,,,,
368,347,外卖骑手,31-40岁,众包,商业区/写字楼为主,是，偶尔用,超过12小时,找不到合适地方休息,"充电续航,便利服务",小区出入口/门卫室附近,A（高频便利型）,4.0,5.0,5.0,4.0,1.0,5.0,5.0,5.0,3.0,"广告收入,向骑手收取少量费用",愿意支付,2.0,,不到6个月,8000-12000元,,,,,,,,,,,,,,,,,
369,183,社区居民,18-24岁,,,,,,,,,,,,,,,,,,,,,,,,,,,,,,,,很少看到,觉得辛苦,不太支持,是,"噪音/卫生问题,充电消防隐患","物业监督,禁止吸烟",无所谓,,少于1年
370,208,社区周边商户,18-24岁,,,,,,,,,,,,,,,,,,,,,,,,药店/诊所,是，就在小区门口,是，经常来,偶尔有,非常愿意,安全责任问题,"水电补贴,平台流量曝光",,,,,,,,,,
371,442,外卖骑手,25-30岁,众包,商业区/写字楼为主,是，经常用,4-8小时,手机/电瓶车充电难,"充足的电瓶车停车位,基础休憩",小区出入口/门卫室附近,B（综合保障型）,4.0,3.0,4.0,3.0,1.0,3.0,4.0,3.0,3.0,"由外卖平台承担,广告收入",视情况而定,2.0,,不到6个月,12000元以上,,,,,,,,,,,,,,,,,
372,724,社区居民,31-40岁,,,,,,,,,,,,,,,,,,,,,,,,,,,,,,,,很少看到,不希望聚集,中立,否,"充电消防隐患,噪音/卫生问题","禁止吸烟,物业监督",不太愿意,,少于1年
373,541,社区居民,18-24岁,,,,,,,,,,,,,,,,,,,,,,,,,,,,,,,,偶尔看到,没感觉,比较支持,是,"充电消防隐患,噪音/卫生问题","物业监督,禁止吸烟",愿意,,1-5年
374,260,外卖骑手,18-24岁,专送,混合区域,是，经常用,8-12小时,"手机/电瓶车充电难,饮水不便","应急庇护,基础休憩",闲置核酸亭/集装箱改造,A（高频便利型）,4.0,3.0,3.0,4.0,1.0,3.0,3.0,2.0,3.0,"向骑手收取少量费用,完全由政府出资",不太愿意,4.0,,6个月-1年,5000-8000元,,,,,,,,,,,,,,,,,
375,320,社区居民,25-30岁,,,,,,,,,,,,,,,,,,,,,,,,,,,,,,,,很少看到,没感觉,不太支持,否,"噪音/卫生问题,充电消防隐患","物业监督,禁止吸烟",无所谓,,1-5年
376,310,外卖骑手,25-30岁,众包,商业区/写字楼为主,是，偶尔用,少于4小时,"上厕所不便,身体疲劳无处缓解,找不到合适地方休息","充电续航,应急庇护",社区便利店/超市内,B（综合保障型）,4.0,4.0,4.0,4.0,4.0,4.0,4.0,4.0,4.0,"广告收入,向骑手收取少量费用",不太愿意,4.0,,1-3年,5000-8000元,,,,,,,,,,,,,,,,,
377,186,社区居民,41岁及以上,,,,,,,,,,,,,,,,,,,,,,,,,,,,,,,,很少看到,觉得辛苦,非常支持,否,充电消防隐患,物业监督,无所谓,,少于1年
378,197,社区居民,41岁及以上,,,,,,,,,,,,,,,,,,,,,,,,,,,,,,,,很少看到,不希望聚集,非常支持,是,噪音/卫生问题,"物业监督,禁止吸烟",无所谓,,1-5年
379,1665,外卖骑手,31-40岁,众包,商业区/写字楼为主,是，偶尔用,4-8小时,"上厕所不便,饮水不便,身体疲劳无处缓解","充足的电瓶车停车位,应急庇护",小区出入口/门卫室附近,A（高频便利型）,4.0,3.0,2.0,2.0,1.0,3.0,3.0,3.0,3.0,"向骑手收取少量费用,由外卖平台承担",完全不愿意,5.0,,3年以上,8000-12000元,,,,,,,,,,,,,,,,,
380,589,社区周边商户,31-40岁,,,,,,,,,,,,,,,,,,,,,,,,便利店/小超市,是，在100米内,是，经常来,经常有,可以考虑,"影响店面卫生,安全责任问题","平台流量曝光,水电补贴",,,,,,,,,,
381,510,外卖骑手,18-24岁,众包,住宅区/社区为主,是，经常用,少于4小时,饮水不便,"充足的电瓶车停车位,便利服务",社区便利店/超市内,B（综合保障型）,3.0,4.0,3.0,3.0,4.0,3.0,3.0,2.0,3.0,"完全由政府出资,由外卖平台承担",愿意支付,4.0,,不到6个月,8000-12000元,,,,,,,,,,,,,,,,,
382,318,外卖骑手,25-30岁,众包,商业区/写字楼为主,知道，但从没用过,少于4小时,饮水不便,"充足的电瓶车停车位,充电续航",社区便利店/超市内,A（高频便利型）,3.0,4.0,3.0,3.0,1.0,4.0,4.0,3.0,3.0,"完全由政府出资,由外卖平台承担",愿意支付,3.0,,6个月-1年,5000-8000元,,,,,,,,,,,,,,,,,
383,616,外卖骑手,18-24岁,众包,住宅区/社区为主,是，经常用,超过12小时,"手机/电瓶车充电难,饮水不便","充电续航,充足的电瓶车停车位",社区党群服务中心,B（综合保障型）,4.0,4.0,4.0,4.0,1.0,4.0,3.0,3.0,3.0,"向骑手收取少量费用,广告收入",愿意支付,3.0,,不到6个月,5000-8000元,,,,,,,,,,,,,,,,,
384,560,社区居民,31-40岁,,,,,,,,,,,,,,,,,,,,,,,,,,,,,,,,偶尔看到,没感觉,比较支持,是,充电消防隐患,禁止吸烟,无所谓,,5年以上
385,934,外卖骑手,18-24岁,专送,住宅区/社区为主,是，偶尔用,8-12小时,"身体疲劳无处缓解,上厕所不便,饮水不便","便利服务,充足的电瓶车停车位",社区便利店/超市内,A（高频便利型）,5.0,5.0,5.0,5.0,3.0,5.0,5.0,5.0,5.0,"完全由政府出资,向骑手收取少量费用",愿意支付,1.0,,6个月-1年,12000元以上,,,,,,,,,,,,,,,,,
386,330,社区周边商户,18-24岁,,,,,,,,,,,,,,,,,,,,,,,,餐饮店,否,是，经常来,经常有,非常愿意,"影响店面卫生,安全责任问题",水电补贴,,,,,,,,,,
387,184,社区周边商户,18-24岁,,,,,,,,,,,,,,,,,,,,,,,,其他服务店,是，在100米内,偶尔来,经常有,不愿意,"安全责任问题,影响店面卫生","平台流量曝光,水电补贴",,,,,,,,,,
388,326,外卖骑手,25-30岁,众包,混合区域,完全不知道,8-12小时,上厕所不便,"基础休憩,应急庇护",社区便利店/超市内,A（高频便利型）,4.0,4.0,4.0,5.0,1.0,5.0,5.0,5.0,5.0,"完全由政府出资,由外卖平台承担",不太愿意,4.0,,不到6个月,12000元以上,,,,,,,,,,,,,,,,,
389,178,社区居民,31-40岁,,,,,,,,,,,,,,,,,,,,,,,,,,,,,,,,偶尔看到,觉得辛苦,不太支持,是,充电消防隐患,物业监督,不太愿意,,5年以上
390,254,社区居民,18-24岁,,,,,,,,,,,,,,,,,,,,,,,,,,,,,,,,很少看到,影响美观,中立,是,"噪音/卫生问题,充电消防隐患","物业监督,禁止吸烟",愿意,,1-5年
391,122,外卖骑手,31-40岁,众包,商业区/写字楼为主,完全不知道,少于4小时,"饮水不便,手机/电瓶车充电难","基础休憩,应急庇护",社区便利店/超市内,B（综合保障型）,4.0,3.0,3.0,3.0,1.0,4.0,4.0,5.0,4.0,"完全由政府出资,广告收入",完全不愿意,5.0,,不到6个月,5000-8000元,,,,,,,,,,,,,,,,,
392,198,外卖骑手,25-30岁,众包,商业区/写字楼为主,知道，但从没用过,超过12小时,上厕所不便,"充足的电瓶车停车位,应急庇护",社区便利店/超市内,B（综合保障型）,4.0,5.0,4.0,5.0,1.0,5.0,5.0,5.0,5.0,"由外卖平台承担,向骑手收取少量费用",视情况而定,5.0,,6个月-1年,8000-12000元,,,,,,,,,,,,,,,,,
393,317,外卖骑手,25-30岁,专送,商业区/写字楼为主,是，偶尔用,4-8小时,"身体疲劳无处缓解,找不到合适地方休息,饮水不便","充电续航,便利服务",社区便利店/超市内,A（高频便利型）,3.0,4.0,3.0,3.0,1.0,3.0,2.0,3.0,3.0,"完全由政府出资,向骑手收取少量费用",愿意支付,3.0,,不到6个月,8000-12000元,,,,,,,,,,,,,,,,,
394,503,外卖骑手,25-30岁,众包,混合区域,知道，但从没用过,8-12小时,身体疲劳无处缓解,"便利服务,充足的电瓶车停车位",社区便利店/超市内,A（高频便利型）,3.0,4.0,3.0,3.0,1.0,2.0,3.0,3.0,2.0,"广告收入,向骑手收取少量费用",愿意支付,3.0,,不到6个月,8000-12000元,,,,,,,,,,,,,,,,,
395,46,社区周边商户,41岁及以上,,,,,,,,,,,,,,,,,,,,,,,,药店/诊所,是，就在小区门口,很少,从未有过,非常愿意,安全责任问题,"平台流量曝光,水电补贴",,,,,,,,,,
396,204,外卖骑手,41岁及以上,众包,住宅区/社区为主,知道，但从没用过,4-8小时,"身体疲劳无处缓解,饮水不便","便利服务,基础休憩",闲置核酸亭/集装箱改造,C（弹性流动型）,5.0,5.0,5.0,5.0,1.0,5.0,4.0,5.0,4.0,"广告收入,完全由政府出资",愿意支付,3.0,,6个月-1年,8000-12000元,,,,,,,,,,,,,,,,,
397,1095,外卖骑手,25-30岁,众包,商业区/写字楼为主,知道，但从没用过,超过12小时,"饮水不便,手机/电瓶车充电难","充电续航,应急庇护",小区出入口/门卫室附近,B（综合保障型）,4.0,4.0,4.0,4.0,2.0,4.0,4.0,4.0,4.0,"由外卖平台承担,完全由政府出资",不太愿意,2.0,,6个月-1年,8000-12000元,,,,,,,,,,,,,,,,,
398,400,社区周边商户,31-40岁,,,,,,,,,,,,,,,,,,,,,,,,餐饮店,否,偶尔来,从未有过,非常愿意,"影响店面卫生,安全责任问题","水电补贴,平台流量曝光",,,,,,,,,,
399,1295,社区居民,18-24岁,,,,,,,,,,,,,,,,,,,,,,,,,,,,,,,,偶尔看到,影响美观,不太支持,是,充电消防隐患,"禁止吸烟,物业监督",不太愿意,,1-5年
400,390,外卖骑手,31-40岁,众包,混合区域,完全不知道,4-8小时,找不到合适地方休息,"便利服务,充足的电瓶车停车位",社区便利店/超市内,B（综合保障型）,3.0,3.0,2.0,3.0,1.0,3.0,3.0,2.0,3.0,"向骑手收取少量费用,广告收入",视情况而定,4.0,,不到6个月,5000元以下,,,,,,,,,,,,,,,,,
401,437,外卖骑手,18-24岁,众包,住宅区/社区为主,是，经常用,少于4小时,找不到合适地方休息,"充电续航,应急庇护",社区便利店/超市内,A（高频便利型）,4.0,4.0,4.0,4.0,1.0,4.0,5.0,5.0,5.0,"完全由政府出资,广告收入",不太愿意,3.0,,不到6个月,5000-8000元,,,,,,,,,,,,,,,,,
402,859,社区周边商户,41岁及以上,,,,,,,,,,,,,,,,,,,,,,,,其他服务店,否,偶尔来,从未有过,可以考虑,"影响店面卫生,安全责任问题",平台流量曝光,,,,,,,,,,
403,481,外卖骑手,25-30岁,众包,混合区域,是，经常用,超过12小时,"身体疲劳无处缓解,饮水不便","充电续航,应急庇护",小区出入口/门卫室附近,A（高频便利型）,5.0,5.0,4.0,5.0,1.0,5.0,5.0,4.0,4.0,"由外卖平台承担,完全由政府出资",完全不愿意,1.0,,6个月-1年,12000元以上,,,,,,,,,,,,,,,,,
404,268,社区周边商户,41岁及以上,,,,,,,,,,,,,,,,,,,,,,,,其他服务店,否,很少,经常有,不愿意,"影响店面卫生,安全责任问题","平台流量曝光,水电补贴",,,,,,,,,,
405,1082,社区周边商户,25-30岁,,,,,,,,,,,,,,,,,,,,,,,,药店/诊所,是，在100米内,偶尔来,偶尔有,可以考虑,"安全责任问题,影响店面卫生","水电补贴,平台流量曝光",,,,,,,,,,
406,318,外卖骑手,25-30岁,众包,混合区域,完全不知道,8-12小时,"上厕所不便,身体疲劳无处缓解","充足的电瓶车停车位,充电续航",社区便利店/超市内,A（高频便利型）,4.0,4.0,4.0,4.0,1.0,4.0,4.0,4.0,3.0,"由外卖平台承担,向骑手收取少量费用",完全不愿意,2.0,,不到6个月,5000-8000元,,,,,,,,,,,,,,,,,
407,302,外卖骑手,18-24岁,众包,混合区域,完全不知道,超过12小时,找不到合适地方休息,"应急庇护,充足的电瓶车停车位",小区出入口/门卫室附近,A（高频便利型）,3.0,4.0,3.0,4.0,1.0,3.0,3.0,3.0,3.0,"广告收入,完全由政府出资",视情况而定,1.0,,1-3年,8000-12000元,,,,,,,,,,,,,,,,,
408,1078,外卖骑手,25-30岁,专送,商业区/写字楼为主,知道，但从没用过,4-8小时,"身体疲劳无处缓解,手机/电瓶车充电难,饮水不便","充电续航,充足的电瓶车停车位",小区出入口/门卫室附近,B（综合保障型）,4.0,5.0,4.0,5.0,1.0,5.0,5.0,5.0,4.0,"广告收入,由外卖平台承担",视情况而定,1.0,,1-3年,12000元以上,,,,,,,,,,,,,,,,,
409,316,社区居民,41岁及以上,,,,,,,,,,,,,,,,,,,,,,,,,,,,,,,,偶尔看到,没感觉,中立,否,"充电消防隐患,噪音/卫生问题",物业监督,不太愿意,,5年以上
410,122,外卖骑手,31-40岁,专送,住宅区/社区为主,是，偶尔用,超过12小时,手机/电瓶车充电难,"应急庇护,便利服务",社区便利店/超市内,A（高频便利型）,3.0,4.0,4.0,4.0,1.0,4.0,3.0,5.0,4.0,"由外卖平台承担,完全由政府出资",视情况而定,4.0,,3年以上,5000-8000元,,,,,,,,,,,,,,,,,
411,220,社区居民,31-40岁,,,,,,,,,,,,,,,,,,,,,,,,,,,,,,,,经常看到,影响美观,中立,否,"充电消防隐患,噪音/卫生问题",物业监督,不太愿意,,1-5年
412,219,外卖骑手,25-30岁,众包,住宅区/社区为主,知道，但从没用过,8-12小时,"饮水不便,找不到合适地方休息,手机/电瓶车充电难","充足的电瓶车停车位,充电续航",社区便利店/超市内,A（高频便利型）,3.0,4.0,4.0,3.0,1.0,4.0,4.0,4.0,4.0,"由外卖平台承担,向骑手收取少量费用",不太愿意,1.0,,不到6个月,12000元以上,,,,,,,,,,,,,,,,,
413,294,外卖骑手,25-30岁,众包,住宅区/社区为主,知道，但从没用过,8-12小时,"饮水不便,上厕所不便,手机/电瓶车充电难","充足的电瓶车停车位,便利服务",小区出入口/门卫室附近,B（综合保障型）,3.0,3.0,2.0,3.0,1.0,3.0,3.0,3.0,2.0,"由外卖平台承担,广告收入",完全不愿意,2.0,,不到6个月,8000-12000元,,,,,,,,,,,,,,,,,
414,1549,社区居民,31-40岁,,,,,,,,,,,,,,,,,,,,,,,,,,,,,,,,经常看到,不希望聚集,比较支持,否,"充电消防隐患,噪音/卫生问题","物业监督,禁止吸烟",愿意,,1-5年
415,429,外卖骑手,25-30岁,众包,商业区/写字楼为主,完全不知道,8-12小时,"找不到合适地方休息,饮水不便,身体疲劳无处缓解","便利服务,充电续航",社区便利店/超市内,A（高频便利型）,3.0,4.0,3.0,4.0,1.0,3.0,3.0,4.0,3.0,"向骑手收取少量费用,完全由政府出资",不太愿意,1.0,,不到6个月,8000-12000元,,,,,,,,,,,,,,,,,
416,181,社区居民,18-24岁,,,,,,,,,,,,,,,,,,,,,,,,,,,,,,,,偶尔看到,觉得辛苦,比较支持,是,"充电消防隐患,噪音/卫生问题","物业监督,禁止吸烟",无所谓,,5年以上
417,145,社区周边商户,18-24岁,,,,,,,,,,,,,,,,,,,,,,,,其他服务店,是，就在小区门口,偶尔来,很少有,可以考虑,"安全责任问题,影响店面卫生",平台流量曝光,,,,,,,,,,
418,160,社区周边商户,18-24岁,,,,,,,,,,,,,,,,,,,,,,,,其他服务店,是，在100米内,偶尔来,很少有,非常愿意,影响店面卫生,"平台流量曝光,水电补贴",,,,,,,,,,
419,226,社区周边商户,41岁及以上,,,,,,,,,,,,,,,,,,,,,,,,药店/诊所,否,很少,偶尔有,非常愿意,"安全责任问题,影响店面卫生",平台流量曝光,,,,,,,,,,
420,114,外卖骑手,18-24岁,众包,住宅区/社区为主,知道，但从没用过,4-8小时,手机/电瓶车充电难,"基础休憩,充电续航",小区出入口/门卫室附近,A（高频便利型）,4.0,4.0,5.0,5.0,1.0,4.0,4.0,4.0,5.0,"向骑手收取少量费用,完全由政府出资",愿意支付,2.0,,1-3年,12000元以上,,,,,,,,,,,,,,,,,
421,71,社区周边商户,18-24岁,,,,,,,,,,,,,,,,,,,,,,,,餐饮店,是，就在小区门口,偶尔来,很少有,可以考虑,"影响店面卫生,安全责任问题",平台流量曝光,,,,,,,,,,
422,491,外卖骑手,18-24岁,众包,住宅区/社区为主,是，经常用,8-12小时,"饮水不便,找不到合适地方休息,身体疲劳无处缓解","便利服务,充电续航",社区便利店/超市内,A（高频便利型）,3.0,4.0,4.0,4.0,1.0,4.0,4.0,4.0,4.0,"由外卖平台承担,向骑手收取少量费用",不太愿意,4.0,,不到6个月,5000元以下,,,,,,,,,,,,,,,,,
423,171,社区周边商户,41岁及以上,,,,,,,,,,,,,,,,,,,,,,,,餐饮店,否,是，经常来,经常有,不愿意,"影响店面卫生,安全责任问题","水电补贴,平台流量曝光",,,,,,,,,,
424,328,外卖骑手,31-40岁,众包,商业区/写字楼为主,知道，但从没用过,4-8小时,"上厕所不便,身体疲劳无处缓解","充足的电瓶车停车位,应急庇护",小区出入口/门卫室附近,A（高频便利型）,3.0,3.0,3.0,3.0,4.0,3.0,3.0,3.0,3.0,"完全由政府出资,广告收入",愿意支付,5.0,,3年以上,5000-8000元,,,,,,,,,,,,,,,,,
425,234,外卖骑手,41岁及以上,专送,住宅区/社区为主,知道，但从没用过,4-8小时,"饮水不便,手机/电瓶车充电难,身体疲劳无处缓解","便利服务,应急庇护",社区便利店/超市内,C（弹性流动型）,4.0,4.0,4.0,4.0,1.0,4.0,4.0,4.0,5.0,"向骑手收取少量费用,广告收入",视情况而定,5.0,,1-3年,5000-8000元,,,,,,,,,,,,,,,,,
426,656,外卖骑手,18-24岁,众包,住宅区/社区为主,是，偶尔用,少于4小时,"上厕所不便,身体疲劳无处缓解,手机/电瓶车充电难","充电续航,充足的电瓶车停车位",社区便利店/超市内,B（综合保障型）,5.0,4.0,4.0,4.0,1.0,4.0,3.0,4.0,4.0,"完全由政府出资,广告收入",不太愿意,4.0,,1-3年,5000-8000元,,,,,,,,,,,,,,,,,
427,396,社区居民,31-40岁,,,,,,,,,,,,,,,,,,,,,,,,,,,,,,,,偶尔看到,不希望聚集,非常支持,否,"充电消防隐患,噪音/卫生问题",物业监督,不太愿意,,少于1年
428,422,外卖骑手,41岁及以上,众包,混合区域,完全不知道,超过12小时,"饮水不便,上厕所不便","应急庇护,便利服务",社区便利店/超市内,A（高频便利型）,4.0,3.0,4.0,4.0,1.0,3.0,3.0,3.0,4.0,"由外卖平台承担,广告收入",愿意支付,5.0,,6个月-1年,12000元以上,,,,,,,,,,,,,,,,,
429,368,社区居民,18-24岁,,,,,,,,,,,,,,,,,,,,,,,,,,,,,,,,偶尔看到,不希望聚集,非常支持,是,"充电消防隐患,噪音/卫生问题","物业监督,禁止吸烟",无所谓,,1-5年
430,116,外卖骑手,25-30岁,众包,混合区域,是，偶尔用,8-12小时,手机/电瓶车充电难,"应急庇护,基础休憩",社区便利店/超市内,A（高频便利型）,5.0,5.0,4.0,5.0,1.0,4.0,5.0,4.0,4.0,"向骑手收取少量费用,由外卖平台承担",完全不愿意,5.0,,不到6个月,8000-12000元,,,,,,,,,,,,,,,,,
431,177,社区周边商户,18-24岁,,,,,,,,,,,,,,,,,,,,,,,,其他服务店,是，就在小区门口,很少,很少有,非常愿意,影响店面卫生,水电补贴,,,,,,,,,,
432,120,社区周边商户,41岁及以上,,,,,,,,,,,,,,,,,,,,,,,,便利店/小超市,是，在100米内,偶尔来,经常有,不愿意,"影响店面卫生,安全责任问题","平台流量曝光,水电补贴",,,,,,,,,,
433,197,外卖骑手,18-24岁,专送,商业区/写字楼为主,知道，但从没用过,超过12小时,"手机/电瓶车充电难,身体疲劳无处缓解","充电续航,充足的电瓶车停车位",社区便利店/超市内,B（综合保障型）,5.0,5.0,5.0,5.0,2.0,5.0,5.0,5.0,5.0,"由外卖平台承担,向骑手收取少量费用",不太愿意,3.0,,6个月-1年,8000-12000元,,,,,,,,,,,,,,,,,
434,318,社区居民,41岁及以上,,,,,,,,,,,,,,,,,,,,,,,,,,,,,,,,很少看到,没感觉,中立,是,"充电消防隐患,噪音/卫生问题",物业监督,无所谓,,少于1年
435,204,外卖骑手,25-30岁,众包,混合区域,完全不知道,少于4小时,"身体疲劳无处缓解,找不到合适地方休息,上厕所不便","应急庇护,充电续航",社区便利店/超市内,A（高频便利型）,3.0,3.0,3.0,3.0,1.0,4.0,3.0,3.0,3.0,"广告收入,向骑手收取少量费用",愿意支付,2.0,,不到6个月,5000元以下,,,,,,,,,,,,,,,,,
436,372,外卖骑手,31-40岁,专送,混合区域,是，经常用,少于4小时,"上厕所不便,饮水不便","充足的电瓶车停车位,基础休憩",社区便利店/超市内,A（高频便利型）,4.0,4.0,4.0,4.0,1.0,4.0,3.0,4.0,3.0,"完全由政府出资,广告收入",不太愿意,4.0,,6个月-1年,5000元以下,,,,,,,,,,,,,,,,,
437,431,外卖骑手,18-24岁,专送,商业区/写字楼为主,是，偶尔用,4-8小时,"上厕所不便,找不到合适地方休息","基础休憩,充足的电瓶车停车位",社区便利店/超市内,B（综合保障型）,3.0,4.0,4.0,4.0,2.0,4.0,4.0,4.0,4.0,"向骑手收取少量费用,完全由政府出资",完全不愿意,4.0,,1-3年,5000-8000元,,,,,,,,,,,,,,,,,
438,341,社区周边商户,31-40岁,,,,,,,,,,,,,,,,,,,,,,,,便利店/小超市,是，在100米内,是，经常来,很少有,非常愿意,安全责任问题,"水电补贴,平台流量曝光",,,,,,,,,,
439,233,社区周边商户,31-40岁,,,,,,,,,,,,,,,,,,,,,,,,其他服务店,是，在100米内,很少,很少有,非常愿意,"安全责任问题,影响店面卫生",平台流量曝光,,,,,,,,,,
440,1118,外卖骑手,18-24岁,专送,商业区/写字楼为主,是，偶尔用,少于4小时,"饮水不便,上厕所不便","充足的电瓶车停车位,应急庇护",小区出入口/门卫室附近,C（弹性流动型）,4.0,4.0,3.0,4.0,1.0,4.0,4.0,4.0,4.0,"广告收入,向骑手收取少量费用",不太愿意,2.0,,不到6个月,5000-8000元,,,,,,,,,,,,,,,,,
441,198,社区周边商户,41岁及以上,,,,,,,,,,,,,,,,,,,,,,,,其他服务店,是，在100米内,偶尔来,偶尔有,可以考虑,影响店面卫生,"平台流量曝光,水电补贴",,,,,,,,,,
442,203,社区居民,18-24岁,,,,,,,,,,,,,,,,,,,,,,,,,,,,,,,,经常看到,不希望聚集,比较支持,否,"充电消防隐患,噪音/卫生问题","禁止吸烟,物业监督",愿意,,5年以上
443,809,社区周边商户,25-30岁,,,,,,,,,,,,,,,,,,,,,,,,其他服务店,是，在100米内,偶尔来,经常有,不愿意,影响店面卫生,平台流量曝光,,,,,,,,,,
444,488,外卖骑手,18-24岁,众包,混合区域,是，偶尔用,4-8小时,"饮水不便,身体疲劳无处缓解","充足的电瓶车停车位,充电续航",社区便利店/超市内,A（高频便利型）,5.0,4.0,5.0,5.0,1.0,4.0,5.0,4.0,5.0,"由外卖平台承担,向骑手收取少量费用",不太愿意,3.0,,1-3年,12000元以上,,,,,,,,,,,,,,,,,
445,392,外卖骑手,41岁及以上,众包,混合区域,知道，但从没用过,超过12小时,"上厕所不便,饮水不便,手机/电瓶车充电难","基础休憩,充电续航",社区便利店/超市内,B（综合保障型）,3.0,3.0,3.0,5.0,1.0,3.0,3.0,5.0,4.0,"由外卖平台承担,向骑手收取少量费用",愿意支付,4.0,,6个月-1年,5000元以下,,,,,,,,,,,,,,,,,
446,104,外卖骑手,18-24岁,众包,商业区/写字楼为主,是，偶尔用,超过12小时,"上厕所不便,手机/电瓶车充电难","基础休憩,充电续航",社区便利店/超市内,B（综合保障型）,4.0,4.0,4.0,3.0,5.0,3.0,4.0,4.0,4.0,"由外卖平台承担,向骑手收取少量费用",愿意支付,2.0,,1-3年,12000元以上,,,,,,,,,,,,,,,,,
447,404,外卖骑手,25-30岁,众包,商业区/写字楼为主,完全不知道,超过12小时,"饮水不便,找不到合适地方休息,身体疲劳无处缓解","基础休憩,便利服务",小区出入口/门卫室附近,B（综合保障型）,4.0,4.0,4.0,4.0,1.0,3.0,3.0,3.0,3.0,"由外卖平台承担,向骑手收取少量费用",视情况而定,2.0,,不到6个月,8000-12000元,,,,,,,,,,,,,,,,,
448,302,外卖骑手,25-30岁,专送,商业区/写字楼为主,完全不知道,少于4小时,"身体疲劳无处缓解,找不到合适地方休息","充电续航,充足的电瓶车停车位",小区出入口/门卫室附近,A（高频便利型）,3.0,4.0,3.0,4.0,1.0,4.0,3.0,3.0,3.0,"向骑手收取少量费用,由外卖平台承担",完全不愿意,4.0,,6个月-1年,8000-12000元,,,,,,,,,,,,,,,,,
449,255,社区居民,41岁及以上,,,,,,,,,,,,,,,,,,,,,,,,,,,,,,,,经常看到,没感觉,非常支持,是,噪音/卫生问题,"物业监督,禁止吸烟",愿意,,1-5年
450,509,外卖骑手,18-24岁,众包,商业区/写字楼为主,是，经常用,8-12小时,上厕所不便,"便利服务,充电续航",闲置核酸亭/集装箱改造,B（综合保障型）,5.0,5.0,4.0,5.0,1.0,5.0,5.0,5.0,5.0,"由外卖平台承担,广告收入",愿意支付,3.0,,不到6个月,8000-12000元,,,,,,,,,,,,,,,,,
451,102,社区居民,25-30岁,,,,,,,,,,,,,,,,,,,,,,,,,,,,,,,,很少看到,觉得辛苦,比较支持,是,噪音/卫生问题,"物业监督,禁止吸烟",愿意,,5年以上
452,87,外卖骑手,25-30岁,众包,混合区域,完全不知道,超过12小时,手机/电瓶车充电难,"基础休憩,充足的电瓶车停车位",社区便利店/超市内,A（高频便利型）,5.0,4.0,4.0,4.0,1.0,5.0,4.0,4.0,4.0,"完全由政府出资,由外卖平台承担",视情况而定,2.0,,不到6个月,8000-12000元,,,,,,,,,,,,,,,,,
453,386,外卖骑手,41岁及以上,众包,商业区/写字楼为主,知道，但从没用过,8-12小时,"找不到合适地方休息,饮水不便","便利服务,基础休憩",社区便利店/超市内,A（高频便利型）,3.0,4.0,5.0,4.0,1.0,4.0,4.0,4.0,4.0,"向骑手收取少量费用,由外卖平台承担",愿意支付,5.0,,1-3年,12000元以上,,,,,,,,,,,,,,,,,
454,363,社区周边商户,18-24岁,,,,,,,,,,,,,,,,,,,,,,,,餐饮店,否,偶尔来,偶尔有,可以考虑,"安全责任问题,影响店面卫生",平台流量曝光,,,,,,,,,,
455,694,社区居民,18-24岁,,,,,,,,,,,,,,,,,,,,,,,,,,,,,,,,很少看到,不希望聚集,比较支持,是,"噪音/卫生问题,充电消防隐患",物业监督,愿意,,1-5年
456,72,社区居民,41岁及以上,,,,,,,,,,,,,,,,,,,,,,,,,,,,,,,,很少看到,觉得辛苦,非常支持,是,噪音/卫生问题,"禁止吸烟,物业监督",愿意,,1-5年
457,1028,外卖骑手,31-40岁,众包,混合区域,是，偶尔用,4-8小时,找不到合适地方休息,"便利服务,基础休憩",小区出入口/门卫室附近,A（高频便利型）,5.0,5.0,5.0,5.0,5.0,5.0,5.0,5.0,5.0,"广告收入,向骑手收取少量费用",不太愿意,3.0,,不到6个月,8000-12000元,,,,,,,,,,,,,,,,,
458,248,社区周边商户,31-40岁,,,,,,,,,,,,,,,,,,,,,,,,药店/诊所,是，在100米内,偶尔来,从未有过,可以考虑,安全责任问题,"水电补贴,平台流量曝光",,,,,,,,,,
460,359,外卖骑手,18-24岁,众包,住宅区/社区为主,是，经常用,少于4小时,上厕所不便,"充足的电瓶车停车位,便利服务",小区出入口/门卫室附近,A（高频便利型）,5.0,5.0,5.0,4.0,1.0,4.0,5.0,5.0,5.0,"完全由政府出资,由外卖平台承担",视情况而定,1.0,,6个月-1年,5000-8000元,,,,,,,,,,,,,,,,,
461,140,社区居民,31-40岁,,,,,,,,,,,,,,,,,,,,,,,,,,,,,,,,很少看到,没感觉,中立,否,"噪音/卫生问题,充电消防隐患","禁止吸烟,物业监督",愿意,,5年以上
462,473,外卖骑手,25-30岁,专送,混合区域,知道，但从没用过,4-8小时,"找不到合适地方休息,身体疲劳无处缓解","充电续航,应急庇护",社区便利店/超市内,A（高频便利型）,5.0,5.0,5.0,5.0,1.0,5.0,5.0,4.0,4.0,"完全由政府出资,广告收入",愿意支付,4.0,,6个月-1年,8000-12000元,,,,,,,,,,,,,,,,,
463,329,社区居民,25-30岁,,,,,,,,,,,,,,,,,,,,,,,,,,,,,,,,很少看到,不希望聚集,中立,否,充电消防隐患,物业监督,不太愿意,,少于1年
465,171,外卖骑手,25-30岁,众包,混合区域,完全不知道,超过12小时,上厕所不便,"应急庇护,充足的电瓶车停车位",社区便利店/超市内,B（综合保障型）,2.0,2.0,2.0,3.0,1.0,3.0,3.0,3.0,3.0,"完全由政府出资,由外卖平台承担",完全不愿意,3.0,,6个月-1年,8000-12000元,,,,,,,,,,,,,,,,,
466,539,社区周边商户,18-24岁,,,,,,,,,,,,,,,,,,,,,,,,其他服务店,是，在100米内,很少,从未有过,非常愿意,影响店面卫生,水电补贴,,,,,,,,,,
467,218,外卖骑手,31-40岁,众包,住宅区/社区为主,是，偶尔用,8-12小时,找不到合适地方休息,"充足的电瓶车停车位,便利服务",闲置核酸亭/集装箱改造,A（高频便利型）,3.0,4.0,3.0,3.0,1.0,3.0,4.0,4.0,4.0,"由外卖平台承担,完全由政府出资",不太愿意,2.0,,1-3年,12000元以上,,,,,,,,,,,,,,,,,
468,326,外卖骑手,31-40岁,专送,住宅区/社区为主,知道，但从没用过,超过12小时,"找不到合适地方休息,身体疲劳无处缓解","充电续航,基础休憩",社区便利店/超市内,A（高频便利型）,4.0,3.0,3.0,2.0,1.0,3.0,4.0,2.0,3.0,"向骑手收取少量费用,完全由政府出资",完全不愿意,5.0,,不到6个月,12000元以上,,,,,,,,,,,,,,,,,
469,166,社区居民,31-40岁,,,,,,,,,,,,,,,,,,,,,,,,,,,,,,,,经常看到,觉得辛苦,比较支持,是,"噪音/卫生问题,充电消防隐患",物业监督,愿意,,5年以上
470,541,外卖骑手,18-24岁,众包,混合区域,是，偶尔用,4-8小时,"上厕所不便,饮水不便","充足的电瓶车停车位,便利服务",小区出入口/门卫室附近,B（综合保障型）,3.0,4.0,3.0,4.0,3.0,4.0,3.0,4.0,4.0,"完全由政府出资,由外卖平台承担",视情况而定,1.0,,1-3年,12000元以上,,,,,,,,,,,,,,,,,
471,132,社区周边商户,41岁及以上,,,,,,,,,,,,,,,,,,,,,,,,药店/诊所,否,是，经常来,经常有,非常愿意,"影响店面卫生,安全责任问题","水电补贴,平台流量曝光",,,,,,,,,,
472,319,社区周边商户,31-40岁,,,,,,,,,,,,,,,,,,,,,,,,便利店/小超市,否,偶尔来,很少有,不愿意,"安全责任问题,影响店面卫生","水电补贴,平台流量曝光",,,,,,,,,,
473,621,外卖骑手,31-40岁,专送,商业区/写字楼为主,知道，但从没用过,8-12小时,"找不到合适地方休息,手机/电瓶车充电难","便利服务,充足的电瓶车停车位",社区便利店/超市内,A（高频便利型）,4.0,4.0,5.0,4.0,4.0,4.0,4.0,5.0,4.0,"向骑手收取少量费用,由外卖平台承担",不太愿意,4.0,,6个月-1年,5000-8000元,,,,,,,,,,,,,,,,,
474,286,外卖骑手,25-30岁,众包,住宅区/社区为主,完全不知道,4-8小时,"手机/电瓶车充电难,身体疲劳无处缓解","基础休憩,充足的电瓶车停车位",社区党群服务中心,A（高频便利型）,5.0,4.0,4.0,5.0,1.0,5.0,5.0,4.0,4.0,"完全由政府出资,向骑手收取少量费用",视情况而定,4.0,,不到6个月,5000-8000元,,,,,,,,,,,,,,,,,
475,523,社区周边商户,25-30岁,,,,,,,,,,,,,,,,,,,,,,,,便利店/小超市,是，就在小区门口,偶尔来,很少有,非常愿意,"安全责任问题,影响店面卫生",平台流量曝光,,,,,,,,,,
476,447,外卖骑手,18-24岁,众包,住宅区/社区为主,是，偶尔用,超过12小时,"饮水不便,手机/电瓶车充电难","基础休憩,充足的电瓶车停车位",闲置核酸亭/集装箱改造,A（高频便利型）,4.0,3.0,3.0,3.0,5.0,4.0,3.0,3.0,4.0,"由外卖平台承担,向骑手收取少量费用",完全不愿意,4.0,,不到6个月,5000元以下,,,,,,,,,,,,,,,,,
477,518,外卖骑手,41岁及以上,众包,住宅区/社区为主,完全不知道,4-8小时,"身体疲劳无处缓解,手机/电瓶车充电难","便利服务,充电续航",社区便利店/超市内,A（高频便利型）,4.0,4.0,3.0,3.0,1.0,3.0,3.0,4.0,3.0,"向骑手收取少量费用,广告收入",完全不愿意,3.0,,6个月-1年,8000-12000元,,,,,,,,,,,,,,,,,
478,200,外卖骑手,41岁及以上,专送,住宅区/社区为主,是，偶尔用,超过12小时,"手机/电瓶车充电难,身体疲劳无处缓解,饮水不便","充电续航,基础休憩",社区便利店/超市内,B（综合保障型）,3.0,3.0,3.0,2.0,1.0,2.0,2.0,3.0,3.0,"由外卖平台承担,完全由政府出资",完全不愿意,2.0,,不到6个月,8000-12000元,,,,,,,,,,,,,,,,,
479,554,社区周边商户,41岁及以上,,,,,,,,,,,,,,,,,,,,,,,,便利店/小超市,是，就在小区门口,偶尔来,经常有,非常愿意,影响店面卫生,"平台流量曝光,水电补贴",,,,,,,,,,
480,909,外卖骑手,18-24岁,众包,混合区域,是，经常用,8-12小时,"上厕所不便,饮水不便,找不到合适地方休息","充足的电瓶车停车位,便利服务",小区出入口/门卫室附近,B（综合保障型）,3.0,4.0,4.0,3.0,1.0,3.0,4.0,3.0,3.0,"由外卖平台承担,广告收入",视情况而定,5.0,,不到6个月,8000-12000元,,,,,,,,,,,,,,,,,
481,1045,社区居民,31-40岁,,,,,,,,,,,,,,,,,,,,,,,,,,,,,,,,经常看到,觉得辛苦,比较支持,否,"噪音/卫生问题,充电消防隐患",禁止吸烟,无所谓,,少于1年
482,278,社区居民,18-24岁,,,,,,,,,,,,,,,,,,,,,,,,,,,,,,,,经常看到,没感觉,非常支持,是,噪音/卫生问题,禁止吸烟,愿意,,5年以上
484,1068,外卖骑手,18-24岁,众包,混合区域,知道，但从没用过,少于4小时,上厕所不便,"应急庇护,充电续航",社区便利店/超市内,A（高频便利型）,3.0,3.0,4.0,3.0,1.0,4.0,3.0,3.0,4.0,"广告收入,完全由政府出资",视情况而定,3.0,,不到6个月,5000元以下,,,,,,,,,,,,,,,,,
485,116,外卖骑手,25-30岁,众包,住宅区/社区为主,是，偶尔用,超过12小时,"身体疲劳无处缓解,找不到合适地方休息,手机/电瓶车充电难","基础休憩,充电续航",社区便利店/超市内,B（综合保障型）,4.0,5.0,4.0,5.0,1.0,5.0,5.0,4.0,4.0,"向骑手收取少量费用,由外卖平台承担",不太愿意,5.0,,1-3年,12000元以上,,,,,,,,,,,,,,,,,
486,144,社区居民,25-30岁,,,,,,,,,,,,,,,,,,,,,,,,,,,,,,,,偶尔看到,影响美观,不太支持,是,"噪音/卫生问题,充电消防隐患","禁止吸烟,物业监督",无所谓,,少于1年
489,505,社区居民,25-30岁,,,,,,,,,,,,,,,,,,,,,,,,,,,,,,,,很少看到,觉得辛苦,比较支持,否,"充电消防隐患,噪音/卫生问题","禁止吸烟,物业监督",无所谓,,少于1年
490,368,外卖骑手,18-24岁,众包,混合区域,是，经常用,超过12小时,"手机/电瓶车充电难,找不到合适地方休息,身体疲劳无处缓解","充足的电瓶车停车位,充电续航",闲置核酸亭/集装箱改造,B（综合保障型）,4.0,4.0,5.0,5.0,1.0,5.0,4.0,4.0,5.0,"广告收入,由外卖平台承担",视情况而定,5.0,,6个月-1年,8000-12000元,,,,,,,,,,,,,,,,,
491,353,外卖骑手,25-30岁,众包,商业区/写字楼为主,是，经常用,4-8小时,"饮水不便,找不到合适地方休息","应急庇护,便利服务",小区出入口/门卫室附近,B（综合保障型）,3.0,3.0,3.0,4.0,1.0,4.0,4.0,4.0,4.0,"由外卖平台承担,完全由政府出资",不太愿意,5.0,,不到6个月,5000-8000元,,,,,,,,,,,,,,,,,
492,196,外卖骑手,25-30岁,众包,商业区/写字楼为主,完全不知道,超过12小时,"手机/电瓶车充电难,饮水不便,身体疲劳无处缓解","应急庇护,充电续航",社区便利店/超市内,A（高频便利型）,5.0,5.0,5.0,5.0,4.0,5.0,5.0,5.0,5.0,"广告收入,向骑手收取少量费用",不太愿意,1.0,,不到6个月,5000元以下,,,,,,,,,,,,,,,,,
493,80,外卖骑手,18-24岁,众包,住宅区/社区为主,是，经常用,4-8小时,"饮水不便,找不到合适地方休息,上厕所不便","便利服务,基础休憩",小区出入口/门卫室附近,A（高频便利型）,5.0,5.0,5.0,5.0,5.0,5.0,5.0,5.0,5.0,"由外卖平台承担,广告收入",愿意支付,5.0,,6个月-1年,5000元以下,,,,,,,,,,,,,,,,,
495,127,外卖骑手,25-30岁,众包,混合区域,是，偶尔用,4-8小时,"找不到合适地方休息,身体疲劳无处缓解","充电续航,便利服务",社区党群服务中心,B（综合保障型）,3.0,3.0,4.0,4.0,1.0,4.0,4.0,4.0,5.0,"完全由政府出资,由外卖平台承担",愿意支付,4.0,,6个月-1年,5000元以下,,,,,,,,,,,,,,,,,
496,358,社区周边商户,25-30岁,,,,,,,,,,,,,,,,,,,,,,,,餐饮店,否,是，经常来,很少有,非常愿意,安全责任问题,水电补贴,,,,,,,,,,
497,334,社区居民,31-40岁,,,,,,,,,,,,,,,,,,,,,,,,,,,,,,,,很少看到,觉得辛苦,非常支持,否,充电消防隐患,物业监督,愿意,,少于1年
498,596,外卖骑手,25-30岁,众包,混合区域,完全不知道,少于4小时,"身体疲劳无处缓解,上厕所不便,手机/电瓶车充电难","应急庇护,充电续航",闲置核酸亭/集装箱改造,A（高频便利型）,4.0,4.0,3.0,4.0,4.0,4.0,4.0,4.0,4.0,"向骑手收取少量费用,由外卖平台承担",完全不愿意,3.0,,6个月-1年,5000-8000元,,,,,,,,,,,,,,,,,
499,770,社区居民,41岁及以上,,,,,,,,,,,,,,,,,,,,,,,,,,,,,,,,经常看到,影响美观,不太支持,否,噪音/卫生问题,"禁止吸烟,物业监督",无所谓,,5年以上
500,559,社区居民,25-30岁,,,,,,,,,,,,,,,,,,,,,,,,,,,,,,,,经常看到,没感觉,非常支持,是,"噪音/卫生问题,充电消防隐患","物业监督,禁止吸烟",不太愿意,,少于1年
501,189,社区居民,31-40岁,,,,,,,,,,,,,,,,,,,,,,,,,,,,,,,,偶尔看到,觉得辛苦,不太支持,是,"充电消防隐患,噪音/卫生问题",禁止吸烟,不太愿意,,1-5年
502,282,外卖骑手,25-30岁,专送,商业区/写字楼为主,完全不知道,超过12小时,找不到合适地方休息,"充电续航,充足的电瓶车停车位",社区便利店/超市内,A（高频便利型）,3.0,4.0,3.0,3.0,1.0,4.0,3.0,4.0,3.0,"完全由政府出资,由外卖平台承担",视情况而定,5.0,,不到6个月,8000-12000元,,,,,,,,,,,,,,,,,
503,526,外卖骑手,25-30岁,众包,商业区/写字楼为主,是，经常用,8-12小时,手机/电瓶车充电难,"充足的电瓶车停车位,基础休憩",社区便利店/超市内,B（综合保障型）,3.0,3.0,4.0,3.0,1.0,3.0,3.0,3.0,3.0,"由外卖平台承担,广告收入",不太愿意,1.0,,1-3年,12000元以上,,,,,,,,,,,,,,,,,
504,364,社区居民,25-30岁,,,,,,,,,,,,,,,,,,,,,,,,,,,,,,,,经常看到,不希望聚集,非常支持,是,充电消防隐患,物业监督,不太愿意,,1-5年
505,194,外卖骑手,31-40岁,众包,住宅区/社区为主,是，经常用,少于4小时,找不到合适地方休息,"充电续航,基础休憩",闲置核酸亭/集装箱改造,A（高频便利型）,5.0,5.0,5.0,5.0,3.0,5.0,5.0,5.0,5.0,"完全由政府出资,广告收入",愿意支付,3.0,,6个月-1年,5000-8000元,,,,,,,,,,,,,,,,,
506,188,外卖骑手,18-24岁,专送,住宅区/社区为主,是，偶尔用,少于4小时,"手机/电瓶车充电难,上厕所不便,饮水不便","应急庇护,充电续航",小区出入口/门卫室附近,B（综合保障型）,4.0,4.0,5.0,4.0,1.0,4.0,5.0,4.0,4.0,"广告收入,由外卖平台承担",不太愿意,1.0,,6个月-1年,5000-8000元,,,,,,,,,,,,,,,,,
508,403,社区居民,18-24岁,,,,,,,,,,,,,,,,,,,,,,,,,,,,,,,,偶尔看到,没感觉,不太支持,是,"噪音/卫生问题,充电消防隐患","物业监督,禁止吸烟",愿意,,5年以上
509,215,外卖骑手,25-30岁,众包,住宅区/社区为主,知道，但从没用过,超过12小时,手机/电瓶车充电难,"充电续航,便利服务",小区出入口/门卫室附近,A（高频便利型）,5.0,4.0,5.0,5.0,1.0,4.0,4.0,5.0,5.0,"向骑手收取少量费用,由外卖平台承担",完全不愿意,1.0,,6个月-1年,5000-8000元,,,,,,,,,,,,,,,,,
510,615,外卖骑手,41岁及以上,众包,住宅区/社区为主,是，偶尔用,4-8小时,上厕所不便,"便利服务,充足的电瓶车停车位",闲置核酸亭/集装箱改造,A（高频便利型）,4.0,4.0,4.0,4.0,1.0,4.0,3.0,3.0,4.0,"完全由政府出资,由外卖平台承担",视情况而定,1.0,,1-3年,5000元以下,,,,,,,,,,,,,,,,,
511,760,社区周边商户,25-30岁,,,,,,,,,,,,,,,,,,,,,,,,其他服务店,是，就在小区门口,是，经常来,从未有过,可以考虑,"安全责任问题,影响店面卫生",平台流量曝光,,,,,,,,,,
512,482,外卖骑手,41岁及以上,众包,混合区域,完全不知道,4-8小时,"手机/电瓶车充电难,身体疲劳无处缓解,饮水不便","充足的电瓶车停车位,应急庇护",小区出入口/门卫室附近,A（高频便利型）,5.0,4.0,5.0,4.0,1.0,5.0,5.0,5.0,5.0,"由外卖平台承担,完全由政府出资",视情况而定,1.0,,6个月-1年,12000元以上,,,,,,,,,,,,,,,,,
513,110,外卖骑手,41岁及以上,众包,住宅区/社区为主,知道，但从没用过,超过12小时,"饮水不便,身体疲劳无处缓解","基础休憩,应急庇护",社区便利店/超市内,B（综合保障型）,5.0,5.0,5.0,5.0,1.0,4.0,5.0,5.0,5.0,"广告收入,向骑手收取少量费用",视情况而定,4.0,,1-3年,5000-8000元,,,,,,,,,,,,,,,,,
514,555,外卖骑手,25-30岁,众包,混合区域,知道，但从没用过,超过12小时,"饮水不便,手机/电瓶车充电难,找不到合适地方休息","基础休憩,便利服务",小区出入口/门卫室附近,A（高频便利型）,3.0,3.0,3.0,5.0,1.0,4.0,4.0,4.0,4.0,"由外卖平台承担,向骑手收取少量费用",愿意支付,1.0,,6个月-1年,8000-12000元,,,,,,,,,,,,,,,,,
515,514,外卖骑手,25-30岁,专送,商业区/写字楼为主,完全不知道,4-8小时,找不到合适地方休息,"充足的电瓶车停车位,应急庇护",社区便利店/超市内,C（弹性流动型）,4.0,4.0,4.0,4.0,5.0,4.0,4.0,4.0,4.0,"向骑手收取少量费用,由外卖平台承担",视情况而定,2.0,,3年以上,8000-12000元,,,,,,,,,,,,,,,,,
517,436,外卖骑手,18-24岁,众包,住宅区/社区为主,完全不知道,8-12小时,"上厕所不便,找不到合适地方休息,饮水不便","应急庇护,充足的电瓶车停车位",社区便利店/超市内,A（高频便利型）,4.0,4.0,4.0,4.0,1.0,4.0,4.0,4.0,3.0,"由外卖平台承担,广告收入",视情况而定,1.0,,6个月-1年,8000-12000元,,,,,,,,,,,,,,,,,
518,160,外卖骑手,31-40岁,专送,商业区/写字楼为主,知道，但从没用过,8-12小时,"找不到合适地方休息,身体疲劳无处缓解,上厕所不便","基础休憩,应急庇护",社区便利店/超市内,B（综合保障型）,3.0,3.0,3.0,3.0,1.0,3.0,3.0,2.0,2.0,"由外卖平台承担,向骑手收取少量费用",不太愿意,2.0,,3年以上,5000-8000元,,,,,,,,,,,,,,,,,
520,601,社区居民,25-30岁,,,,,,,,,,,,,,,,,,,,,,,,,,,,,,,,很少看到,觉得辛苦,中立,否,噪音/卫生问题,"禁止吸烟,物业监督",不太愿意,,5年以上
522,330,外卖骑手,25-30岁,众包,住宅区/社区为主,知道，但从没用过,8-12小时,"找不到合适地方休息,身体疲劳无处缓解,饮水不便","充电续航,基础休憩",闲置核酸亭/集装箱改造,A（高频便利型）,4.0,4.0,4.0,4.0,1.0,5.0,5.0,5.0,4.0,"广告收入,由外卖平台承担",完全不愿意,2.0,,6个月-1年,12000元以上,,,,,,,,,,,,,,,,,
523,177,社区居民,41岁及以上,,,,,,,,,,,,,,,,,,,,,,,,,,,,,,,,很少看到,影响美观,比较支持,否,"充电消防隐患,噪音/卫生问题",禁止吸烟,愿意,,1-5年
524,298,社区居民,31-40岁,,,,,,,,,,,,,,,,,,,,,,,,,,,,,,,,经常看到,觉得辛苦,中立,是,充电消防隐患,"物业监督,禁止吸烟",愿意,,1-5年
525,252,外卖骑手,18-24岁,众包,混合区域,知道，但从没用过,少于4小时,"上厕所不便,身体疲劳无处缓解","充足的电瓶车停车位,基础休憩",社区党群服务中心,A（高频便利型）,5.0,5.0,4.0,4.0,1.0,4.0,4.0,4.0,4.0,"由外卖平台承担,向骑手收取少量费用",愿意支付,1.0,,不到6个月,12000元以上,,,,,,,,,,,,,,,,,
526,180,外卖骑手,18-24岁,专送,商业区/写字楼为主,知道，但从没用过,超过12小时,"饮水不便,手机/电瓶车充电难","充足的电瓶车停车位,便利服务",社区便利店/超市内,B（综合保障型）,3.0,5.0,4.0,4.0,1.0,4.0,4.0,3.0,3.0,"由外卖平台承担,向骑手收取少量费用",视情况而定,3.0,,1-3年,5000-8000元,,,,,,,,,,,,,,,,,
527,367,社区居民,31-40岁,,,,,,,,,,,,,,,,,,,,,,,,,,,,,,,,经常看到,觉得辛苦,中立,否,充电消防隐患,物业监督,不太愿意,,1-5年
528,291,外卖骑手,31-40岁,专送,住宅区/社区为主,是，经常用,8-12小时,找不到合适地方休息,"应急庇护,便利服务",社区便利店/超市内,A（高频便利型）,4.0,4.0,5.0,4.0,1.0,5.0,4.0,4.0,5.0,"由外卖平台承担,向骑手收取少量费用",视情况而定,3.0,,1-3年,8000-12000元,,,,,,,,,,,,,,,,,
529,179,外卖骑手,25-30岁,众包,混合区域,是，经常用,8-12小时,"饮水不便,上厕所不便","基础休憩,应急庇护",社区便利店/超市内,A（高频便利型）,4.0,4.0,4.0,4.0,3.0,4.0,3.0,4.0,5.0,"广告收入,完全由政府出资",愿意支付,2.0,,1-3年,5000元以下,,,,,,,,,,,,,,,,,
530,1543,外卖骑手,18-24岁,众包,商业区/写字楼为主,知道，但从没用过,4-8小时,"手机/电瓶车充电难,上厕所不便,饮水不便","充足的电瓶车停车位,充电续航",社区党群服务中心,A（高频便利型）,5.0,5.0,5.0,5.0,2.0,5.0,5.0,5.0,5.0,"由外卖平台承担,向骑手收取少量费用",完全不愿意,2.0,,6个月-1年,8000-12000元,,,,,,,,,,,,,,,,,
531,144,社区周边商户,31-40岁,,,,,,,,,,,,,,,,,,,,,,,,餐饮店,是，就在小区门口,偶尔来,经常有,不愿意,"安全责任问题,影响店面卫生","平台流量曝光,水电补贴",,,,,,,,,,
532,665,社区居民,31-40岁,,,,,,,,,,,,,,,,,,,,,,,,,,,,,,,,偶尔看到,觉得辛苦,不太支持,是,"噪音/卫生问题,充电消防隐患",禁止吸烟,不太愿意,,5年以上
533,418,外卖骑手,25-30岁,众包,商业区/写字楼为主,完全不知道,4-8小时,手机/电瓶车充电难,"充电续航,便利服务",小区出入口/门卫室附近,B（综合保障型）,4.0,4.0,4.0,5.0,1.0,4.0,3.0,4.0,4.0,"完全由政府出资,由外卖平台承担",不太愿意,5.0,,6个月-1年,12000元以上,,,,,,,,,,,,,,,,,
534,663,外卖骑手,25-30岁,专送,商业区/写字楼为主,完全不知道,超过12小时,"上厕所不便,饮水不便","基础休憩,充足的电瓶车停车位",社区便利店/超市内,B（综合保障型）,4.0,3.0,4.0,4.0,1.0,4.0,4.0,4.0,4.0,"由外卖平台承担,完全由政府出资",不太愿意,4.0,,1-3年,8000-12000元,,,,,,,,,,,,,,,,,
535,2068,外卖骑手,25-30岁,众包,住宅区/社区为主,完全不知道,8-12小时,"手机/电瓶车充电难,上厕所不便,找不到合适地方休息","应急庇护,基础休憩",闲置核酸亭/集装箱改造,A（高频便利型）,4.0,4.0,4.0,4.0,1.0,4.0,4.0,3.0,4.0,"完全由政府出资,广告收入",不太愿意,2.0,,1-3年,12000元以上,,,,,,,,,,,,,,,,,
536,763,外卖骑手,18-24岁,众包,混合区域,是，偶尔用,8-12小时,上厕所不便,"基础休憩,便利服务",小区出入口/门卫室附近,A（高频便利型）,5.0,4.0,4.0,4.0,4.0,3.0,4.0,3.0,2.0,"完全由政府出资,向骑手收取少量费用",完全不愿意,2.0,,不到6个月,5000-8000元,,,,,,,,,,,,,,,,,
537,337,外卖骑手,18-24岁,众包,商业区/写字楼为主,是，偶尔用,4-8小时,身体疲劳无处缓解,"应急庇护,基础休憩",小区出入口/门卫室附近,A（高频便利型）,2.0,2.0,2.0,2.0,4.0,2.0,2.0,2.0,2.0,"由外卖平台承担,广告收入",不太愿意,5.0,,1-3年,12000元以上,,,,,,,,,,,,,,,,,
538,288,外卖骑手,18-24岁,众包,混合区域,知道，但从没用过,4-8小时,"身体疲劳无处缓解,手机/电瓶车充电难,上厕所不便","基础休憩,充足的电瓶车停车位",社区便利店/超市内,B（综合保障型）,3.0,2.0,3.0,4.0,1.0,3.0,3.0,4.0,4.0,"广告收入,完全由政府出资",不太愿意,3.0,,1-3年,5000元以下,,,,,,,,,,,,,,,,,
539,773,社区居民,18-24岁,,,,,,,,,,,,,,,,,,,,,,,,,,,,,,,,经常看到,不希望聚集,非常支持,是,"噪音/卫生问题,充电消防隐患","物业监督,禁止吸烟",愿意,,1-5年
540,630,外卖骑手,41岁及以上,众包,混合区域,知道，但从没用过,4-8小时,"手机/电瓶车充电难,上厕所不便","充电续航,基础休憩",小区出入口/门卫室附近,B（综合保障型）,5.0,5.0,4.0,5.0,1.0,5.0,5.0,4.0,4.0,"完全由政府出资,由外卖平台承担",愿意支付,3.0,,3年以上,5000元以下,,,,,,,,,,,,,,,,,
541,370,社区周边商户,41岁及以上,,,,,,,,,,,,,,,,,,,,,,,,餐饮店,是，就在小区门口,是，经常来,很少有,不愿意,"安全责任问题,影响店面卫生",平台流量曝光,,,,,,,,,,
542,145,社区周边商户,25-30岁,,,,,,,,,,,,,,,,,,,,,,,,其他服务店,否,很少,经常有,非常愿意,"安全责任问题,影响店面卫生","水电补贴,平台流量曝光",,,,,,,,,,
543,213,社区周边商户,41岁及以上,,,,,,,,,,,,,,,,,,,,,,,,便利店/小超市,否,很少,很少有,不愿意,"影响店面卫生,安全责任问题",水电补贴,,,,,,,,,,
544,363,社区居民,18-24岁,,,,,,,,,,,,,,,,,,,,,,,,,,,,,,,,偶尔看到,觉得辛苦,比较支持,是,"噪音/卫生问题,充电消防隐患","物业监督,禁止吸烟",无所谓,,少于1年
545,507,外卖骑手,31-40岁,众包,混合区域,知道，但从没用过,少于4小时,饮水不便,"基础休憩,应急庇护",社区党群服务中心,C（弹性流动型）,4.0,5.0,4.0,3.0,2.0,4.0,4.0,4.0,5.0,"广告收入,完全由政府出资",视情况而定,3.0,,6个月-1年,5000元以下,,,,,,,,,,,,,,,,,
546,515,社区居民,31-40岁,,,,,,,,,,,,,,,,,,,,,,,,,,,,,,,,很少看到,觉得辛苦,比较支持,否,"充电消防隐患,噪音/卫生问题",物业监督,愿意,,5年以上
547,267,社区居民,31-40岁,,,,,,,,,,,,,,,,,,,,,,,,,,,,,,,,经常看到,觉得辛苦,比较支持,是,充电消防隐患,"物业监督,禁止吸烟",不太愿意,,1-5年
548,179,外卖骑手,25-30岁,众包,混合区域,是，偶尔用,8-12小时,手机/电瓶车充电难,"充电续航,应急庇护",社区便利店/超市内,B（综合保障型）,4.0,5.0,4.0,5.0,1.0,5.0,5.0,5.0,4.0,"广告收入,完全由政府出资",完全不愿意,3.0,,不到6个月,5000-8000元,,,,,,,,,,,,,,,,,
549,455,社区周边商户,25-30岁,,,,,,,,,,,,,,,,,,,,,,,,便利店/小超市,是，就在小区门口,很少,偶尔有,可以考虑,影响店面卫生,"水电补贴,平台流量曝光",,,,,,,,,,
550,695,社区周边商户,18-24岁,,,,,,,,,,,,,,,,,,,,,,,,药店/诊所,是，在100米内,很少,经常有,可以考虑,安全责任问题,平台流量曝光,,,,,,,,,,
551,564,社区居民,18-24岁,,,,,,,,,,,,,,,,,,,,,,,,,,,,,,,,经常看到,影响美观,比较支持,否,"充电消防隐患,噪音/卫生问题","禁止吸烟,物业监督",不太愿意,,1-5年
554,294,外卖骑手,25-30岁,众包,商业区/写字楼为主,是，偶尔用,4-8小时,"饮水不便,找不到合适地方休息","充电续航,应急庇护",小区出入口/门卫室附近,B（综合保障型）,4.0,4.0,4.0,3.0,1.0,4.0,4.0,3.0,3.0,"由外卖平台承担,完全由政府出资",愿意支付,1.0,,6个月-1年,12000元以上,,,,,,,,,,,,,,,,,
555,429,外卖骑手,25-30岁,众包,商业区/写字楼为主,是，偶尔用,8-12小时,饮水不便,"充足的电瓶车停车位,应急庇护",社区便利店/超市内,B（综合保障型）,4.0,3.0,5.0,4.0,1.0,4.0,3.0,3.0,4.0,"完全由政府出资,由外卖平台承担",愿意支付,5.0,,3年以上,5000-8000元,,,,,,,,,,,,,,,,,
556,189,外卖骑手,25-30岁,众包,商业区/写字楼为主,是，偶尔用,8-12小时,找不到合适地方休息,"充足的电瓶车停车位,便利服务",社区便利店/超市内,A（高频便利型）,4.0,2.0,3.0,3.0,4.0,3.0,3.0,4.0,3.0,"广告收入,完全由政府出资",完全不愿意,5.0,,6个月-1年,5000元以下,,,,,,,,,,,,,,,,,
557,673,社区周边商户,25-30岁,,,,,,,,,,,,,,,,,,,,,,,,其他服务店,是，在100米内,很少,经常有,非常愿意,"影响店面卫生,安全责任问题",平台流量曝光,,,,,,,,,,
559,303,外卖骑手,41岁及以上,众包,商业区/写字楼为主,是，偶尔用,8-12小时,"找不到合适地方休息,上厕所不便","充足的电瓶车停车位,充电续航",社区便利店/超市内,B（综合保障型）,4.0,4.0,4.0,4.0,1.0,4.0,4.0,3.0,4.0,"广告收入,完全由政府出资",不太愿意,3.0,,6个月-1年,5000-8000元,,,,,,,,,,,,,,,,,
560,480,社区周边商户,41岁及以上,,,,,,,,,,,,,,,,,,,,,,,,餐饮店,是，就在小区门口,偶尔来,偶尔有,非常愿意,"影响店面卫生,安全责任问题","水电补贴,平台流量曝光",,,,,,,,,,
19,802,社区居民,25-30岁,,,,,,,,,,,,,,,,,,,,,,,,,,,,,,,,偶尔看到,影响美观,比较支持,否,"充电消防隐患,噪音/卫生问题",物业监督,愿意,,1-5年
229,310,社区居民,18-24岁,,,,,,,,,,,,,,,,,,,,,,,,,,,,,,,,经常看到,影响美观,比较支持,是,"噪音/卫生问题,充电消防隐患",物业监督,愿意,,5年以上
154,315,社区居民,41岁及以上,,,,,,,,,,,,,,,,,,,,,,,,,,,,,,,,经常看到,觉得辛苦,中立,是,噪音/卫生问题,"禁止吸烟,物业监督",不太愿意,,1-5年
89,60,社区居民,31-40岁,,,,,,,,,,,,,,,,,,,,,,,,,,,,,,,,偶尔看到,影响美观,不太支持,是,"噪音/卫生问题,充电消防隐患","禁止吸烟,物业监督",无所谓,,少于1年
12,874,社区居民,25-30岁,,,,,,,,,,,,,,,,,,,,,,,,,,,,,,,,偶尔看到,不希望聚集,比较支持,是,"噪音/卫生问题,充电消防隐患","禁止吸烟,物业监督",无所谓,,5年以上
233,383,社区居民,25-30岁,,,,,,,,,,,,,,,,,,,,,,,,,,,,,,,,很少看到,没感觉,非常支持,是,充电消防隐患,物业监督,无所谓,,少于1年
238,353,社区居民,25-30岁,,,,,,,,,,,,,,,,,,,,,,,,,,,,,,,,偶尔看到,影响美观,比较支持,否,"充电消防隐患,噪音/卫生问题","禁止吸烟,物业监督",愿意,,5年以上
14,50,社区居民,41岁及以上,,,,,,,,,,,,,,,,,,,,,,,,,,,,,,,,很少看到,没感觉,比较支持,是,"充电消防隐患,噪音/卫生问题","禁止吸烟,物业监督",无所谓,,1-5年
359,448,社区居民,41岁及以上,,,,,,,,,,,,,,,,,,,,,,,,,,,,,,,,很少看到,没感觉,中立,否,"充电消防隐患,噪音/卫生问题",物业监督,无所谓,,1-5年
532,452,社区居民,31-40岁,,,,,,,,,,,,,,,,,,,,,,,,,,,,,,,,偶尔看到,觉得辛苦,不太支持,是,"噪音/卫生问题,充电消防隐患",禁止吸烟,不太愿意,,5年以上
152,1009,社区居民,31-40岁,,,,,,,,,,,,,,,,,,,,,,,,,,,,,,,,很少看到,没感觉,非常支持,否,"噪音/卫生问题,充电消防隐患",禁止吸烟,无所谓,,少于1年
17,841,社区居民,18-24岁,,,,,,,,,,,,,,,,,,,,,,,,,,,,,,,,很少看到,没感觉,中立,否,"充电消防隐患,噪音/卫生问题",物业监督,愿意,,5年以上
165,145,社区居民,18-24岁,,,,,,,,,,,,,,,,,,,,,,,,,,,,,,,,很少看到,觉得辛苦,非常支持,是,噪音/卫生问题,物业监督,不太愿意,,1-5年
375,167,社区居民,25-30岁,,,,,,,,,,,,,,,,,,,,,,,,,,,,,,,,很少看到,没感觉,不太支持,否,"噪音/卫生问题,充电消防隐患","物业监督,禁止吸烟",无所谓,,1-5年
319,216,社区居民,31-40岁,,,,,,,,,,,,,,,,,,,,,,,,,,,,,,,,经常看到,没感觉,比较支持,否,充电消防隐患,禁止吸烟,无所谓,,少于1年
273,106,社区居民,41岁及以上,,,,,,,,,,,,,,,,,,,,,,,,,,,,,,,,经常看到,没感觉,非常支持,否,"噪音/卫生问题,充电消防隐患",物业监督,不太愿意,,少于1年
250,212,社区居民,41岁及以上,,,,,,,,,,,,,,,,,,,,,,,,,,,,,,,,偶尔看到,影响美观,非常支持,是,充电消防隐患,"禁止吸烟,物业监督",愿意,,1-5年
18,286,社区居民,18-24岁,,,,,,,,,,,,,,,,,,,,,,,,,,,,,,,,偶尔看到,觉得辛苦,非常支持,是,充电消防隐患,"禁止吸烟,物业监督",愿意,,1-5年
149,341,社区居民,31-40岁,,,,,,,,,,,,,,,,,,,,,,,,,,,,,,,,偶尔看到,影响美观,比较支持,是,噪音/卫生问题,物业监督,无所谓,,5年以上
416,464,社区居民,18-24岁,,,,,,,,,,,,,,,,,,,,,,,,,,,,,,,,偶尔看到,觉得辛苦,比较支持,是,"充电消防隐患,噪音/卫生问题","物业监督,禁止吸烟",无所谓,,5年以上
345,473,社区居民,25-30岁,,,,,,,,,,,,,,,,,,,,,,,,,,,,,,,,经常看到,没感觉,非常支持,是,噪音/卫生问题,禁止吸烟,无所谓,,5年以上
291,477,社区居民,18-24岁,,,,,,,,,,,,,,,,,,,,,,,,,,,,,,,,很少看到,觉得辛苦,非常支持,是,充电消防隐患,"物业监督,禁止吸烟",愿意,,少于1年
221,299,社区居民,25-30岁,,,,,,,,,,,,,,,,,,,,,,,,,,,,,,,,偶尔看到,不希望聚集,非常支持,是,"充电消防隐患,噪音/卫生问题",禁止吸烟,愿意,,1-5年
500,412,社区居民,25-30岁,,,,,,,,,,,,,,,,,,,,,,,,,,,,,,,,经常看到,没感觉,非常支持,是,"噪音/卫生问题,充电消防隐患","物业监督,禁止吸烟",不太愿意,,少于1年
119,309,社区居民,31-40岁,,,,,,,,,,,,,,,,,,,,,,,,,,,,,,,,很少看到,不希望聚集,比较支持,是,充电消防隐患,禁止吸烟,无所谓,,1-5年
499,403,社区居民,41岁及以上,,,,,,,,,,,,,,,,,,,,,,,,,,,,,,,,经常看到,影响美观,不太支持,否,噪音/卫生问题,"禁止吸烟,物业监督",无所谓,,5年以上
54,281,社区居民,18-24岁,,,,,,,,,,,,,,,,,,,,,,,,,,,,,,,,经常看到,不希望聚集,不太支持,是,"充电消防隐患,噪音/卫生问题","禁止吸烟,物业监督",愿意,,1-5年
